a_o,ipat,clase_siniestro,fecha,hora,jornada,dia_semana,barrios_corregimiento_via,direccion,zona,autoridad,lat,long,hipotesis,codigo,condicion_de_la_victima,edad,genero,lesionados_y_muertos
2022.0,9329.0,CHOQUE,2022-10-30,14:20,TARDE,DOMINGO,SANTA RITA,CALLE 36 CARRERA 27,URBANA,TECNICO,"3,53263","-76,29703",SEMAFORO EN ROJO,142.0,NO APLICA,"78,0",MASCULINO,NO APLICA
2022.0,9325.0,CHOQUE,2022-10-29,09:20,MAÑANA,SÁBADO,VERSALLES,CARRERA 27 CALLE 43,URBANA,TECNICO,"3,53861","-76,29607",DESOBEDECER SEÑAL DE PARE,112.0,MOTOCICLISTA,"22,0",MASCULINO,LESIONADO
2022.0,9325.0,CHOQUE,2022-10-29,09:20,MAÑANA,SÁBADO,VERSALLES,CARRERA 27 CALLE 43,URBANA,TECNICO,"3,53861","-76,29607",DESOBEDECER SEÑAL DE PARE,112.0,NO APLICA,"53,0",MASCULINO,NO APLICA
2022.0,9327.0,CHOQUE,2022-10-30,06:30,MAÑANA,DOMINGO,CENTRO,CALLE 28 CARRERA 32,URBANA,TECNICO,"3,52585","-76,30269",SEMAFORO EN ROJO,142.0,ACOMPAÑANTE MOTOCICLISTA,"52,0",MASCULINO,LESIONADO
2022.0,9327.0,CHOQUE,2022-10-30,06:30,MAÑANA,DOMINGO,CENTRO,CALLE 28 CARRERA 32,URBANA,TECNICO,"3,52585","-76,30269",SEMAFORO EN ROJO,142.0,MOTOCICLISTA,"28,0",MASCULINO,LESIONADO
2022.0,9327.0,CHOQUE,2022-10-30,06:30,MAÑANA,DOMINGO,CENTRO,CALLE 28 CARRERA 32,URBANA,TECNICO,"3,52585","-76,30269",SEMAFORO EN ROJO,142.0,MOTOCICLISTA,"56,0",MASCULINO,LESIONADO
2022.0,9330.0,CHOQUE,2022-10-31,09:00,MAÑANA,LUNES,TRINIDAD,CALLE 28 CARRERA 24,URBANA,TECNICO,"3,52481","-76,29578",DESOBEDECER SEÑAL DE PARE,112.0,NO APLICA,"43,0",MASCULINO,NO APLICA
2022.0,9330.0,CHOQUE,2022-10-31,09:00,MAÑANA,LUNES,TRINIDAD,CALLE 28 CARRERA 24,URBANA,TECNICO,"3,52481","-76,29578",DESOBEDECER SEÑAL DE PARE,112.0,MOTOCICLISTA,"49,0",FEMENINO,LESIONADO
2022.0,9330.0,CHOQUE,2022-10-31,09:00,MAÑANA,LUNES,TRINIDAD,CALLE 28 CARRERA 24,URBANA,TECNICO,"3,52481","-76,29578",DESOBEDECER SEÑAL DE PARE,112.0,ACOMPAÑANTE MOTOCICLISTA,"29,0",MASCULINO,LESIONADO
2022.0,9331.0,CHOQUE,2022-10-31,13:30,TARDE,LUNES,CUIDADELA PALMIRA,TRASVERSAL 8 DIAGONAL 29,URBANA,TECNICO,"3,52334","-76,28328",DESOBEDECER SEÑAL DE PARE,112.0,MOTOCICLISTA,"71,0",MASCULINO,LESIONADO
2022.0,9331.0,CHOQUE,2022-10-31,13:30,TARDE,LUNES,CUIDADELA PALMIRA,TRASVERSAL 8 DIAGONAL 29,URBANA,TECNICO,"3,52334","-76,28328",DESOBEDECER SEÑAL DE PARE,112.0,NO APLICA,"61,0",MASCULINO,NO APLICA
2022.0,9332.0,CHOQUE,2022-10-31,20:15,NOCHE,LUNES,MERCEDES,CALLE 58 CARRERA 28,URBANA,TECNICO,"3,54873","-76,29487",CONDUCIR MUY SERCA DEL OTRO,157.0,MOTOCICLISTA,"22,0",MASCULINO,LESIONADO
2022.0,9332.0,CHOQUE,2022-10-31,20:15,NOCHE,LUNES,MERCEDES,CALLE 58 CARRERA 28,URBANA,TECNICO,"3,54873","-76,29487",CONDUCIR MUY SERCA DEL OTRO,157.0,MOTOCICLISTA,"16,0",MASCULINO,LESIONADO
2022.0,9334.0,CHOQUE,2022-11-02,14:00,TARDE,MIÉRCOLES,VERSALLES,CALLE 42 CARRERA 25,URBANA,TECNICO,"3,53756","-76,29452",SEMAFORO EN ROJO,142.0,MOTOCICLISTA,"60,0",MASCULINO,LESIONADO
2022.0,9334.0,CHOQUE,2022-11-02,14:00,TARDE,MIÉRCOLES,VERSALLES,CALLE 42 CARRERA 25,URBANA,TECNICO,"3,53756","-76,29452",SEMAFORO EN ROJO,142.0,NO APLICA,"19,0",MASCULINO,NO APLICA
2022.0,9335.0,CHOQUE,2022-11-02,13:00,TARDE,MIÉRCOLES,LLANO GRANDE,CALLE 42 CARRERA 49,URBANA,TECNICO,"3,53735","-76,31957",GIRAR BRUSCAMENTE,122.0,MOTOCICLISTA,"21,0",MASCULINO,LESIONADO
2022.0,9335.0,CHOQUE,2022-11-02,13:00,TARDE,MIÉRCOLES,LLANO GRANDE,CALLE 42 CARRERA 49,URBANA,TECNICO,"3,53735","-76,31957",GIRAR BRUSCAMENTE,122.0,MOTOCICLISTA,"73,0",MASCULINO,NO APLICA
2022.0,9336.0,CHOQUE,2022-11-02,13:30,TARDE,MIÉRCOLES,COLOMBINA,CALLE 18 CARRERA 31,URBANA,TECNICO,"3,5171","-76,30348",DESOBEDECER SEÑAL DE PARE,112.0,MOTOCICLISTA,"45,0",MASCULINO,LESIONADO
2022.0,9336.0,CHOQUE,2022-11-02,13:30,TARDE,MIÉRCOLES,COLOMBINA,CALLE 18 CARRERA 31,URBANA,TECNICO,"3,5171","-76,30348",DESOBEDECER SEÑAL DE PARE,112.0,NO APLICA,"65,0",FEMENINO,NO APLICA
2022.0,9337.0,CHOQUE,2022-11-02,13:50,TARDE,MIÉRCOLES,VIA AEROPUERTO ZOZA FRANCA PALMASECA,PUERTA 6,RURAL,TECNICO,"3,55091","-76,3868",INVADIR CARRIL SENTIDO CONTRARIO,157.0,CONDUCTOR,"29,0",MASCULINO,LESIONADO
2022.0,9337.0,CHOQUE,2022-11-02,13:50,TARDE,MIÉRCOLES,VIA AEROPUERTO ZOZA FRANCA PALMASECA,PUERTA 6,RURAL,TECNICO,"3,55091","-76,3868",INVADIR CARRIL SENTIDO CONTRARIO,157.0,ACOMPAÑANTE CONDUCTOR,"53,0",MASCULINO,LESIONADO
2022.0,9337.0,CHOQUE,2022-11-02,13:50,TARDE,MIÉRCOLES,VIA AEROPUERTO ZOZA FRANCA PALMASECA,PUERTA 6,RURAL,TECNICO,"3,55091","-76,3868",INVADIR CARRIL SENTIDO CONTRARIO,157.0,CONDUCTOR,"65,0",MASCULINO,LESIONADO
2022.0,9338.0,ATROPELLO,2022-11-02,17:30,TARDE,MIÉRCOLES,MUNICIPAL,CARRERA 1 CALLE 31-32,URBANA,TECNICO,"3,5255","-76,27799",POR ESTABLECER,157.0,NO APLICA,"67,0",MASCULINO,NO APLICA
2022.0,9338.0,ATROPELLO,2022-11-02,17:30,TARDE,MIÉRCOLES,MUNICIPAL,CARRERA 1 CALLE 31-32,URBANA,TECNICO,"3,5255","-76,27799",POR ESTABLECER,157.0,PEATÓN,"72,0",MASCULINO,LESIONADO
2022.0,9341.0,CHOQUE,2022-11-03,15:00,TARDE,JUEVES,OBRERO,CALLE 39 CARRERA 26,URBANA,TECNICO,"3,53534","-76,29583",DESOBEDECER SEÑAL DE PARE,112.0,MOTOCICLISTA,"28,0",MASCULINO,LESIONADO
2022.0,9341.0,CHOQUE,2022-11-03,15:00,TARDE,JUEVES,OBRERO,CALLE 39 CARRERA 26,URBANA,TECNICO,"3,53534","-76,29583",DESOBEDECER SEÑAL DE PARE,112.0,NO APLICA,"25,0",MASCULINO,NO APLICA
2022.0,9343.0,CHOQUE,2022-11-04,10:30,MAÑANA,VIERNES,RECREO,CALLE 26 CARRERA 21,URBANA,TECNICO,"3,52256","-76,29344",DESOBEDECER SEÑAL DE PARE,112.0,MOTOCICLISTA,"28,0",FEMENINO,LESIONADO
2022.0,9343.0,CHOQUE,2022-11-04,10:30,MAÑANA,VIERNES,RECREO,CALLE 26 CARRERA 21,URBANA,TECNICO,"3,52256","-76,29344",DESOBEDECER SEÑAL DE PARE,112.0,NO APLICA,"56,0",MASCULINO,NO APLICA
2022.0,9344.0,CHOQUE,2022-11-04,12:50,TARDE,VIERNES,CENTRO,CARRERA 29 CALLE 30 -31,URBANA,TECNICO,"3,52768","-76,29971",RECOGER PASAJEROS Y DEJAR EN SITIO DISTINTO,128.0,NO APLICA,"34,0",MASCULINO,NO APLICA
2022.0,9344.0,CHOQUE,2022-11-04,12:50,TARDE,VIERNES,CENTRO,CARRERA 29 CALLE 30 -31,URBANA,TECNICO,"3,52768","-76,29971",RECOGER PASAJEROS Y DEJAR EN SITIO DISTINTO,128.0,ACOMPAÑANTE MOTOCICLISTA,"43,0",MASCULINO,LESIONADO
2022.0,9344.0,CHOQUE,2022-11-04,12:50,TARDE,VIERNES,CENTRO,CARRERA 29 CALLE 30 -31,URBANA,TECNICO,"3,52768","-76,29971",RECOGER PASAJEROS Y DEJAR EN SITIO DISTINTO,128.0,NO APLICA,"43,0",MASCULINO,NO APLICA
2022.0,9345.0,CHOQUE,2022-11-04,18:30,NOCHE,VIERNES,LA ESPERANZA,CALLE 57 CARRERA 34B,URBANA,TECNICO,"3,54717","-76,30339",DESOBEDECER SEÑAL DE PARE,112.0,MOTOCICLISTA,"20,0",MASCULINO,LESIONADO
2022.0,9345.0,CHOQUE,2022-11-04,18:30,NOCHE,VIERNES,LA ESPERANZA,CALLE 57 CARRERA 34B,URBANA,TECNICO,"3,54717","-76,30339",DESOBEDECER SEÑAL DE PARE,112.0,MOTOCICLISTA,"19,0",MASCULINO,LESIONADO
2022.0,9346.0,CHOQUE,2022-11-05,10:10,MAÑANA,SÁBADO,ZAMORANO,CARRERA 31 CALLE 65-65A,URBANA,TECNICO,"3,55483","-76,29742",IMPERICIA EN EL MANEJO,139.0,ACOMPAÑANTE CICLISTA,"6,0",FEMENINO,LESIONADO
2022.0,9346.0,CHOQUE,2022-11-05,10:10,MAÑANA,SÁBADO,ZAMORANO,CARRERA 31 CALLE 65-65A,URBANA,TECNICO,"3,55483","-76,29742",IMPERICIA EN EL MANEJO,139.0,MOTOCICLISTA,"26,0",FEMENINO,LESIONADO
2022.0,9346.0,CHOQUE,2022-11-05,10:10,MAÑANA,SÁBADO,ZAMORANO,CARRERA 31 CALLE 65-65A,URBANA,TECNICO,"3,55483","-76,29742",IMPERICIA EN EL MANEJO,139.0,NO APLICA,"19,0",MASCULINO,NO APLICA
2022.0,9347.0,CHOQUE,2022-11-05,10:50,MAÑANA,SÁBADO,VIA CORONADO ROZO,AVENIDAD 9 18-125 CHARCO VERDE,RURAL,TECNICO,"3,58836","-76,35627",INVADIR CARRIL SENTIDO CONTRARIO,157.0,NO APLICA,"20,0",MASCULINO,NO APLICA
2022.0,9347.0,CHOQUE,2022-11-05,10:50,MAÑANA,SÁBADO,VIA CORONADO ROZO,AVENIDAD 9 18-125 CHARCO VERDE,RURAL,TECNICO,"3,58836","-76,35627",INVADIR CARRIL SENTIDO CONTRARIO,157.0,NO APLICA,"41,0",MASCULINO,NO APLICA
2022.0,9347.0,CHOQUE,2022-11-05,10:50,MAÑANA,SÁBADO,VIA CORONADO ROZO,AVENIDAD 9 18-125 CHARCO VERDE,RURAL,TECNICO,"3,58836","-76,35627",INVADIR CARRIL SENTIDO CONTRARIO,157.0,ACOMPAÑANTE CONDUCTOR,"23,0",MASCULINO,LESIONADO
2022.0,9347.0,CHOQUE,2022-11-05,10:50,MAÑANA,SÁBADO,VIA CORONADO ROZO,AVENIDAD 9 18-125 CHARCO VERDE,RURAL,TECNICO,"3,58836","-76,35627",INVADIR CARRIL SENTIDO CONTRARIO,157.0,ACOMPAÑANTE CONDUCTOR,"21,0",FEMENINO,LESIONADO
2022.0,9348.0,CHOQUE,2022-11-06,09:10,MAÑANA,DOMINGO,LIBERTADORES,CALLE 28 CARRERA 18,URBANA,TECNICO,"3,5243","-76,29073",DESOBEDECER SEÑAL DE PARE,112.0,MOTOCICLISTA,"24,0",FEMENINO,LESIONADO
2022.0,9348.0,CHOQUE,2022-11-06,09:10,MAÑANA,DOMINGO,LIBERTADORES,CALLE 28 CARRERA 18,URBANA,TECNICO,"3,5243","-76,29073",DESOBEDECER SEÑAL DE PARE,112.0,NO APLICA,"51,0",MASCULINO,NO APLICA
2022.0,9348.0,CHOQUE,2022-11-06,09:10,MAÑANA,DOMINGO,LIBERTADORES,CALLE 28 CARRERA 18,URBANA,TECNICO,"3,5243","-76,29073",DESOBEDECER SEÑAL DE PARE,112.0,ACOMPAÑANTE MOTOCICLISTA,"62,0",FEMENINO,LESIONADO
2022.0,9349.0,CHOQUE,2022-11-06,15:30,TARDE,DOMINGO,CENTRO,CALLE 31 CARRERA 31,URBANA,TECNICO,"3,52835","-76,30146",SEMAFORO EN ROJO,142.0,CONDUCTOR,"31,0",MASCULINO,LESIONADO
2022.0,9349.0,CHOQUE,2022-11-06,15:30,TARDE,DOMINGO,CENTRO,CALLE 31 CARRERA 31,URBANA,TECNICO,"3,52835","-76,30146",SEMAFORO EN ROJO,142.0,CONDUCTOR,"66,0",MASCULINO,LESIONADO
2022.0,9349.0,CHOQUE,2022-11-06,15:30,TARDE,DOMINGO,CENTRO,CALLE 31 CARRERA 31,URBANA,TECNICO,"3,52835","-76,30146",SEMAFORO EN ROJO,142.0,ACOMPAÑANTE CONDUCTOR,"29,0",FEMENINO,LESIONADO
2022.0,9340.0,CHOQUE,2022-11-03,12:00,TARDE,JUEVES,DELICIAS,CALLE 27 CARRERA 23,URBANA,TECNICO,"3,52385","-76,29507",DESOBEDECER SEÑAL DE PARE,112.0,NO APLICA,"43,0",MASCULINO,NO APLICA
2022.0,9340.0,CHOQUE,2022-11-03,12:00,TARDE,JUEVES,DELICIAS,CALLE 27 CARRERA 23,URBANA,TECNICO,"3,52385","-76,29507",DESOBEDECER SEÑAL DE PARE,112.0,MOTOCICLISTA,"28,0",FEMENINO,LESIONADO
2022.0,9340.0,CHOQUE,2022-11-03,12:00,TARDE,JUEVES,DELICIAS,CALLE 27 CARRERA 23,URBANA,TECNICO,"3,52385","-76,29507",DESOBEDECER SEÑAL DE PARE,112.0,MOTOCICLISTA,"17,0",MASCULINO,LESIONADO
2022.0,9350.0,CHOQUE,2022-11-06,21:20,NOCHE,DOMINGO,BARRIO NUEVO,CALLE 24 CARRERA 29,URBANA,TECNICO,"3,52204","-76,30057",DESOBEDECER SEÑAL DE PARE,112.0,ACOMPAÑANTE MOTOCICLISTA,"26,0",FEMENINO,LESIONADO
2022.0,9350.0,CHOQUE,2022-11-06,21:20,NOCHE,DOMINGO,BARRIO NUEVO,CALLE 24 CARRERA 29,URBANA,TECNICO,"3,52204","-76,30057",DESOBEDECER SEÑAL DE PARE,112.0,NO APLICA,"25,0",MASCULINO,NO APLICA
2022.0,9350.0,CHOQUE,2022-11-06,21:20,NOCHE,DOMINGO,BARRIO NUEVO,CALLE 24 CARRERA 29,URBANA,TECNICO,"3,52204","-76,30057",DESOBEDECER SEÑAL DE PARE,112.0,MOTOCICLISTA,"29,0",MASCULINO,LESIONADO
2022.0,9351.0,CHOQUE,2022-11-07,22:10,NOCHE,LUNES,CENTRO,CALLE 28 CARRERA 31,URBANA,TECNICO,"3,52574","-76,30195",SEMAFORO EN ROJO,142.0,MOTOCICLISTA,"26,0",MASCULINO,LESIONADO
2022.0,9351.0,CHOQUE,2022-11-07,22:10,NOCHE,LUNES,CENTRO,CALLE 28 CARRERA 31,URBANA,TECNICO,"3,52574","-76,30195",SEMAFORO EN ROJO,142.0,NO APLICA,"26,0",MASCULINO,NO APLICA
2022.0,9351.0,CHOQUE,2022-11-07,22:10,NOCHE,LUNES,CENTRO,CALLE 28 CARRERA 31,URBANA,TECNICO,"3,52574","-76,30195",SEMAFORO EN ROJO,142.0,MOTOCICLISTA,"31,0",FEMENINO,LESIONADO
2022.0,9353.0,CHOQUE,2022-11-09,16:40,TARDE,MIÉRCOLES,SANTA BARBARA,CALLE 26 CARRERA 44 -45,URBANA,TECNICO,"3,52656","-76,31595",NO ESTAR PENDIENTE DE LA VIA,157.0,ACOMPAÑANTE CONDUCTOR,"21,0",FEMENINO,LESIONADO
2022.0,9353.0,CHOQUE,2022-11-09,16:40,TARDE,MIÉRCOLES,SANTA BARBARA,CALLE 26 CARRERA 44 -45,URBANA,TECNICO,"3,52656","-76,31595",NO ESTAR PENDIENTE DE LA VIA,157.0,CONDUCTOR,"21,0",FEMENINO,LESIONADO
2022.0,9353.0,CHOQUE,2022-11-09,16:40,TARDE,MIÉRCOLES,SANTA BARBARA,CALLE 26 CARRERA 44 -45,URBANA,TECNICO,"3,52656","-76,31595",NO ESTAR PENDIENTE DE LA VIA,157.0,NO APLICA,"33,0",MASCULINO,NO APLICA
2022.0,9353.0,CHOQUE,2022-11-09,16:40,TARDE,MIÉRCOLES,SANTA BARBARA,CALLE 26 CARRERA 44 -45,URBANA,TECNICO,"3,52656","-76,31595",NO ESTAR PENDIENTE DE LA VIA,157.0,ACOMPAÑANTE CONDUCTOR,"22,0",FEMENINO,LESIONADO
2022.0,9356.0,CHOQUE,2022-11-11,18:00,NOCHE,VIERNES,LOS MANGOS,CALLE 70 CARRERA 29A,URBANA,TECNICO,"3,55775","-76,29422",DESOBEDECER SEÑAL DE PARE,112.0,CONDUCTOR,"34,0",MASCULINO,LESIONADO
2022.0,9356.0,CHOQUE,2022-11-11,18:00,NOCHE,VIERNES,LOS MANGOS,CALLE 70 CARRERA 29A,URBANA,TECNICO,"3,55775","-76,29422",DESOBEDECER SEÑAL DE PARE,112.0,NO APLICA,"27,0",FEMENINO,NO APLICA
2022.0,9357.0,CHOQUE,2022-11-12,11:00,MAÑANA,SÁBADO,COLOMBIA,CALLE 35 CARRERA 29,URBANA,TECNICO,"3,53208","-76,29898",DESOBEDECER SEÑAL DE PARE,112.0,ACOMPAÑANTE CONDUCTOR,"55,0",FEMENINO,LESIONADO
2022.0,9357.0,CHOQUE,2022-11-12,11:00,MAÑANA,SÁBADO,COLOMBIA,CALLE 35 CARRERA 29,URBANA,TECNICO,"3,53208","-76,29898",DESOBEDECER SEÑAL DE PARE,112.0,NO APLICA,"53,0",MASCULINO,NO APLICA
2022.0,9357.0,CHOQUE,2022-11-12,11:00,MAÑANA,SÁBADO,COLOMBIA,CALLE 35 CARRERA 29,URBANA,TECNICO,"3,53208","-76,29898",DESOBEDECER SEÑAL DE PARE,112.0,NO APLICA,"58,0",FEMENINO,NO APLICA
2022.0,9359.0,CHOQUE OBJETO FIJO POSTE,2022-11-11,02:30,MADRUGADA,VIERNES,SANTA RITA,CALLE 36 CARRERA 30-75,URBANA,TECNICO,"3,5331","-76,30007",PERDIDA DEL CONTROL DEL VEHICULO,157.0,ACOMPAÑANTE CONDUCTOR,"32,0",MASCULINO,LESIONADO
2022.0,9359.0,CHOQUE OBJETO FIJO POSTE,2022-11-11,02:30,MADRUGADA,VIERNES,SANTA RITA,CALLE 36 CARRERA 30-75,URBANA,TECNICO,"3,5331","-76,30007",PERDIDA DEL CONTROL DEL VEHICULO,157.0,ACOMPAÑANTE CONDUCTOR,"31,0",FEMENINO,LESIONADO
2022.0,9359.0,CHOQUE OBJETO FIJO POSTE,2022-11-11,02:30,MADRUGADA,VIERNES,SANTA RITA,CALLE 36 CARRERA 30-75,URBANA,TECNICO,"3,5331","-76,30007",PERDIDA DEL CONTROL DEL VEHICULO,157.0,NO APLICA,"25,0",MASCULINO,NO APLICA
2022.0,9360.0,CHOQUE,2022-11-14,10:50,MAÑANA,LUNES,CENTRO,CALLE 31 CARRRA 32,URBANA,TECNICO,"3,52851","-76,30228",SEMAFORO EN ROJO,142.0,NO APLICA,"42,0",MASCULINO,NO APLICA
2022.0,9360.0,CHOQUE,2022-11-14,10:50,MAÑANA,LUNES,CENTRO,CALLE 31 CARRRA 32,URBANA,TECNICO,"3,52851","-76,30228",SEMAFORO EN ROJO,142.0,MOTOCICLISTA,"52,0",MASCULINO,LESIONADO
2022.0,9361.0,CHOQUE,2022-11-14,21:10,NOCHE,LUNES,VIA PLAMIRA TIENDA NUEVA,KM 10 + 600 MTS,RURAL,TECNICO,"3,55627","-76,23542",INVADIR CARRIL SENTIDO CONTRARIO,157.0,NO APLICA,"40,0",MASCULINO,NO APLICA
2022.0,9361.0,CHOQUE,2022-11-14,21:10,NOCHE,LUNES,VIA PLAMIRA TIENDA NUEVA,KM 10 + 600 MTS,RURAL,TECNICO,"3,55627","-76,23542",INVADIR CARRIL SENTIDO CONTRARIO,157.0,MOTOCICLISTA,"29,0",MASCULINO,LESIONADO
2022.0,9362.0,CHOQUE,2022-11-15,06:25,MAÑANA,MARTES,BARRIO NUEVO,CALLE 20 CARRERA 31,URBANA,TECNICO,"3,51893","-76,30312",DESOBEDECER SEÑAL DE PARE,112.0,MOTOCICLISTA,"39,0",MASCULINO,LESIONADO
2022.0,9362.0,CHOQUE,2022-11-15,06:25,MAÑANA,MARTES,BARRIO NUEVO,CALLE 20 CARRERA 31,URBANA,TECNICO,"3,51893","-76,30312",DESOBEDECER SEÑAL DE PARE,112.0,NO APLICA,"40,0",MASCULINO,NO APLICA
2022.0,9363.0,CHOQUE,2022-11-15,06:50,MAÑANA,MARTES,VIA PALMIRA TABLONES,KM 12,RURAL,TECNICO,"3,56063","-76,2329",INVADIR CARRIL SENTIDO CONTRARIO,157.0,MOTOCICLISTA,"30,0",MASCULINO,LESIONADO
2022.0,9363.0,CHOQUE,2022-11-15,06:50,MAÑANA,MARTES,VIA PALMIRA TABLONES,KM 12,RURAL,TECNICO,"3,56063","-76,2329",INVADIR CARRIL SENTIDO CONTRARIO,157.0,MOTOCICLISTA,"21,0",FEMENINO,LESIONADO
2022.0,9364.0,CHOQUE,2022-11-15,07:30,MAÑANA,MARTES,OBRERO,CALLE 33 CARRERA 24,URBANA,TECNICO,"3,52987","-76,29517",DESOBEDECER SEÑAL DE PARE,112.0,ACOMPAÑANTE CONDUCTOR,"25,0",FEMENINO,LESIONADO
2022.0,9364.0,CHOQUE,2022-11-15,07:30,MAÑANA,MARTES,OBRERO,CALLE 33 CARRERA 24,URBANA,TECNICO,"3,52987","-76,29517",DESOBEDECER SEÑAL DE PARE,112.0,NO APLICA,"45,0",FEMENINO,NO APLICA
2022.0,9364.0,CHOQUE,2022-11-15,07:30,MAÑANA,MARTES,OBRERO,CALLE 33 CARRERA 24,URBANA,TECNICO,"3,52987","-76,29517",DESOBEDECER SEÑAL DE PARE,112.0,CONDUCTOR,"54,0",FEMENINO,LESIONADO
2022.0,9364.0,CHOQUE,2022-11-15,07:30,MAÑANA,MARTES,OBRERO,CALLE 33 CARRERA 24,URBANA,TECNICO,"3,52987","-76,29517",DESOBEDECER SEÑAL DE PARE,112.0,ACOMPAÑANTE CONDUCTOR,"53,0",FEMENINO,LESIONADO
2022.0,9365.0,CHOQUE,2022-11-15,20:30,NOCHE,MARTES,INDUSTRIAL,CALLE 42 CARRERA 35,URBANA,TECNICO,"3,53875","-76,30678",GIRAR BRUSCAMENTE,122.0,NO APLICA,"17,0",MASCULINO,NO APLICA
2022.0,9365.0,CHOQUE,2022-11-15,20:30,NOCHE,MARTES,INDUSTRIAL,CALLE 42 CARRERA 35,URBANA,TECNICO,"3,53875","-76,30678",GIRAR BRUSCAMENTE,122.0,NO APLICA,"21,0",MASCULINO,NO APLICA
2022.0,9365.0,CHOQUE,2022-11-15,20:30,NOCHE,MARTES,INDUSTRIAL,CALLE 42 CARRERA 35,URBANA,TECNICO,"3,53875","-76,30678",GIRAR BRUSCAMENTE,122.0,ACOMPAÑANTE MOTOCICLISTA,"18,0",FEMENINO,LESIONADO
2022.0,9368.0,CHOQUE,2022-11-16,13:30,TARDE,MIÉRCOLES,EMILIA,CALLE 39 CARRERA 37,URBANA,TECNICO,"3,53608","-76,30782",ARRANCAR SIN PRECAUCION,145.0,MOTOCICLISTA,"25,0",MASCULINO,LESIONADO
2022.0,9368.0,CHOQUE,2022-11-16,13:30,TARDE,MIÉRCOLES,EMILIA,CALLE 39 CARRERA 37,URBANA,TECNICO,"3,53608","-76,30782",ARRANCAR SIN PRECAUCION,145.0,NO APLICA,"29,0",MASCULINO,NO APLICA
2022.0,9369.0,CHOQUE,2022-11-18,11:20,MAÑANA,VIERNES,ALAMEDA,CALLE 69 CARRERA 26,URBANA,TECNICO,"3,55462","-76,2892",DESOBEDECER SEÑAL DE PARE,112.0,MOTOCICLISTA,"20,0",MASCULINO,LESIONADO
2022.0,9369.0,CHOQUE,2022-11-18,11:20,MAÑANA,VIERNES,ALAMEDA,CALLE 69 CARRERA 26,URBANA,TECNICO,"3,55462","-76,2892",DESOBEDECER SEÑAL DE PARE,112.0,NO APLICA,"54,0",MASCULINO,NO APLICA
2022.0,9370.0,CHOQUE OBJETO FIJO SARDINEL,2022-11-20,01:15,MADRUGADA,DOMINGO,MERCEDES,CALLE 65 CARRERA 26 - 26A,URBANA,TECNICO,"3,55139","-76,29052",CARÁCTER AVERIGUATORIO,157.0,MOTOCICLISTA,"40,0",MASCULINO,LESIONADO
2022.0,9355.0,CHOQUE,2022-11-11,09:15,MAÑANA,VIERNES,SAN PEDRO,CALLE 35 CARRERA 17,URBANA,TECNICO,"3,53116","-76,28879",DESOBEDECER SEÑAL DE PARE,112.0,MOTOCICLISTA,"32,0",FEMENINO,LESIONADO
2022.0,9355.0,CHOQUE,2022-11-11,09:15,MAÑANA,VIERNES,SAN PEDRO,CALLE 35 CARRERA 17,URBANA,TECNICO,"3,53116","-76,28879",DESOBEDECER SEÑAL DE PARE,112.0,NO APLICA,"29,0",MASCULINO,NO APLICA
2022.0,9366.0,CHOQUE,2022-11-17,22:10,NOCHE,JUEVES,MERCEDES,CARRERA 28 CALLE 58,URBANA,TECNICO,"3,54878","-76,29486",MAL USO DEL CARRIL,157.0,MOTOCICLISTA,"33,0",MASCULINO,LESIONADO
2022.0,9366.0,CHOQUE,2022-11-17,22:10,NOCHE,JUEVES,MERCEDES,CARRERA 28 CALLE 58,URBANA,TECNICO,"3,54878","-76,29486",MAL USO DEL CARRIL,157.0,NO APLICA,"32,0",MASCULINO,NO APLICA
2022.0,9367.0,CHOQUE,2022-11-17,07:30,MAÑANA,JUEVES,CENTRO,CALLE 32 CARRERA 26,URBANA,TECNICO,"3,52848","-76,29692",DESOBEDECER SEÑAL DE PARE,112.0,NO APLICA,"29,0",MASCULINO,NO APLICA
2022.0,9367.0,CHOQUE,2022-11-17,07:30,MAÑANA,JUEVES,CENTRO,CALLE 32 CARRERA 26,URBANA,TECNICO,"3,52848","-76,29692",DESOBEDECER SEÑAL DE PARE,112.0,MOTOCICLISTA,"71,0",MASCULINO,LESIONADO
2022.0,9373.0,CHOQUE,2022-11-20,15:10,TARDE,DOMINGO,SANTA TERESITA,CARRERA 42 CALLE 47-47,URBANA,TECNICO,"3,54232","-76,31315",PONER EN MARCHA UN VEHICULO SIN LAS MEDIDAS DE PRECAUCION,143.0,MOTOCICLISTA,"39,0",FEMENINO,LESIONADO
2022.0,9373.0,CHOQUE,2022-11-20,15:10,TARDE,DOMINGO,SANTA TERESITA,CARRERA 42 CALLE 47-47,URBANA,TECNICO,"3,54232","-76,31315",PONER EN MARCHA UN VEHICULO SIN LAS MEDIDAS DE PRECAUCION,143.0,NO APLICA,"42,0",FEMENINO,NO APLICA