a_o,ipat,clase_siniestro,fecha,hora,jornada,dia_semana,barrios_corregimiento_via,direccion,zona,autoridad,lat,long,hipotesis,codigo,condicion_de_la_victima,edad,genero,lesionados_y_muertos
2022.0,9374.0,ATROPELLO,2022-11-20,17:00,MAÑANA,DOMINGO,VEREDA CALAMAR,CASA 0 KM - 781,RURAL,TECNICO,"3,60118","-76,25764",IMPERICIA EN EL MANEJO,139.0,NO APLICA,"31,0",FEMENINO,NO APLICA
2022.0,9374.0,ATROPELLO,2022-11-20,17:00,MAÑANA,DOMINGO,VEREDA CALAMAR,CASA 0 KM - 781,RURAL,TECNICO,"3,60118","-76,25764",IMPERICIA EN EL MANEJO,139.0,PEATÓN,"7,0",MASCULINO,LESIONADO
2022.0,9379.0,CHOQUE,2022-11-24,18:45,NOCHE,JUEVES,DANUBIO,CARRERA 18 CALLE 34A,URBANA,TECNICO,"3,5306","-76,28955",HACER MAL USO DEL CARRIL,157.0,CICLISTA,"81,0",MASCULINO,LESIONADO
2022.0,9379.0,CHOQUE,2022-11-24,18:45,NOCHE,JUEVES,DANUBIO,CARRERA 18 CALLE 34A,URBANA,TECNICO,"3,5306","-76,28955",HACER MAL USO DEL CARRIL,157.0,NO APLICA,"26,0",MASCULINO,NO APLICA
2022.0,9382.0,ATROPELLO,2022-11-26,09:35,MAÑANA,SÁBADO,CENTRO,CARRERA 26 CALLE 28-06,URBANA,TECNICO,"3,52508","-76,29747",PONER EN MARCHA UN VEHICULO SIN LAS MEDIDAS DE PRECAUCION,145.0,PEATÓN,"33,0",MASCULINO,LESIONADO
2022.0,9382.0,ATROPELLO,2022-11-26,09:35,MAÑANA,SÁBADO,CENTRO,CARRERA 26 CALLE 28-06,URBANA,TECNICO,"3,52508","-76,29747",PONER EN MARCHA UN VEHICULO SIN LAS MEDIDAS DE PRECAUCION,145.0,NO APLICA,"42,0",MASCULINO,NO APLICA
2022.0,9383.0,CHOQUE,2022-11-26,21:40,NOCHE,SÁBADO,LORETO,CALLE 37 CARRERA 35,URBANA,TECNICO,"3,53485","-76,30588",ADELANTAR POR LA DERECHA,102.0,NO APLICA,"43,0",MASCULINO,NO APLICA
2022.0,9383.0,CHOQUE,2022-11-26,21:40,NOCHE,SÁBADO,LORETO,CALLE 37 CARRERA 35,URBANA,TECNICO,"3,53485","-76,30588",ADELANTAR POR LA DERECHA,102.0,MOTOCICLISTA,"18,0",MASCULINO,LESIONADO
2022.0,9377.0,CHOQUE,2022-11-22,16:25,TARDE,MARTES,BERLIN,CALLE 42 CARRERA 31 -42,URBANA,TECNICO,"3,53828","-76,30037",GIRAR BRUSCAMENTE,122.0,MOTOCICLISTA,"42,0",MASCULINO,LESIONADO
2022.0,9377.0,CHOQUE,2022-11-22,16:25,TARDE,MARTES,BERLIN,CALLE 42 CARRERA 31 -42,URBANA,TECNICO,"3,53828","-76,30037",GIRAR BRUSCAMENTE,122.0,NO APLICA,"51,0",MASCULINO,NO APLICA
2022.0,9377.0,CHOQUE,2022-11-22,16:25,TARDE,MARTES,BERLIN,CALLE 42 CARRERA 31 -42,URBANA,TECNICO,"3,53828","-76,30037",GIRAR BRUSCAMENTE,122.0,ACOMPAÑANTE MOTOCICLISTA,"44,0",FEMENINO,LESIONADO
2022.0,9384.0,ATROPELLO,2022-11-28,00:30,MADRUGADA,LUNES,CAÑAMIEL,CALLE 43 CARRERA 23-55,URBANA,TECNICO,"3,53941","-76,29319",EMBRIAGUEZ,115.0,NO APLICA,"61,0",MASCULINO,NO APLICA
2022.0,9384.0,ATROPELLO,2022-11-28,00:30,MADRUGADA,LUNES,CAÑAMIEL,CALLE 43 CARRERA 23-55,URBANA,TECNICO,"3,53941","-76,29319",EMBRIAGUEZ,115.0,PEATÓN,"47,0",MASCULINO,LESIONADO
2022.0,9386.0,CHOQUE,2022-11-29,17:00,TARDE,MARTES,PRIMERO DE MAYO,CALLE 41 CARRERA 13,URBANA,TECNICO,"3,53636","-76,28573",DESOBEDECER SEÑAL DE PARE,112.0,MOTOCICLISTA,"28,0",MASCULINO,LESIONADO
2022.0,9386.0,CHOQUE,2022-11-29,17:00,TARDE,MARTES,PRIMERO DE MAYO,CALLE 41 CARRERA 13,URBANA,TECNICO,"3,53636","-76,28573",DESOBEDECER SEÑAL DE PARE,112.0,NO APLICA,"28,0",MASCULINO,NO APLICA
2022.0,9387.0,CHOQUE,2022-11-30,17:00,TARDE,MIÉRCOLES,ALAMEDA,CARRERA 27A CALLE 69C,URBANA,TECNICO,"3,55605","-76,29103",DESOBEDECER SEÑAL DE PARE,112.0,MOTOCICLISTA,"21,0",MASCULINO,LESIONADO
2022.0,9387.0,CHOQUE,2022-11-30,17:00,TARDE,MIÉRCOLES,ALAMEDA,CARRERA 27A CALLE 69C,URBANA,TECNICO,"3,55605","-76,29103",DESOBEDECER SEÑAL DE PARE,112.0,NO APLICA,"40,0",MASCULINO,NO APLICA
2022.0,9387.0,CHOQUE,2022-11-30,17:00,TARDE,MIÉRCOLES,ALAMEDA,CARRERA 27A CALLE 69C,URBANA,TECNICO,"3,55605","-76,29103",DESOBEDECER SEÑAL DE PARE,112.0,ACOMPAÑANTE MOTOCICLISTA,"52,0",FEMENINO,LESIONADO
2022.0,9389.0,VOLCAMIENTO,2022-11-30,23:20,NOCHE,MIÉRCOLES,VERSALLES,CALLE 42 CARRERA 27,URBANA,TECNICO,"3,53788","-76,29617",PERDIDA DEL CONTROL DEL VEHICULO,157.0,MOTOCICLISTA,"31,0",MASCULINO,LESIONADO
2022.0,9389.0,VOLCAMIENTO,2022-11-30,23:20,NOCHE,MIÉRCOLES,VERSALLES,CALLE 42 CARRERA 27,URBANA,TECNICO,"3,53788","-76,29617",PERDIDA DEL CONTROL DEL VEHICULO,157.0,ACOMPAÑANTE MOTOCICLISTA,"31,0",FEMENINO,LESIONADO
2022.0,9389.0,VOLCAMIENTO,2022-11-30,23:20,NOCHE,MIÉRCOLES,VERSALLES,CALLE 42 CARRERA 27,URBANA,TECNICO,"3,53788","-76,29617",PERDIDA DEL CONTROL DEL VEHICULO,157.0,ACOMPAÑANTE MOTOCICLISTA,"27,0",FEMENINO,LESIONADO
2022.0,DITRA,CHOQUE,2022-02-10,07:50,MAÑANA,JUEVES,VIA PALMASECA EL CERRITO,KM 7 + 60 MTS,RURAL,POLICIA,"3,56643","-76,41105",NO RESPETAR PRELACIÓN,132.0,MOTOCICLISTA,"51,0",MASCULINO,MUERTO
2022.0,8895.0,CHOQUE,2022-05-15,23:05,NOCHE,DOMINGO,CAMPESTRE,CALLE 42 CARRERA 6-03,URBANA,TECNICO,"3,5369","-76,28017",IMPERICIA EN EL MANEJO,139,MOTOCICLISTA,"35,0",MASCULINO,LESIONADO
2022.0,8962.0,CHOQUE,2022-06-03,06:10,MAÑANA,VIERNES,CENTRO POBLADO POTRERILLO,AVENIDAD 4 CALLE 5,RURAL,TECNICO,"3,55422","-76,20129",FRENAR BRUSCAMENTE,119.0,NO APLICA,"31,0",MASCULINO,NO APLICA
2022.0,8804.0,CHOQUE,2022-04-19,12:10,TARDE,MARTES,CORONADO,CARRERA 35 CALLE 55,URBANA,TECNICO,"3,54673","-76,31018",ARRANCAR SIN PRECAUCION,145,NO APLICA,"23,0",MASCULINO,NO APLICA
2022.0,8845.0,CHOQUE,2022-05-01,12:30,TARDE,DOMINGO,LA VEGA,CALLE 38 CARRERA 13,URBANA,TECNICO,"3,53413","-76,2858",DESOBEDECER SEÑAL DE PARE,112,MOTOCICLISTA,"20,0",FEMENINO,LESIONADO
2022.0,8895.0,CHOQUE,2022-05-15,23:05,NOCHE,DOMINGO,CAMPESTRE,CALLE 42 CARRERA 6-03,URBANA,TECNICO,"3,5369","-76,28017",IMPERICIA EN EL MANEJO,139,NO APLICA,"43,0",FEMENINO,NO APLICA
2022.0,9190.0,CHOQUE,2022-08-17,05:00,MADRUGADA,MIÉRCOLES,CUIDAD DEL CAMPO,CALLE 100 CARRERA 16-126,RURAL,TECNICO,"3,4563","-76,46926",REALIZAR MAL USO DEL CARRIL,157,ACOMPAÑANTE CONDUCTOR,"54,0",FEMENINO,LESIONADO
2022.0,9133.0,CHOQUE,2022-07-26,10:00,MAÑANA,MARTES,VIA CORONADO ROZO,KM 1,RURAL,TECNICO,"3,56343","-76,31055",PERDIDA DEL CONTROL DEL VEHICULO,157.0,MOTOCICLISTA,"66,0",MASCULINO,LESIONADO
2022.0,8762.0,CHOQUE,2022-04-04,11:50,MAÑANA,LUNES,COLOMBINA,CALLE 28 CARRERA 19,URBANA,TECNICO,"3,5243","-76,29069",PONER EN MARCHA UN VEHICULO SIN LAS MEDIDAS DE PRECAUCION,143.0,MOTOCICLISTA,"48,0",MASCULINO,LESIONADO
2022.0,8665.0,CHOQUE,2022-03-08,12:30,TARDE,MARTES,VERSALLES,CALLE 42 CARRERA 28,URBANA,TECNICO,"3,53785","-76,29721",NO ESTAR PENDIENTE DE LA VIA,157.0,NO APLICA,"45,0",MASCULINO,NO APLICA
2022.0,8672.0,CHOQUE,2022-03-10,20:30,NOCHE,JUEVES,TRINIDAD,CALLE 29 CARRERA 23,URBANA,TECNICO,"3,52554","-76,29489",DESOBEDECER SEÑAL DE PARE,112.0,NO APLICA,"39,0",MASCULINO,NO APLICA
2022.0,9174.0,CHOQUE,2022-08-12,17:15,TARDE,VIERNES,SAN PEDRO,CALLE 34 CARRERA 17,URBANA,TECNICO,"3,53004","-76,28864",ARRANCAR SIN PRECAUCION,145.0,NO APLICA,"41,0",MASCULINO,NO APLICA
2022.0,8668.0,CHOQUE,2022-03-08,13:15,TARDE,MARTES,SANTA BARBARA,CALLE 31 CARRERA 42-44,URBANA,TECNICO,"3,53001","-76,314",INVADIR LINEA CONTINUA,157.0,MOTOCICLISTA,"25,0",MASCULINO,LESIONADO
2022.0,9075.0,CHOQUE,2022-07-05,18:00,NOCHE,MARTES,LOS PINOS,CALLE 42 CARRERA 25-29,URBANA,TECNICO,"3,53768","-76,2948",NO MANTENER DISTANCIA SEGURIDAD,121.0,MOTOCICLISTA,"49,0",MASCULINO,LESIONADO
2022.0,8728.0,CHOQUE,2022-03-25,14:30,TARDE,VIERNES,PRADO,CALLE 40 CARRERA 40-37,URBANA,TECNICO,"3,53642","-76,31062",NO ESTAR PENDIENTE DE LA VIA,157.0,ACOMPAÑANTE MOTOCICLISTA,"24,0",FEMENINO,LESIONADO
2022.0,8981.0,CHOQUE,2022-06-07,21:00,NOCHE,MARTES,COLOMBIA,CALLE 42 CARERA 34,URBANA,TECNICO,"3,53861","-76,30265",NO SABER MANIOBRAR EN UNA SITUACION DE PELIGRO,157.0,MOTOCICLISTA,"53,0",FEMENINO,LESIONADO
2022.0,9147.0,CHOQUE,2022-07-30,13:20,TARDE,SÁBADO,SANTA RITA,CALLE 35 CARRERA 27,URBANA,TECNICO,"3,53182","-76,29715",DESOBEDECER SEÑAL DE PARE,112.0,NO APLICA,"26,0",FEMENINO,NO APLICA
2022.0,8723.0,CHOQUE,2022-03-23,11:00,MAÑANA,MIÉRCOLES,VIA PALMIRA LA ZAPATA,KM 11 + 400 MTS,RURAL,TECNICO,"3,54824","-76,19262",NO ESTAR PENDIENTE DE LA VIA,157.0,MOTOCICLISTA,"22,0",MASCULINO,LESIONADO
2022.0,8728.0,CHOQUE,2022-03-25,14:30,TARDE,VIERNES,PRADO,CALLE 40 CARRERA 40-37,URBANA,TECNICO,"3,53642","-76,31062",NO ESTAR PENDIENTE DE LA VIA,157.0,NO APLICA,"25,0",MASCULINO,NO APLICA
2022.0,8880.0,CHOQUE,2022-05-10,09:45,MAÑANA,MARTES,SEMBRADOR,CALLE 23 CARRERA 23,URBANA,TECNICO,"3,52071","-76,29499",ARRANCAR SIN PRECAUCION,145,MOTOCICLISTA,"21,0",MASCULINO,LESIONADO
2022.0,8981.0,CHOQUE,2022-06-07,21:00,NOCHE,MARTES,COLOMBIA,CALLE 42 CARERA 34,URBANA,TECNICO,"3,53861","-76,30265",NO SABER MANIOBRAR EN UNA SITUACION DE PELIGRO,157.0,NO APLICA,"28,0",MASCULINO,NO APLICA
2022.0,9005.0,CHOQUE,2022-06-15,15:15,TARDE,MIÉRCOLES,LA TRINIDAD,CALLE 31 CARRERA 23,URBANA,TECNICO,"3,5275","-76,29525",ADELANTAR POR LA DERECHA,102.0,NO APLICA,"34,0",MASCULINO,NO APLICA
2022.0,9070.0,CHOQUE,2022-07-03,12:00,TARDE,DOMINGO,DELICIAS,CALLE 27 CARRERA 27,URBANA,TECNICO,"3,52434","-76,29855",DESOBEDECER SEÑAL DE PARE,112.0,NO APLICA,"21,0",MASCULINO,NO APLICA
2022.0,8114.0,CHOQUE,2022-07-19,15:15,TARDE,MARTES,COLOMBIA,CALLE 35 CARRERA 31,URBANA,TECNICO,"3,53236","-76,3008",DESOBEDECER SEÑAL DE PARE,112.0,MOTOCICLISTA,"22,0",MASCULINO,LESIONADO
2022.0,9210.0,CHOQUE,2022-09-01,20:20,NOCHE,JUEVES,TRINIDAD,CALLE 29 CARRERA 24,URBANA,TECNICO,"3,52562","-76,29569",SEMAFORO EN ROJO,142.0,MOTOCICLISTA,"24,0",MASCULINO,LESIONADO
2022.0,9250.0,CHOQUE,2022-09-23,17:20,TARDE,VIERNES,URIBE,CALLE 33 CARRERA 21,URBANA,TECNICO,"3,52946","-76,29261",DESOBEDECER SEÑAL DE PARE,112.0,MOTOCICLISTA,"35,0",MASCULINO,LESIONADO
2022.0,9250.0,CHOQUE,2022-09-23,17:20,TARDE,VIERNES,URIBE,CALLE 33 CARRERA 21,URBANA,TECNICO,"3,52946","-76,29261",DESOBEDECER SEÑAL DE PARE,112.0,ACOMPAÑANTE MOTOCICLISTA,"6,0",MASCULINO,LESIONADO
2022.0,9297.0,CHOQUE,2022-10-12,16:40,TARDE,MIÉRCOLES,IGNACIO TORRES,CARRERA 39 CALLE 49,URBANA,TECNICO,"3,54376","-76,31084",PONER EN MARCHA UN VEHICULO SIN LAS MEDIDAS DE PRECAUCION,143.0,ACOMPAÑANTE MOTOCICLISTA,"33,0",FEMENINO,LESIONADO
2022.0,9124.0,ATROPELLO,2022-07-22,14:20,TARDE,VIERNES,RECREO,CALLE 22 CARRERA 24A,URBANA,TECNICO,"3,51984","-76,29665",POR ESTABLECER,157.0,NO APLICA,"38,0",FEMENINO,NO APLICA
2022.0,8581.0,CHOQUE,2022-02-12,14:05,TARDE,SÁBADO,RIVERA ESCOBAR,CARRERA 35 CALLE 32 A,URBANA,TECNICO,"3,53036","-76,3054",PONER EN MARCHA UN VEHICULO SIN LAS MEDIDAS DE PRECAUCION,143.0,MOTOCICLISTA,"41,0",MASCULINO,LESIONADO
2022.0,8599.0,CHOQUE,2022-02-19,10:45,MAÑANA,SÁBADO,RIVERA ESCOBAR,CALLE 31 CARRERA 31-74,URBANA,TECNICO,"3,52841","-76,30179",ADELANTAR ZONA PROHIBIDAD,105.0,MOTOCICLISTA,"24,0",MASCULINO,LESIONADO
2022.0,8900.0,CHOQUE,2022-05-16,07:10,MAÑANA,LUNES,OBRERO,CALLE 36 CARRERA 26,URBANA,TECNICO,"3,53255","-76,29629",DESOBEDECER SEÑAL DE PARE,112,MOTOCICLISTA,"21,0",MASCULINO,NO APLICA
2022.0,8945.0,CHOQUE,2022-05-30,08:40,MAÑANA,LUNES,VIA CORONADO ROZO,KM 5 + 450 MTS,RURAL,TECNICO,"3,58638","-76,34158",INVADIR CARRIL SENTIDO CONTRARIO,157,NO APLICA,"57,0",MASCULINO,NO APLICA
2022.0,9184.0,CHOQUE,2022-08-15,12:15,TARDE,LUNES,MUNICIPAL,CARRERA 1 CALLE 31A,URBANA,TECNICO,"3,52571","-76,27795",NO MANTENER DISTANCIA SEGURIDAD,121.0,NO APLICA,"38,0",MASCULINO,NO APLICA
2022.0,9193.0,CHOQUE,2022-08-19,16:56,TARDE,VIERNES,MUNICIPAL,CARRERA 1A CALLE 31A,URBANA,TECNICO,"3,52563","-76,27717",ADELANTAR ZONA PROHIBIDAD,105,NO APLICA,"49,0",FEMENINO,NO APLICA
2022.0,9228.0,CHOQUE,2022-09-11,21:00,NOCHE,DOMINGO,COLOMBIA,CARRERA 32 CALLE 35-62,URBANA,TECNICO,"3,53255","-76,3017",PERDIDA DEL CONTROL DEL VEHICULO,157.0,NO APLICA,"48,0",MASCULINO,NO APLICA
2022.0,DITRA,CHOQUE,2022-04-29,02:30,MADRUGADA,VIERNES,VIA CALI - PALMIRA SUR,KM 8 + 750 MTS,RURAL,POLICIA,"3,50822","-76,40944",TRANSITAR EN CONTRA VIA,127,ACOMPAÑANTE MOTOCICLISTA,"26,0",FEMENINO,NO APLICA
2022.0,8936.0,CHOQUE,2022-05-27,15:30,TARDE,VIERNES,VIA CORONADO ROZO,KM 4 PUENTE MALINBU,RURAL,TECNICO,"3,57997","-76,3276",DESOBEDECER SEÑAL DE PARE,112,MOTOCICLISTA,"24,0",MASCULINO,LESIONADO
2022.0,9081.0,CHOQUE,2022-07-09,06:40,MAÑANA,SÁBADO,ALAMEDA,CARRERA 25A CALLE 69B,URBANA,TECNICO,"3,55503","-76,2883",TRANSITAR EN CONTRA VIA,127.0,MOTOCICLISTA,"46,0",MASCULINO,LESIONADO
2022.0,9111.0,CHOQUE,2022-07-18,07:45,MAÑANA,LUNES,VIA PALMIRA BUITRERA,KM 4 + 795 MTS,RURAL,TECNICO,"3,50082","-76,22928",NO UTILIZAR TOTALMENTE LA ZONA DE PARQUOE,157.0,NO APLICA,"33,0",MASCULINO,NO APLICA
2022.0,8917.0,CHOQUE TACHA,2022-05-22,03:00,MADRUGADA,DOMINGO,SAMANES,CALLE 47 CARRERA 31-30,URBANA,TECNICO,"3,54228","-76,29977",PERDIDA DEL CONTROL DEL VEHICULO,157,MOTOCICLISTA,"33,0",MASCULINO,LESIONADO
2022.0,9133.0,CHOQUE,2022-07-26,10:00,MAÑANA,MARTES,VIA CORONADO ROZO,KM 1,RURAL,TECNICO,"3,56343","-76,31055",PERDIDA DEL CONTROL DEL VEHICULO,157.0,NO APLICA,"30,0",MASCULINO,NO APLICA
2022.0,9183.0,ATROPELLO,2022-08-14,20:19,NOCHE,DOMINGO,AMERICAS,CARRERA 24 CALLE 25-04,URBANA,TECNICO,"3,52247","-76,29591",CRUZAR SIN OBSERVAR,409.0,NO APLICA,"52,0",MASCULINO,NO APLICA
2022.0,DITRA,CHOQUE,2022-04-03,21:40,NOCHE,DOMINGO,VIA CALI - PALMIRA SUR,KM 18 + 150 MTS,RURAL,POLICIA,"3,52699","-76,32713",PERDIDA DEL CONTROL DEL VEHICULO,157.0,ACOMPAÑANTE CONDUCTOR,"19,0",FEMENINO,LESIONADO
2022.0,9118.0,CHOQUE,2022-07-20,19:50,NOCHE,MIÉRCOLES,PRIMERO DE MAYO,CALLE 42 CARRERA 14,URBANA,TECNICO,"3,53706","-76,28656",HACER MAL USO DEL CARRIL,157.0,MOTOCICLISTA,"29,0",MASCULINO,LESIONADO
2022.0,9065.0,CHOQUE,2022-07-02,13:10,TARDE,SÁBADO,COLOMBIA,CALLE 36 CARRERA 31,URBANA,TECNICO,"3,53318","-76,30065",SEMAFORO EN ROJO,142.0,MOTOCICLISTA,"53,0",MASCULINO,LESIONADO
2022.0,DITRA,CHOQUE VEHICULO ESTACIONADO,2022-01-16,05:50,MADRUGADA,DOMINGO,VIA CALI - PALMIRA SUR,KM 8 + 850 MTS,RURAL,POLICIA,"3,50837","-76,40868",PERDIDA DEL CONTROL DEL VEHICULO,157,MOTOCICLISTA,"26,0",MASCULINO,MUERTO
2022.0,9295.0,CHOQUE,2022-10-10,22:20,NOCHE,LUNES,ALTAMIRA,CALLE 46 CARRERA 26,URBANA,TECNICO,"3,54109","-76,29518",NO RESPETAR PRELACIÓN,132.0,MOTOCICLISTA,"45,0",MASCULINO,LESIONADO
2022.0,9299.0,CHOQUE,2022-10-13,13:05,TARDE,JUEVES,MERCEDES,CALLE 61 CARRERA 26A,URBANA,TECNICO,"3,55047","-76,29117",DESOBEDECER SEÑAL DE PARE,112.0,MOTOCICLISTA,"23,0",MASCULINO,LESIONADO
2022.0,8984.0,CHOQUE,2022-06-08,16:40,TARDE,MIÉRCOLES,COLOMBINA,CALLE 29 CARRERA 23,URBANA,TECNICO,"3,52551","-76,29489",DESOBEDECER SEÑAL DE PARE,112.0,NO APLICA,"50,0",MASCULINO,NO APLICA
2022.0,DITRA,ATROPELLO,2022-06-10,23:30,NOCHE,VIERNES,VIA SUCROMIELES - EL CERRITO,KM 6+ 815  MTS,RURAL,POLICIA,"3,58327","-76,32516",OTRA,157,PEATÓN,"25,0",MASCULINO,MUERTO
2022.0,9020.0,CHOQUE,2022-06-20,12:20,TARDE,LUNES,BUENOS AIRES,CALLE 35 CARRERA 5E,URBANA,TECNICO,"3,53129","-76,27509",ARRANCAR SIN PRECAUCION,145.0,NO APLICA,"66,0",FEMENINO,NO APLICA
2022.0,8829.0,CHOQUE,2022-04-27,05:50,MADRUGADA,MIÉRCOLES,CENTRO,CALLE 28 CARRERA 28,URBANA,TECNICO,"3,52528","-76,29921",SEMAFORO EN ROJO,142,MOTOCICLISTA,"41,0",FEMENINO,LESIONADO
2022.0,8613.0,CHOQUE,2022-02-22,10:00,MAÑANA,MARTES,CHAPINERO SUR,DIAGONAL 4 CARRERA 31A-90,URBANA,TECNICO,"3,50188","-76,31075",ARRANCAR SIN PRECAUCION,145.0,MOTOCICLISTA,"24,0",FEMENINO,LESIONADO
2022.0,OFICIO,CHOQUE OBJETO FIJO POSTE,2022-09-03,15:00,TARDE,SÁBADO,PRADO,CALLE 42 CARRERA 42,URBANA,TECNICO,"3,538793","-76,312268",POR ESTABLECER,157.0,ACOMPAÑANTE CONDUCTOR,"84,0",FEMENINO,MUERTO
2022.0,DITRA,CHOQUE,2022-10-23,06:30,MAÑANA,DOMINGO,VIA PALMIRA -AMAIME,KM 25 +500 MTS,RURAL,POLICIA,"3,56434","-76,29037",ADELANTAR INVADIENDO CARRIL,104,ACOMPAÑANTE MOTOCICLISTA,"41,0",FEMENINO,MUERTO
2022.0,9027.0,CHOQUE,2022-06-22,07:10,MAÑANA,MIÉRCOLES,IGNACIO TORRES,CARRERA 35 CALLE 49,URBANA,TECNICO,"3,54387","-76,30758",FRENAR BRUSCAMENTE,119.0,MOTOCICLISTA,"26,0",FEMENINO,LESIONADO
2022.0,8886.0,CHOQUE,2022-05-12,19:03,NOCHE,JUEVES,LAS PALMERA,CALLE 36 CARRERA 1-94,URBANA,TECNICO,"3,5335","-76,27775",INVADIR CARRIL SENTIDO CONTRARIO,157,ACOMPAÑANTE MOTOCICLISTA,"6,0",FEMENINO,LESIONADO
2022.0,9227.0,CHOQUE,2022-09-10,20:35,NOCHE,SÁBADO,CENTRO,CALLE 32 CARRERA 32,URBANA,TECNICO,"3,52936","-76,30225",SEMAFORO EN ROJO,142.0,NO APLICA,"44,0",FEMENINO,NO APLICA
2022.0,8604.0,ATROPELLO,2022-02-20,18:30,NOCHE,DOMINGO,VIA PALMIRA TIENDA NUEVA,KM 9 + 293 MTS,RURAL,TECNICO,"3,5553","-76,23811",PERDIDA DEL CONTROL DEL VEHICULO,157.0,PEATÓN,"56,0",FEMENINO,LESIONADO
2022.0,9117.0,CHOQUE,2022-07-20,13:20,TARDE,MIÉRCOLES,PRIMERO DE MAYO,CALLE 41 CARRERA 9,URBANA,TECNICO,"3,53629","-76,28231",DESOBEDECER SEÑAL DE PARE,112.0,ACOMPAÑANTE MOTOCICLISTA,"66,0",FEMENINO,LESIONADO
2022.0,8592.0,CHOQUE,2022-02-17,07:00,MAÑANA,JUEVES,SAN PEDRO,CALLE 35 CARRERA 19,URBANA,TECNICO,"3,53099","-76,29043",SEMAFORO EN ROJO,142.0,MOTOCICLISTA,"20,0",MASCULINO,LESIONADO
2022.0,8654.0,CHOQUE,2022-03-04,19:03,NOCHE,VIERNES,VIA PALMIRA GUANABANAL,KM 2 - 796,RURAL,TECNICO,"3,48499","-76,42249",FRENAR BRUSCAMENTE,119.0,MOTOCICLISTA,"21,0",MASCULINO,LESIONADO
2022.0,8657.0,CHOQUE,2022-03-05,20:15,NOCHE,SÁBADO,MUNICIPAL,CARRERA 1 CALLE 32,URBANA,TECNICO,"3,52619","-76,27784",FRENAR BRUSCAMENTE,119.0,MOTOCICLISTA,"30,0",MASCULINO,LESIONADO
2022.0,8671.0,CHOQUE,2022-03-12,17:50,TARDE,SÁBADO,COLOMBIA,CARRERA 30 CALLE 38,URBANA,TECNICO,"3,53505","-76,2993",DESOBEDECER SEÑAL DE PARE,112.0,MOTOCICLISTA,"34,0",MASCULINO,LESIONADO
2022.0,8808.0,CHOQUE,2022-04-20,05:55,MADRUGADA,MIÉRCOLES,SAN PEDRO,CARRERA 19 CALLE 36-66,URBANA,TECNICO,"3,5321","-76,29051",POR ESTABLECER,157,ACOMPAÑANTE MOTOCICLISTA,"18,0",MASCULINO,LESIONADO
2022.0,8852.0,CHOQUE,2022-05-02,16:50,TARDE,LUNES,SANTA BARBARA,CALLE 31 CARRERA 43,URBANA,TECNICO,"3,52979","-76,31548",FRENAR BRUSCAMENTE,119.0,MOTOCICLISTA,"24,0",MASCULINO,LESIONADO
2022.0,9224.0,CHOQUE,2022-09-09,18:20,NOCHE,VIERNES,RIVERA ESCOBAR,CALLE 31 CARRERA 34,URBANA,TECNICO,"3,52879","-76,30461",NO ESTAR PENDIENTE DE LA VIA,157.0,CICLISTA,"48,0",MASCULINO,LESIONADO
2022.0,9113.0,CHOQUE,2022-07-18,13:30,TARDE,LUNES,CENTRO,CALLE 27 CARRERA 33,URBANA,TECNICO,"3,52505","-76,30354",DESOBEDECER SEÑAL DE PARE,112.0,NO APLICA,"34,0",FEMENINO,NO APLICA
2022.0,8722.0,CHOQUE,2022-03-22,22:00,NOCHE,MARTES,PRADO,CALLE 35 CARRERA 43,URBANA,TECNICO,"3,53272","-76,31412",DESOBEDECER SEÑAL DE PARE,112.0,MOTOCICLISTA,"36,0",MASCULINO,LESIONADO
2022.0,8623.0,CHOQUE,2022-02-25,08:30,MAÑANA,VIERNES,CENTRO,CALLE 31 CARRERA 25,URBANA,TECNICO,"3,52762","-76,29625",SEMAFORO EN ROJO,142.0,MOTOCICLISTA,"32,0",MASCULINO,LESIONADO
2022.0,DITRA,CHOQUE,2022-05-09,18:30,NOCHE,LUNES,VIA PALMASECA EL CERRITO,KM 6 + 100 MTS,RURAL,POLICIA,"3,55355","-76,41492",NO ESTAR ATENTO A LOS OBSTACULOS SOBRE LA VIA,157,NO APLICA,"46,0",MASCULINO,NO APLICA
2022.0,9072.0,CHOQUE,2022-07-05,04:45,MADRUGADA,MARTES,VERSALLES,CALLE 42 CARRERA 26-31,URBANA,TECNICO,"3,53772","-76,29578",CAMBIO DE CARRIL CON O SIN INDICACION,157.0,NO APLICA,"26,0",MASCULINO,NO APLICA