a_o,ipat,clase_siniestro,fecha,hora,jornada,dia_semana,barrios_corregimiento_via,direccion,zona,autoridad,lat,long,hipotesis,codigo,condicion_de_la_victima,edad,genero,lesionados_y_muertos
2022.0,9258.0,CHOQUE,2022-09-26,11:15,MAÑANA,LUNES,BIZERTA,CALLE 37 CARRERA 24,URBANA,TECNICO,"3,53315","-76,29466",DESOBEDECER SEÑAL DE PARE,112.0,MOTOCICLISTA,"22,0",MASCULINO,LESIONADO
2022.0,8784.0,CHOQUE,2022-04-11,18:40,NOCHE,LUNES,BENEDICTA,CALLE 47 CARRERA 34A,URBANA,TECNICO,"3,54256","-76,30287",ARRANCAR SIN PRECAUCION,145,NO APLICA,"26,0",MASCULINO,NO APLICA
2022.0,9093.0,CHOQUE,2022-07-12,20:30,NOCHE,MARTES,GUAYACANES DEL INGENIO,CARRERA 18 CALLE 26,URBANA,TECNICO,"3,52276","-76,29514",DESOBEDECER SEÑAL DE PARE,112.0,MOTOCICLISTA,"20,0",MASCULINO,LESIONADO
2022.0,9020.0,CHOQUE,2022-06-20,12:20,TARDE,LUNES,BUENOS AIRES,CALLE 35 CARRERA 5E,URBANA,TECNICO,"3,53129","-76,27509",ARRANCAR SIN PRECAUCION,145.0,MOTOCICLISTA,"23,0",MASCULINO,LESIONADO
2022.0,9025.0,CHOQUE,2022-06-22,20:30,NOCHE,MIÉRCOLES,CIUDAD DEL CAMPO,CALLE 101 CARRERA 35,RURAL,TECNICO,"3,45742","-76,46382",FRENAR BRUSCAMENTE,119.0,MOTOCICLISTA,"16,0",MASCULINO,LESIONADO
2022.0,8543.0,CHOQUE,2022-02-02,18:40,NOCHE,MIÉRCOLES,COLOMBIA,CALLE 35 CARRERA 31,URBANA,TECNICO,"3,53237","-76,3008",DESOBEDECER SEÑAL DE PARE,112.0,NO APLICA,"17,0",MASCULINO,NO APLICA
2022.0,8739.0,CHOQUE,2022-03-28,12:00,TARDE,LUNES,BIZERTA,CALLE 36 CARRERA 22,URBANA,TECNICO,"3,53219","-76,29315",IMPERICIA EN EL MANEJO,139.0,MOTOCICLISTA,"16,0",MASCULINO,LESIONADO
2022.0,8752.0,CHOQUE,2022-04-01,14:20,TARDE,VIERNES,OBRERO,CALLE 35 CARRERA 26,URBANA,TECNICO,"3,53174","-76,29643",DESOBEDECER SEÑAL DE PARE,112.0,MOTOCICLISTA,"29,0",MASCULINO,LESIONADO
2022.0,9070.0,CHOQUE,2022-07-03,12:00,TARDE,DOMINGO,DELICIAS,CALLE 27 CARRERA 27,URBANA,TECNICO,"3,52434","-76,29855",DESOBEDECER SEÑAL DE PARE,112.0,MOTOCICLISTA,"30,0",MASCULINO,LESIONADO
2022.0,9112.0,CHOQUE,2022-07-18,12:20,TARDE,LUNES,BARRIO NUEVO,CARRERA 32 CALLE 26,URBANA,TECNICO,"3,52406","-76,30303",DESOBEDECER SEÑAL DE PARE,112.0,NO APLICA,"29,0",MASCULINO,NO APLICA
2022.0,9152.0,CHOQUE,2022-07-31,21:55,NOCHE,DOMINGO,COLOMBIA,CALLE 33 CARRERA 32,URBANA,TECNICO,"3,53091","-76,30203",TRANSITAR EN CONTRA VIA,127.0,NO APLICA,"43,0",MASCULINO,NO APLICA
2022.0,9170.0,CHOQUE,2022-08-08,13:40,TARDE,LUNES,RECREO,CALLE 21 CARRERA 30,URBANA,TECNICO,"3,51976","-76,30204",DESOBEDECER SEÑAL DE PARE,112.0,NO APLICA,"21,0",MASCULINO,NO APLICA
2022.0,9261.0,CHOQUE,2022-09-27,12:30,TARDE,MARTES,SAMANES,CALLE 47 CARRERA 28,URBANA,TECNICO,"3,54214","-76,29662",SEMAFORO EN ROJO,142.0,MOTOCICLISTA,"29,0",MASCULINO,LESIONADO
2022.0,9301.0,CHOQUE,2022-10-15,11:03,MAÑANA,JUEVES,BENEDICTA,CALLE 47 CARRERA 34B-50,URBANA,TECNICO,"3,54249","-76,30436",REVERSO IMPRUDENTE,134.0,NO APLICA,"64,0",MASCULINO,NO APLICA
2022.0,8808.0,CHOQUE,2022-04-20,05:55,MADRUGADA,MIÉRCOLES,SAN PEDRO,CARRERA 19 CALLE 36-66,URBANA,TECNICO,"3,5321","-76,29051",POR ESTABLECER,157,MOTOCICLISTA,"24,0",MASCULINO,LESIONADO
2022.0,8968.0,CHOQUE OBJETO FIJO INMUEBLE,2022-06-04,03:40,MADRUGADA,SÁBADO,LOS PINOS,CALLE 42 CARRERA 22,URBANA,TECNICO,"3,53727","-76,2924",NO ESTAR PENDIENTE DE LA VIA,157.0,ACOMPAÑANTE CONDUCTOR,"22,0",FEMENINO,LESIONADO
2022.0,8768.0,CHOQUE,2022-04-06,14:40,TARDE,MIÉRCOLES,BARRIO NUEVO,CARRERA 31 CALLE 27,URBANA,TECNICO,"3,52488","-76,3021",DESOBEDECER SEÑAL DE PARE,112,MOTOCICLISTA,"46,0",FEMENINO,LESIONADO
2022.0,8956.0,CHOQUE,2022-06-02,06:40,MAÑANA,JUEVES,RECREO,CARRERA 26 CALLE 18,URBANA,TECNICO,"3,51702","-76,30042",DESOBEDECER SEÑAL DE PARE,112.0,ACOMPAÑANTE MOTOCICLISTA,"13,0",FEMENINO,LESIONADO
2022.0,9245.0,CHOQUE,2022-09-23,07:00,MAÑANA,VIERNES,BARRIO NUEVO,CARRERA 32 CALLE26,URBANA,TECNICO,"3,52408","-76,30305",DESOBEDECER SEÑAL DE PARE,112.0,NO APLICA,"37,0",MASCULINO,NO APLICA
2022.0,8688.0,CHOQUE,2022-03-13,23:30,NOCHE,DOMINGO,BARRIO NUEVO,CARRERA 30 CALLE 21,URBANA,TECNICO,"3,51975","-76,30206",DESOBEDECER SEÑAL DE PARE,112.0,ACOMPAÑANTE MOTOCICLISTA,"26,0",FEMENINO,LESIONADO
2022.0,OFICIO,CHOQUE,2022-10-31,16:00,TARDE,LUNES,ZAMORANO,CARRERA 28 AVENIDAD CARBONERA,URBANA,TECNICO,"3,55205","-76,29374",POR ESTABLECER,157,MOTOCICLISTA,"28,0",FEMENINO,MUERTO
2022.0,9241.0,CHOQUE,2022-09-17,23:30,NOCHE,SÁBADO,COLOMBIA,CALLE 36 CARRERA 32,URBANA,TECNICO,"3,53335","-76,3016",SEMAFORO EN ROJO,142.0,ACOMPAÑANTE MOTOCICLISTA,"24,0",FEMENINO,LESIONADO
2022.0,8938.0,ATROPELLO,2022-05-27,21:00,NOCHE,VIERNES,SAN PEDRO,CALLE 39 CARRERA 18,URBANA,TECNICO,"3,5347","-76,28992",CRUZAR SIN OBSERVAR,409,MOTOCICLISTA,"27,0",MASCULINO,LESIONADO
2022.0,9240.0,CHOQUE,2022-09-17,23:00,NOCHE,SÁBADO,FRAY LUIS,CALLE 42 CARRERA 45-65,URBANA,TECNICO,"3,53874","-76,31465",NO ESTAR PENDIENTE DE LA VIA,157.0,MOTOCICLISTA,"39,0",MASCULINO,LESIONADO
2022.0,9243.0,CHOQUE,2022-09-21,08:30,MAÑANA,MIÉRCOLES,BARRIO NUEVO,CALLE 26 CARRERA30,URBANA,TECNICO,"3,52386","-76,30139",DESOBEDECER SEÑAL DE PARE,112.0,MOTOCICLISTA,"28,0",MASCULINO,LESIONADO
2022.0,8883.0,CHOQUE,2022-05-10,19:03,NOCHE,MARTES,COLOMBINA,CALLE 28 CARRERA 13,URBANA,TECNICO,"3,52389","-76,2867",DESOBEDECER SEÑAL DE PARE,112,NO APLICA,"60,0",MASCULINO,NO APLICA
2022.0,9237.0,ATROPELLO,2022-09-17,20:15,NOCHE,SÁBADO,PRIMERO DE MAYO,CALLE 42 CARRERA 9-9A,URBANA,TECNICO,"3,53696","-76,28242",CRUZAR EN ESTADO DE  EMBRIAGUEZ,404.0,MOTOCICLISTA,"28,0",MASCULINO,LESIONADO
2022.0,9058.0,CHOQUE,2022-06-30,18:55,TARDE,JUEVES,IGNACIO TORRES,CARRERA 38 CALLE  54,URBANA,TECNICO,"3,54593","-76,31068",NO RESPETAR PRELACIÓN,132.0,NO APLICA,"65,0",MASCULINO,NO APLICA
2022.0,8723.0,CHOQUE,2022-03-23,11:00,MAÑANA,MIÉRCOLES,VIA PALMIRA LA ZAPATA,KM 11 + 400 MTS,RURAL,TECNICO,"3,54824","-76,19262",NO ESTAR PENDIENTE DE LA VIA,157.0,NO APLICA,"47,0",MASCULINO,NO APLICA
2022.0,9224.0,CHOQUE,2022-09-09,18:20,NOCHE,VIERNES,RIVERA ESCOBAR,CALLE 31 CARRERA 34,URBANA,TECNICO,"3,52879","-76,30461",NO ESTAR PENDIENTE DE LA VIA,157.0,NO APLICA,"62,0",MASCULINO,NO APLICA
2022.0,9054.0,CHOQUE,2022-06-29,16:30,TARDE,MIÉRCOLES,VERSALLES,CALLE 42 CARRERA 30-103,URBANA,TECNICO,"3,53824","-76,29918",NO ESTAR PENDIENTE DE LA VIA,157.0,NO APLICA,"27,0",MASCULINO,NO APLICA
2022.0,9196.0,CHOQUE,2022-08-20,16:28,TARDE,SÁBADO,OBRERO,CARRERA 25 CALLE 39,URBANA,TECNICO,"3,53522","-76,29492",DESOBEDECER SEÑAL DE PARE,112,NO APLICA,"55,0",MASCULINO,NO APLICA
2022.0,9255.0,CHOQUE,2022-09-25,13:45,TARDE,DOMINGO,CENTRO,CALLE 29 CARRERA 33,URBANA,TECNICO,"3,52671","-76,3034",DESOBEDECER SEÑAL DE PARE,112.0,NO APLICA,"61,0",MASCULINO,NO APLICA
2022.0,8696.0,CHOQUE,2022-03-15,17:20,TARDE,MARTES,BIZERTA,CALLE 37 CARRERA 22,URBANA,TECNICO,"3,53301","-76,29302",DESOBEDECER SEÑAL DE PARE,112.0,ACOMPAÑANTE MOTOCICLISTA,"11,0",FEMENINO,LESIONADO
2022.0,8659.0,CHOQUE,2022-03-06,09:00,MAÑANA,DOMINGO,DELICIAS,CARRERA 25 CALLE 24,URBANA,TECNICO,"3,52156","-76,29718",ARRANCAR SIN PRECAUCION,145.0,NO APLICA,"68,0",MASCULINO,NO APLICA
2022.0,9293.0,CHOQUE,2022-10-10,14:20,TARDE,LUNES,OBRERO,CALLE 34 CARRERA 25,URBANA,TECNICO,"3,53078","-76,29569",ARRANCAR SIN PRECAUCION,145.0,NO APLICA,"42,0",MASCULINO,NO APLICA
2022.0,8635.0,CHOQUE,2022-02-27,19:15,NOCHE,DOMINGO,EMILIA,CALLE 36 CARRERA 37,URBANA,TECNICO,"3,53375","-76,30737",DESOBEDECER SEÑAL DE PARE,112.0,MOTOCICLISTA,"25,0",FEMENINO,LESIONADO
2022.0,9161.0,CHOQUE,2022-08-04,09:10,MAÑANA,JUEVES,AMAIME,CALLE 6 NUMERO 1-03,RURAL,TECNICO,"3,60765","-76,27172",CRUZAR SIN OBSERVAR DEBIDA PRECAUCION,157.0,CICLISTA,"80,0",MASCULINO,LESIONADO
2022.0,9039.0,CHOQUE,2022-06-25,14:10,TARDE,SÁBADO,PETRUC,CALLE 18 CARRERA 26,URBANA,TECNICO,"3,51687","-76,29896",NO RESPETAR PRELACIÓN,123.0,MOTOCICLISTA,"27,0",FEMENINO,LESIONADO
2022.0,8676.0,CHOQUE,2022-03-11,14:30,TARDE,VIERNES,COLOMBIA,CARRERA 31 CALLE 35,URBANA,TECNICO,"3,53235","-76,30079",DESOBEDECER SEÑAL DE PARE,112.0,NO APLICA,"53,0",MASCULINO,NO APLICA
2022.0,8602.0,CHOQUE,2022-02-20,12:53,TARDE,DOMINGO,OBRERO,CALLE 33 CARRERA 24,URBANA,TECNICO,"3,52986","-76,29517",DESOBEDECER SEÑAL DE PARE,112.0,ACOMPAÑANTE MOTOCICLISTA,"70,0",FEMENINO,LESIONADO
2022.0,9301.0,CHOQUE,2022-10-15,11:03,MAÑANA,JUEVES,BENEDICTA,CALLE 47 CARRERA 34B-50,URBANA,TECNICO,"3,54249","-76,30436",REVERSO IMPRUDENTE,134.0,MOTOCICLISTA,"56,0",FEMENINO,LESIONADO
2022.0,8956.0,CHOQUE,2022-06-02,06:40,MAÑANA,JUEVES,RECREO,CARRERA 26 CALLE 18,URBANA,TECNICO,"3,51702","-76,30042",DESOBEDECER SEÑAL DE PARE,112.0,NO APLICA,"51,0",MASCULINO,NO APLICA
2022.0,DITRA,VOLCAMIENTO,2022-11-16,02:10,MADRUGADA,MIÉRCOLES,VIA CALI - PALMIRA SUR,KM 13 + 350 MTS,RURAL,POLICIA,"3,51719","-76,36907",PERDIDA DEL CONTROL DEL VEHICULO,157.0,MOTOCICLISTA,"21,0",MASCULINO,MUERTO
2022.0,8941.0,CHOQUE,2022-05-28,17:20,TARDE,SÁBADO,TRINIDAD,CALLE 30 CARRERA 22,URBANA,TECNICO,"3,52633","-76,29387",ADELANTAR ZONA PROHIBIDAD,105,NO APLICA,"22,0",MASCULINO,NO APLICA
2022.0,8549.0,ATROPELLO,2022-02-05,05:30,MADRUGADA,SÁBADO,ITALIA,TRASNVERSAL 30 CALLE 7E-8E,URBANA,TECNICO,"3,5061","-76,30292",CRUZAR SIN OBSERVAR,409.0,PEATÓN,"25,0",MASCULINO,LESIONADO
2022.0,8689.0,CHOQUE,2022-03-13,15:00,TARDE,DOMINGO,SAN PEDRO,CALLE 37 CARRERA 15,URBANA,TECNICO,"3,53312","-76,2874",DESOBEDECER SEÑAL DE PARE,112.0,ACOMPAÑANTE MOTOCICLISTA,"28,0",MASCULINO,LESIONADO
2022.0,DITRA,CHOQUE,2022-04-03,21:40,NOCHE,DOMINGO,VIA CALI - PALMIRA SUR,KM 18 + 150 MTS,RURAL,POLICIA,"3,52699","-76,32713",PERDIDA DEL CONTROL DEL VEHICULO,157.0,CONDUCTOR,"31,0",MASCULINO,LESIONADO
2022.0,9246.0,CHOQUE,2022-09-20,12:40,TARDE,MARTES,GUAYACANES DEL INGENIO,CARRERA 18 CALLE 26,URBANA,TECNICO,"3,52257","-76,29088",DESOBEDECER SEÑAL DE PARE,112.0,MOTOCICLISTA,"29,0",MASCULINO,LESIONADO
2022.0,9220.0,ATROPELLO,2022-09-07,11:20,MAÑANA,MIÉRCOLES,TREBOL,CARRERA 18 CALLE 26-18,URBANA,TECNICO,"3,52303","-76,29082",IMPERICIA EN EL MANEJO,139.0,MOTOCICLISTA,"14,0",MASCULINO,LESIONADO
2022.0,8956.0,CHOQUE,2022-06-02,06:40,MAÑANA,JUEVES,RECREO,CARRERA 26 CALLE 18,URBANA,TECNICO,"3,51702","-76,30042",DESOBEDECER SEÑAL DE PARE,112.0,ACOMPAÑANTE MOTOCICLISTA,"18,0",FEMENINO,LESIONADO
2022.0,8729.0,CHOQUE,2022-03-25,19:30,NOCHE,VIERNES,BARRIO NUEVO,CALLE 20 CARRERA 31,URBANA,TECNICO,"3,51893","-76,30312",DESOBEDECER SEÑAL DE PARE,112.0,MOTOCICLISTA,"54,0",MASCULINO,LESIONADO
2022.0,9068.0,CHOQUE,2022-07-03,00:30,MADRUGADA,DOMINGO,SAN PEDRO,CALLE 36 CARRERA 17,URBANA,TECNICO,"3,532","-76,2889",TRANSITAR EN CONTRA VIA,127.0,MOTOCICLISTA,"25,0",MASCULINO,LESIONADO
2022.0,8814.0,CHOQUE,2022-04-22,19:45,NOCHE,VIERNES,SANTA RITA,CALLLE 36 CARRERA 29,URBANA,TECNICO,"3,53295","-76,29886",SEMAFORO EN ROJO,142,ACOMPAÑANTE MOTOCICLISTA,"20,0",FEMENINO,LESIONADO
2022.0,8650.0,CHOQUE,2022-03-03,10:40,MAÑANA,JUEVES,ESTONIA,CARRERA 32 CALLE 42,URBANA,TECNICO,"3,53842","-76,30088",NO RESPETAR PRELACIÓN,123.0,MOTOCICLISTA,"23,0",MASCULINO,LESIONADO
2022.0,8947.0,CHOQUE,2022-05-31,13:20,TARDE,MARTES,SESQUI,CARRERA 32 CALLE 12,URBANA,TECNICO,"3,51188","-76,30657",ARRANCAR SIN PRECAUCION,145,NO APLICA,"47,0",MASCULINO,NO APLICA
2022.0,9142.0,CHOQUE,2022-07-29,21:00,NOCHE,VIERNES,FATIMA,CARRERA 8 CALLE 28,URBANA,TECNICO,"3,52281","-76,28344",DESOBEDECER SEÑAL DE PARE,112.0,MOTOCICLISTA,"28,0",MASCULINO,LESIONADO
2022.0,9214.0,CHOQUE,2022-09-03,12:30,TARDE,SÁBADO,COLOMBIA,CALLE 36 CARRERA 30-72,URBANA,TECNICO,"3,5331","-76,30006",NO MANTENER DISTANCIA SEGURIDAD,121.0,NO APLICA,"27,0",MASCULINO,NO APLICA
2022.0,8649.0,CHOQUE,2022-03-02,21:00,NOCHE,MIÉRCOLES,FLORES,CALLE 23 CARRERA 3,URBANA,TECNICO,"3,51975","-76,27947",DESOBEDECER SEÑAL DE PARE,112.0,MOTOCICLISTA,"26,0",MASCULINO,LESIONADO
2022.0,8785.0,CHOQUE,2022-04-12,12:20,TARDE,MARTES,URIBE,CALLE 33 CARRERA 24,URBANA,TECNICO,"3,52987","-76,29517",DESOBEDECER SEÑAL DE PARE,112,MOTOCICLISTA,"54,0",MASCULINO,LESIONADO
2022.0,8785.0,CHOQUE,2022-04-12,12:20,TARDE,MARTES,URIBE,CALLE 33 CARRERA 24,URBANA,TECNICO,"3,52987","-76,29517",DESOBEDECER SEÑAL DE PARE,112,NO APLICA,"44,0",MASCULINO,NO APLICA
2022.0,9189.0,CHOQUE,2022-08-16,14:30,TARDE,MARTES,SESQUI,CARRERA 24 CALLE 12A,URBANA,TECNICO,"3,51042","-76,29589",NO RESPETAR PRELACIÓN,132,ACOMPAÑANTE MOTOCICLISTA,"31,0",MASCULINO,LESIONADO
2022.0,9190.0,CHOQUE,2022-08-17,05:00,MADRUGADA,MIÉRCOLES,CUIDAD DEL CAMPO,CALLE 100 CARRERA 16-126,RURAL,TECNICO,"3,4563","-76,46926",REALIZAR MAL USO DEL CARRIL,157,ACOMPAÑANTE CONDUCTOR,"47,0",MASCULINO,LESIONADO
2022.0,9201.0,CHOQUE,2022-08-23,15:00,TARDE,MARTES,SESQUI,CALLE 10 CARRERA 31,URBANA,TECNICO,"3,50968","-76,30381",NO RESPETAR PRELACIÓN,132.0,MOTOCICLISTA,"71,0",MASCULINO,MUERTO
2022.0,9242.0,CHOQUE,2022-09-17,12:40,TARDE,SÁBADO,RECREO,CALLE 20 CARRERA 29,URBANA,TECNICO,"3,51867","-76,30099",DESOBEDECER SEÑAL DE PARE,112.0,MOTOCICLISTA,"58,0",MASCULINO,LESIONADO
2022.0,9247.0,CHOQUE,2022-09-23,07:50,MAÑANA,VIERNES,COLOMBIA,CARRERA 30 CALLE 34,URBANA,TECNICO,"3,53144","-76,29996",DESOBEDECER SEÑAL DE PARE,112.0,NO APLICA,"47,0",MASCULINO,NO APLICA
2022.0,9237.0,ATROPELLO,2022-09-17,20:15,NOCHE,SÁBADO,PRIMERO DE MAYO,CALLE 42 CARRERA 9-9A,URBANA,TECNICO,"3,53696","-76,28242",CRUZAR EN ESTADO DE  EMBRIAGUEZ,404.0,PEATÓN,"30,0",MASCULINO,LESIONADO
2022.0,8808.0,CHOQUE,2022-04-20,05:55,MADRUGADA,MIÉRCOLES,SAN PEDRO,CARRERA 19 CALLE 36-66,URBANA,TECNICO,"3,5321","-76,29051",POR ESTABLECER,157,MOTOCICLISTA,"51,0",MASCULINO,LESIONADO
2022.0,9167.0,CHOQUE,2022-08-05,18:45,NOCHE,VIERNES,CENTRO,CALLE 30 CARRERA 32,URBANA,TECNICO,"3,52745","-76,30245",TRANSITAR EN CONTRA VIA,127,CICLISTA,"57,0",MASCULINO,LESIONADO
2022.0,9149.0,ATROPELLO,2022-07-30,20:30,NOCHE,SÁBADO,BENEDICTA,CARRERA 34A CALLE 47-15,URBANA,TECNICO,"3,54255","-76,30306",CAMINAR POR LA CALZADA,404.0,NO APLICA,"27,0",MASCULINO,NO APLICA
2022.0,9253.0,ATROPELLO,2022-09-24,15:00,TARDE,SÁBADO,CUIDAD DEL CAMPO,CALLE 101 CARRERA 30-31,RURAL,TECNICO,"3,45706","-76,46514",TRANSITAR EN CONTRA VIA,127.0,NO APLICA,"44,0",MASCULINO,NO APLICA
2022.0,9309.0,CHOQUE,2022-10-21,11:40,MAÑANA,VIERNES,CENTRO,CARRERA 32 CALLE 29-15,URBANA,TECNICO,"3,52687","-76,30259",PERDIDA DEL CONTROL DEL VEHICULO,157.0,NO APLICA,"51,0",MASCULINO,NO APLICA
2022.0,DITRA,CHOQUE,2022-10-23,06:30,MAÑANA,DOMINGO,VIA PALMIRA -AMAIME,KM 25 +500 MTS,RURAL,POLICIA,"3,56434","-76,29037",ADELANTAR INVADIENDO CARRIL,104,MOTOCICLISTA,"51,0",MASCULINO,MUERTO
2022.0,8819.0,CHOQUE,2022-04-23,04:10,MADRUGADA,SÁBADO,RIVERA ESCOBAR,CALLE 31 CARRERA 36,URBANA,TECNICO,"3,5291","-76,30651",FRENAR BRUSCAMENTE,119.0,NO APLICA,"28,0",MASCULINO,NO APLICA
2022.0,8882.0,CHOQUE,2022-05-10,19:03,NOCHE,MARTES,SEMBRADOR,CARRERA 17 CALLE 27,URBANA,TECNICO,"3,52334","-76,28993",DESOBEDECER SEÑAL DE PARE,112,NO APLICA,"38,0",MASCULINO,NO APLICA
2022.0,9169.0,CHOQUE,2022-08-07,22:10,NOCHE,DOMINGO,SANTA RITA,CARRERA 28 CALLE 33,URBANA,TECNICO,"3,53031","-76,29837",SEMAFORO EN ROJO,142.0,MOTOCICLISTA,"20,0",MASCULINO,LESIONADO
2022.0,9287.0,CHOQUE,2022-10-06,12:05,TARDE,JUEVES,RECREO,CALLE 18 CARRERA 25A-17,URBANA,TECNICO,"3,51686","-76,2986",NO ESTAR PENDIENTE DE LA VIA,157.0,MOTOCICLISTA,"22,0",MASCULINO,LESIONADO
2022.0,DITRA,VOLCAMIENTO,2022-11-23,14:30,TARDE,MIÉRCOLES,VIA CALI - PALMIRA SUR,KM 14 + 520 MTS,RURAL,POLICIA,"3,51974","-76,35967",PERDIDA DEL CONTROL DEL VEHICULO,157,ACOMPAÑANTE MOTOCICLISTA,"34,0",MASCULINO,MUERTO
2022.0,8754.0,CHOQUE,2022-04-02,03:40,MADRUGADA,SÁBADO,TRINIDAD,CALLE 31 CARRERA 20,URBANA,TECNICO,"3,52709","-76,29209",DESOBEDECER SEÑAL DE PARE,112.0,NO APLICA,"53,0",MASCULINO,NO APLICA
2022.0,8702.0,CHOQUE,2022-03-18,08:30,MAÑANA,VIERNES,URIBE,CALLE 35 CARRERA 20,URBANA,TECNICO,"3,53111","-76,29158",DESOBEDECER SEÑAL DE PARE,112.0,NO APLICA,"43,0",MASCULINO,NO APLICA
2022.0,8888.0,CHOQUE,2022-05-13,17:20,TARDE,VIERNES,BARRIO NUEVO,CARRERA 33A CALLE 20,URBANA,TECNICO,"3,51925","-76,30524",RECOGER PASAJEROS Y DEJAR EN SITIO DISTINTO,128,MOTOCICLISTA,"65,0",MASCULINO,LESIONADO
2022.0,9236.0,CHOQUE,2022-09-17,15:30,TARDE,SÁBADO,GUAYACANES DEL INGENIO,CARRERA 17 CALLE 23,URBANA,TECNICO,"3,52078","-76,28997",DESOBEDECER SEÑAL DE PARE,112.0,MOTOCICLISTA,"24,0",MASCULINO,LESIONADO
2022.0,DITRA,CHOQUE OBJETO FIJO MURO,2022-06-24,22:15,NOCHE,VIERNES,VIA PALMASECA EL CERRITO,KM 11 + 067 MTS,RURAL,POLICIA,"3,59672","-76,40086",PERDIDA DEL CONTROL DEL VEHICULO,157,MOTOCICLISTA,"31,0",MASCULINO,MUERTO
2022.0,9071.0,CHOQUE,2022-07-04,09:10,MAÑANA,LUNES,VIA CORONADO ROZO,KM 4 + 100 MTS PUETE MALIMBU,URBANA,TECNICO,"3,57999","-76,32762",DESOBEDECER SEÑAL DE PARE,112.0,NO APLICA,"65,0",MASCULINO,NO APLICA
2022.0,8613.0,CHOQUE,2022-02-22,10:00,MAÑANA,MARTES,CHAPINERO SUR,DIAGONAL 4 CARRERA 31A-90,URBANA,TECNICO,"3,50188","-76,31075",ARRANCAR SIN PRECAUCION,145.0,NO APLICA,"31,0",FEMENINO,NO APLICA
2022.0,8764.0,CHOQUE,2022-04-05,12:30,TARDE,MARTES,COLOMBIA,CALLE 33 CARRERA 31,URBANA,TECNICO,"3,53076","-76,30106",SEMAFORO EN ROJO,142.0,MOTOCICLISTA,"19,0",FEMENINO,LESIONADO
2022.0,8830.0,CHOQUE,2022-04-27,13:10,TARDE,MIÉRCOLES,LUIS CARLOS GALAN,CARRERA 32 CALLE -10-11,URBANA,TECNICO,"3,50942","-76,30792",NO ESTAR PENDIENTE DE LA VIA,157,MOTOCICLISTA,"30,0",FEMENINO,LESIONADO
2022.0,8926.0,CHOQUE,2022-05-24,16:50,TARDE,MARTES,SANTA BARBARA,CALLE 31 CARRERA 44 -46,URBANA,TECNICO,"3,52906","-76,31774",NO MANTENER DISTANCIA SEGURIDAD,121,MOTOCICLISTA,"42,0",FEMENINO,LESIONADO
2022.0,9008.0,CHOQUE,2022-06-17,18:45,TARDE,VIERNES,PORTAL DE LAS PALMAS,CARRERA 43 CALLE 51,URBANA,TECNICO,"3,54442","-76,31495",DESOBEDECER SEÑAL DE PARE,112.0,MOTOCICLISTA,"23,0",FEMENINO,LESIONADO
2022.0,DITRA,VOLCAMIENTO,2022-11-25,11:30,MAÑANA,VIERNES,VIA CALI - PALMIRA NORTE,KM 11 + 550 MTS,RURAL,POLICIA,"3,51255","-76,3921",PERDIDA DEL CONTROL DEL VEHICULO,157.0,MOTOCICLISTA,"42,0",FEMENINO,MUERTO
2022.0,9200.0,CHOQUE,2022-08-23,11:15,MAÑANA,MARTES,URIBE,CALLE 33 CARRERA 23,URBANA,TECNICO,"3,52971","-76,29425",DESOBEDECER SEÑAL DE PARE,112.0,ACOMPAÑANTE MOTOCICLISTA,"9,0",FEMENINO,LESIONADO
2022.0,9215.0,CHOQUE,2022-09-03,22:30,NOCHE,SÁBADO,AMERICAS,CARRERA 25 CALLE 12A,URBANA,TECNICO,"3,51125","-76,29826",DESOBEDECER SEÑAL DE PARE,112.0,ACOMPAÑANTE MOTOCICLISTA,"3,0",FEMENINO,LESIONADO
2022.0,8600.0,CAIDA DE ARBOL,2022-02-19,16:30,TARDE,SÁBADO,CENTRO,CALLE 32 CARRERA 33-69,URBANA,TECNICO,"3,52948","-76,30315",CAIDA DE ARBOL,157.0,MOTOCICLISTA,"30,0",MASCULINO,LESIONADO
2022.0,8714.0,VOLCAMIENTO,2022-03-20,20:00,NOCHE,DOMINGO,SANTA MARIA DEL PALMAR,CALLE 44 CARRERA 8-9,URBANA,TECNICO,"3,53996","-76,28304",HUECOS EN LA VIA,306.0,MOTOCICLISTA,"49,0",MASCULINO,LESIONADO
2022.0,8811.0,CHOQUE,2022-04-20,19:03,NOCHE,MIÉRCOLES,MUNICIPAL,CARRERA 1 CALLE 31,URBANA,TECNICO,"3,52513","-76,27813",NO ESTAR PENDIENTE DE LA VIA,157,NO APLICA,"59,0",MASCULINO,NO APLICA