a_o,ipat,clase_siniestro,fecha,hora,jornada,dia_semana,barrios_corregimiento_via,direccion,zona,autoridad,lat,long,hipotesis,codigo,condicion_de_la_victima,edad,genero,lesionados_y_muertos
2022.0,DITRA,CHOQUE,2022-04-01,01:00,MADRUGADA,VIERNES,VIA CALI - PALMIRA SUR,KM 2+ 700 MTS,RURAL,POLICIA,"3,49634","-76,46227",TRANSITAR EN CONTRA VIA,127.0,MOTOCICLISTA,"27,0",MASCULINO,LESIONADO
2022.0,DITRA,CHOQUE,2022-02-17,16:30,TARDE,JUEVES,VIA CALI - PALMIRA NORTE,KM 16 + 160 MTS,RURAL,POLICIA,"3,52303","-76,34556",NO MANTENER DISTANCIA SEGURIDAD,121.0,MOTOCICLISTA,"20,0",MASCULINO,MUERTO
2022.0,8542.0,CHOQUE,2022-02-02,12:00,TARDE,MIÉRCOLES,RIVERA ESCOBAR,CALLE 31 CARRERA 34-35,URBANA,TECNICO,"3,52888","-76,30521",ABRIR LA PUERTA SIN MEDIDAS DE PRECAUCION,506.0,NO APLICA,"31,0",MASCULINO,NO APLICA
2022.0,8585.0,CHOQUE,2022-02-12,22:20,NOCHE,SÁBADO,COLOMBIA,CALLE 36 CARRERA 31,URBANA,TECNICO,"3,5332","-76,30065",NO RESPETAR PRELACIÓN,132.0,MOTOCICLISTA,"38,0",MASCULINO,LESIONADO
2022.0,9113.0,CHOQUE,2022-07-18,13:30,TARDE,LUNES,CENTRO,CALLE 27 CARRERA 33,URBANA,TECNICO,"3,52505","-76,30354",DESOBEDECER SEÑAL DE PARE,112.0,MOTOCICLISTA,"38,0",MASCULINO,LESIONADO
2022.0,9180.0,CHOQUE,2022-08-14,05:45,MADRUGADA,DOMINGO,RECREO,CARRERA 28 CALLE 22,URBANA,TECNICO,"3,52024","-76,29992",DESOBEDECER SEÑAL DE PARE,112.0,MOTOCICLISTA,"30,0",MASCULINO,LESIONADO
2022.0,8975.0,CHOQUE,2022-06-05,20:50,NOCHE,DOMINGO,SAN PEDRO,CALLE 34A CARRERA 17,URBANA,TECNICO,"3,53003","-76,28865",DESOBEDECER SEÑAL DE PARE,112.0,MOTOCICLISTA,"36,0",MASCULINO,LESIONADO
2022.0,8650.0,CHOQUE,2022-03-03,10:40,MAÑANA,JUEVES,ESTONIA,CARRERA 32 CALLE 42,URBANA,TECNICO,"3,53842","-76,30088",NO RESPETAR PRELACIÓN,123.0,NO APLICA,"47,0",FEMENINO,NO APLICA
2022.0,9264.0,CHOQUE,2022-09-28,00:10,MADRUGADA,MIÉRCOLES,CENTRO,CALLE 29 CARRERA 28,URBANA,TECNICO,"3,52604","-76,29908",SEMAFORO EN ROJO,142.0,MOTOCICLISTA,"44,0",FEMENINO,LESIONADO
2022.0,8577.0,CHOQUE,2022-02-12,15:00,TARDE,SÁBADO,EMILIA,CALLE 34A CARRERA 36,URBANA,TECNICO,"3,53234","-76,30626",DESOBEDECER SEÑAL DE PARE,112.0,NO APLICA,"50,0",FEMENINO,NO APLICA
2022.0,8629.0,CHOQUE,2022-02-27,05:00,MADRUGADA,DOMINGO,RECREO,CALLE 23 CARRERA 26,URBANA,TECNICO,"3,52078","-76,29823",DESOBEDECER SEÑAL DE PARE,112.0,ACOMPAÑANTE CONDUCTOR,"37,0",MASCULINO,LESIONADO
2022.0,8570.0,ATROPELLO,2022-02-10,17:30,TARDE,JUEVES,PORTAL DE LAS PALMAS,CALLE 47A CARRERA 46A-06,URBANA,TECNICO,"3,54266","-76,31808",CONDUCIR UN VEHICULO SIN OBSERVAR LAS MEDIDAS,157.0,NO APLICA,"19,0",MASCULINO,NO APLICA
2022.0,8884.0,CHOQUE,2022-05-10,22:30,NOCHE,MARTES,RINCON DEL BOSQUE,CALLE 31 CARRERA 9,URBANA,TECNICO,"3,52591","-76,28335",REVERSO IMPRUDENTE,134,MOTOCICLISTA,"20,0",MASCULINO,LESIONADO
2022.0,9132.0,CHOQUE,2022-07-26,06:15,MAÑANA,MARTES,SAN PEDRO,CALLE 37 CARRERA 18,URBANA,TECNICO,"3,53283","-76,28983",PONER EN MARCHA UN VEHICULO SIN LAS MEDIDAS DE PRECAUCION,143.0,NO APLICA,"30,0",MASCULINO,NO APLICA
2022.0,9142.0,CHOQUE,2022-07-29,21:00,NOCHE,VIERNES,FATIMA,CARRERA 8 CALLE 28,URBANA,TECNICO,"3,52281","-76,28344",DESOBEDECER SEÑAL DE PARE,112.0,NO APLICA,"47,0",MASCULINO,NO APLICA
2022.0,9225.0,CHOQUE,2022-09-09,20:30,NOCHE,VIERNES,SANTA RITA,CARRERA 27 CALLE 35,URBANA,TECNICO,"3,53183","-76,29715",DESOBEDECER SEÑAL DE PARE,112.0,NO APLICA,"29,0",MASCULINO,NO APLICA
2022.0,9226.0,CHOQUE,2022-09-10,05:40,MADRUGADA,SÁBADO,ESTONIA,CALLE 42 CARRERA 32,URBANA,TECNICO,"3,53841","-76,30088",SEMAFORO EN ROJO,142.0,MOTOCICLISTA,"28,0",MASCULINO,LESIONADO
2022.0,9252.0,CHOQUE,2022-09-24,15:30,TARDE,SÁBADO,DANUBIO,CARRERA 19 CALLE 33 B,URBANA,TECNICO,"3,52943","-76,29043",GIRAR BRUSCAMENTE,122.0,MOTOCICLISTA,"17,0",MASCULINO,NO APLICA
2022.0,9309.0,CHOQUE,2022-10-21,11:40,MAÑANA,VIERNES,CENTRO,CARRERA 32 CALLE 29-15,URBANA,TECNICO,"3,52687","-76,30259",PERDIDA DEL CONTROL DEL VEHICULO,157.0,NO APLICA,"17,0",MASCULINO,NO APLICA
2022.0,8567.0,CHOQUE,2022-02-10,13:20,TARDE,JUEVES,FRAY LUIS,CALLE 42 CARRERA 49,URBANA,TECNICO,"3,53689","-76,31966",NO RESPETAR PRELACIÓN,132.0,MOTOCICLISTA,"26,0",MASCULINO,LESIONADO
2022.0,8926.0,CHOQUE,2022-05-24,16:50,TARDE,MARTES,SANTA BARBARA,CALLE 31 CARRERA 44 -46,URBANA,TECNICO,"3,52906","-76,31774",NO MANTENER DISTANCIA SEGURIDAD,121,MOTOCICLISTA,"20,0",MASCULINO,LESIONADO
2022.0,DITRA,ATROPELLO,2022-01-18,18:30,NOCHE,MARTES,VIA SUCROMILLES - INGENIO PROVIDENCIA,KM 0,RURAL,POLICIA,"3,52518","-76,33753",TRANSITAR POR LA CALZADA  PEATON,404,PEATÓN,"19,0",MASCULINO,MUERTO
2022.0,9216.0,CHOQUE,2022-09-05,19:45,NOCHE,LUNES,RECREO,CARRERA 28 CALLE 24,URBANA,TECNICO,"3,5219","-76,29965",DESOBEDECER SEÑAL DE PARE,112.0,NO APLICA,"26,0",MASCULINO,NO APLICA
2022.0,9219.0,ATROPELLO,2022-09-14,08:00,MAÑANA,MIÉRCOLES,ZAMORANO,CALLE 66 CARREA 28,URBANA,TECNICO,"3,55328","-76,29302",SUBIRSE AL ANDEN,133.0,NO APLICA,"23,0",MASCULINO,NO APLICA
2022.0,DITRA,CHOQUE,2022-04-29,02:30,MADRUGADA,VIERNES,VIA CALI - PALMIRA SUR,KM 8 + 750 MTS,RURAL,POLICIA,"3,50822","-76,40944",TRANSITAR EN CONTRA VIA,127,MOTOCICLISTA,"33,0",MASCULINO,MUERTO
2022.0,8860.0,ATROPELLO,2022-05-03,19:20,NOCHE,MARTES,VIA PALMIRA CANDELARIA,KM 1,RURAL,TECNICO,"3,49833","-76,31991",CRUZAR SIN OBSERVAR,409,ACOMPAÑANTE MOTOCICLISTA,"21,0",FEMENINO,LESIONADO
2022.0,9295.0,CHOQUE,2022-10-12,15:25,TARDE,MIÉRCOLES,CENTRO,CARRERA 30 CALLE 27,URBANA,TECNICO,"3,52472","-76,30122",ARRANCAR SIN PRECAUCION,145.0,NO APLICA,"56,0",MASCULINO,NO APLICA
2022.0,9019.0,CHOQUE,2022-06-20,01:50,MADRUGADA,LUNES,LOS LIBERTADORES,CALLE 26A CARRERA 20,URBANA,TECNICO,"3,52307","-76,29256",DESOBEDECER SEÑAL DE PARE,112.0,NO APLICA,"51,0",MASCULINO,NO APLICA
2022.0,9232.0,CHOQUE,2022-09-13,07:00,MAÑANA,MARTES,COLOMBIA,CALLE 38 CARRERA 29,URBANA,TECNICO,"3,53492","-76,29856",NO RESPETAR PRELACIÓN,132.0,MOTOCICLISTA,"22,0",FEMENINO,LESIONADO
2022.0,9086.0,CHOQUE,2022-07-10,04:55,MADRUGADA,DOMINGO,SESQUI,CARRERA 24 CALLE 12-17,URBANA,TECNICO,"3,51055","-76,29585",ADELANTAR INVADIENDO CARRIL,104.0,MOTOCICLISTA,"24,0",MASCULINO,LESIONADO
2022.0,8114.0,CHOQUE,2022-07-19,15:15,TARDE,MARTES,COLOMBIA,CALLE 35 CARRERA 31,URBANA,TECNICO,"3,53236","-76,3008",DESOBEDECER SEÑAL DE PARE,112.0,NO APLICA,"31,0",MASCULINO,NO APLICA
2022.0,8891.0,CHOQUE,2022-05-14,16:00,TARDE,SÁBADO,LOS PINOS,CALLE 42 CARRERA 26-15,URBANA,TECNICO,"3,5377","-76,29561",MANIOBRAS PELIGROSAS,157,MOTOCICLISTA,"19,0",MASCULINO,LESIONADO
2022.0,8952.0,CHOQUE,2022-06-01,20:00,NOCHE,MIÉRCOLES,AMERICAS,CALLE 14 CARRERA 28,URBANA,TECNICO,"3,51327","-76,30101",ARRANCAR SIN PRECAUCION,145.0,NO APLICA,"17,0",MASCULINO,NO APLICA
2022.0,8968.0,CHOQUE OBJETO FIJO INMUEBLE,2022-06-04,03:40,MADRUGADA,SÁBADO,LOS PINOS,CALLE 42 CARRERA 22,URBANA,TECNICO,"3,53727","-76,2924",NO ESTAR PENDIENTE DE LA VIA,157.0,ACOMPAÑANTE CONDUCTOR,"2,0",MASCULINO,LESIONADO
2022.0,9031.0,CHOQUE,2022-06-23,15:30,TARDE,JUEVES,SANTA BARBARA,CALLE 26 CARRERA 46,URBANA,TECNICO,"3,52691","-76,31686",FRENAR BRUSCAMENTE,119.0,MOTOCICLISTA,"22,0",MASCULINO,LESIONADO
2022.0,9120.0,CHOQUE,2022-07-21,13:30,TARDE,JUEVES,ALTAMIRA,CARRERA 19 CALLE 46-47,URBANA,TECNICO,"3,54305","-76,29096",NO RESPETAR PRELACIÓN,123.0,MOTOCICLISTA,"17,0",MASCULINO,LESIONADO
2022.0,9298.0,CHOQUE,2022-10-12,18:50,NOCHE,MIÉRCOLES,URIBE,CALLE 33 CARRERA 21,URBANA,TECNICO,"3,52947","-76,29263",DESOBEDECER SEÑAL DE PARE,112.0,MOTOCICLISTA,"44,0",MASCULINO,LESIONADO
2022.0,8961.0,CHOQUE,2022-06-02,22:45,NOCHE,JUEVES,SAMANES,CALLE 47 CARRERA 28,URBANA,TECNICO,"3,54211","-76,29657",SEMAFORO EN ROJO,142.0,MOTOCICLISTA,"24,0",MASCULINO,LESIONADO
2022.0,9071.0,CHOQUE,2022-07-04,09:10,MAÑANA,LUNES,VIA CORONADO ROZO,KM 4 + 100 MTS PUETE MALIMBU,URBANA,TECNICO,"3,57999","-76,32762",DESOBEDECER SEÑAL DE PARE,112.0,MOTOCICLISTA,"22,0",MASCULINO,LESIONADO
2022.0,8975.0,CHOQUE,2022-06-05,20:50,NOCHE,DOMINGO,SAN PEDRO,CALLE 34A CARRERA 17,URBANA,TECNICO,"3,53003","-76,28865",DESOBEDECER SEÑAL DE PARE,112.0,ACOMPAÑANTE MOTOCICLISTA,"20,0",FEMENINO,LESIONADO
2022.0,8587.0,CHOQUE,2022-02-15,13:00,TARDE,MARTES,COLOMBIA,CARRERA 31 CALLE 35,URBANA,TECNICO,"3,53236","-76,30079",DESOBEDECER SEÑAL DE PARE,112.0,MOTOCICLISTA,"30,0",FEMENINO,LESIONADO
2022.0,8665.0,CHOQUE,2022-03-08,12:30,TARDE,MARTES,VERSALLES,CALLE 42 CARRERA 28,URBANA,TECNICO,"3,53785","-76,29721",NO ESTAR PENDIENTE DE LA VIA,157.0,MOTOCICLISTA,"21,0",FEMENINO,LESIONADO
2022.0,8671.0,CHOQUE,2022-03-12,17:50,TARDE,SÁBADO,COLOMBIA,CARRERA 30 CALLE 38,URBANA,TECNICO,"3,53505","-76,2993",DESOBEDECER SEÑAL DE PARE,112.0,ACOMPAÑANTE MOTOCICLISTA,"29,0",FEMENINO,LESIONADO
2022.0,8993.0,CHOQUE,2022-06-11,19:30,NOCHE,SÁBADO,CENTRO POBLADO LA TORRE,CARRERA 10 CALLEJON ISABELA FRENTE AL NO. 19-242,RURAL,TECNICO,"3,61726","-76,41116",FRENAR BRUSCAMENTE,119.0,CONDUCTOR,"54,0",FEMENINO,LESIONADO
2022.0,DITRA,VOLCAMIENTO,2022-11-23,14:30,TARDE,MIÉRCOLES,VIA CALI - PALMIRA SUR,KM 14 + 520 MTS,RURAL,POLICIA,"3,51974","-76,35967",PERDIDA DEL CONTROL DEL VEHICULO,157,MOTOCICLISTA,"21,0",FEMENINO,MUERTO
2022.0,9282.0,CHOQUE,2022-10-05,15:20,TARDE,MIÉRCOLES,VIA PALMIRA LA BOLSA,KM 7 + 175 MTS,RURAL,TECNICO,"3,55546","-76,24047",GIRAR BRUSCAMENTE,122.0,ACOMPAÑANTE MOTOCICLISTA,"12,0",FEMENINO,LESIONADO
2022.0,9027.0,CHOQUE,2022-06-22,07:10,MAÑANA,MIÉRCOLES,IGNACIO TORRES,CARRERA 35 CALLE 49,URBANA,TECNICO,"3,54387","-76,30758",FRENAR BRUSCAMENTE,119.0,MOTOCICLISTA,"23,0",FEMENINO,LESIONADO
2022.0,9051.0,CHOQUE,2022-06-28,13:30,TARDE,MARTES,SANTA RITA,CARRERA 27 CALLE 34,URBANA,TECNICO,"3,53101","-76,29734",DESOBEDECER SEÑAL DE PARE,112.0,MOTOCICLISTA,"37,0",MASCULINO,LESIONADO
2022.0,9226.0,CHOQUE,2022-09-10,05:40,MADRUGADA,SÁBADO,ESTONIA,CALLE 42 CARRERA 32,URBANA,TECNICO,"3,53841","-76,30088",SEMAFORO EN ROJO,142.0,MOTOCICLISTA,"36,0",MASCULINO,LESIONADO
2022.0,8772.0,CHOQUE,2022-04-07,10:10,MAÑANA,JUEVES,FRAY LUIS,CALLE 42 CARRERA 39-29,URBANA,TECNICO,"3,53885","-76,30971",CAMBIO DE CARRIL CON O SIN INDICACION,157,NO APLICA,"63,0",MASCULINO,NO APLICA
2022.0,8826.0,CHOQUE,2022-04-26,10:00,MAÑANA,MARTES,RECREO,CALLE 21 CARRERA 27,URBANA,TECNICO,"3,51939","-76,29917",DESOBEDECER SEÑAL DE PARE,112,MOTOCICLISTA,"22,0",MASCULINO,NO APLICA
2022.0,8886.0,CHOQUE,2022-05-12,19:03,NOCHE,JUEVES,LAS PALMERA,CALLE 36 CARRERA 1-94,URBANA,TECNICO,"3,5335","-76,27775",INVADIR CARRIL SENTIDO CONTRARIO,157,MOTOCICLISTA,"18,0",MASCULINO,LESIONADO
2022.0,9182.0,CHOQUE,2022-08-14,15:12,TARDE,DOMINGO,MERCEDES,CALLE 54 CARRERA 25,URBANA,TECNICO,"3,54613","-76,2904",SEMAFORO EN ROJO,142.0,NO APLICA,"16,0",MASCULINO,NO APLICA
2022.0,8844.0,CHOQUE,2022-05-01,11:10,MAÑANA,DOMINGO,URIBE,CALLE 33 CARRERA 23,URBANA,TECNICO,"3,52971","-76,29425",DESOBEDECER SEÑAL DE PARE,112,NO APLICA,"29,0",MASCULINO,NO APLICA
2022.0,8599.0,CHOQUE,2022-02-19,10:45,MAÑANA,SÁBADO,RIVERA ESCOBAR,CALLE 31 CARRERA 31-74,URBANA,TECNICO,"3,52841","-76,30179",ADELANTAR ZONA PROHIBIDAD,105.0,ACOMPAÑANTE MOTOCICLISTA,"20,0",FEMENINO,LESIONADO
2022.0,8688.0,CHOQUE,2022-03-13,23:30,NOCHE,DOMINGO,BARRIO NUEVO,CARRERA 30 CALLE 21,URBANA,TECNICO,"3,51975","-76,30206",DESOBEDECER SEÑAL DE PARE,112.0,MOTOCICLISTA,"22,0",FEMENINO,LESIONADO
2022.0,9178.0,CHOQUE,2022-08-13,15:02,TARDE,SÁBADO,VERSALLES,CALLE 42 CARRERA 26,URBANA,TECNICO,"3,53772","-76,29539",GIRAR BRUSCAMENTE,122.0,ACOMPAÑANTE MOTOCICLISTA,"20,0",FEMENINO,LESIONADO
2022.0,8762.0,CHOQUE,2022-04-04,11:50,MAÑANA,LUNES,COLOMBINA,CALLE 28 CARRERA 19,URBANA,TECNICO,"3,5243","-76,29069",PONER EN MARCHA UN VEHICULO SIN LAS MEDIDAS DE PRECAUCION,143.0,MOTOCICLISTA,"21,0",MASCULINO,LESIONADO
2022.0,9175.0,CHOQUE,2022-08-12,14:40,TARDE,VIERNES,ZAMORANO,CARRERA 28 CALLE 69,URBANA,TECNICO,"3,55546","-76,29191",GIRAR BRUSCAMENTE,122.0,MOTOCICLISTA,"25,0",FEMENINO,LESIONADO
2022.0,8959.0,CHOQUE,2022-06-02,16:30,TARDE,JUEVES,CORONADO,CALLE 63A CARRERA 34,URBANA,TECNICO,"3,5533","-76,30276",INVADIR CARRIL SENTIDO CONTRARIO,157.0,MOTOCICLISTA,"38,0",FEMENINO,LESIONADO
2022.0,8804.0,CHOQUE,2022-04-19,12:10,TARDE,MARTES,CORONADO,CARRERA 35 CALLE 55,URBANA,TECNICO,"3,54673","-76,31018",ARRANCAR SIN PRECAUCION,145,ACOMPAÑANTE MOTOCICLISTA,"67,0",FEMENINO,LESIONADO
2022.0,8646.0,CHOQUE,2022-02-28,20:30,NOCHE,LUNES,CENTRO,CALLE 28 CARRERA 31,URBANA,TECNICO,"3,52574","-76,30193",SEMAFORO EN ROJO,142.0,CONDUCTOR,"35,0",FEMENINO,LESIONADO
2022.0,9222.0,CHOQUE,2022-09-08,18:10,NOCHE,JUEVES,COLOMBIA,CALLE 34 CARRERA 31,URBANA,TECNICO,"3,5316","-76,30093",DESOBEDECER SEÑAL DE PARE,112.0,MOTOCICLISTA,"27,0",FEMENINO,LESIONADO
2022.0,9233.0,CHOQUE,2022-09-16,14:00,TARDE,VIERNES,GUAYACANES DEL SUR,CARRERA 33A CALLE 15-32,URBANA,TECNICO,"3,51602","-76,30577",GIRAR BRUSCAMENTE,122.0,MOTOCICLISTA,"26,0",FEMENINO,LESIONADO
2022.0,9231.0,CHOQUE,2022-09-15,13:50,TARDE,JUEVES,COLOMBINA,CALLE 30 CARRERA 18,URBANA,TECNICO,"3,52493","-76,29063",SEMAFORO EN ROJO,142.0,NO APLICA,"37,0",FEMENINO,NO APLICA
2022.0,8566.0,CHOQUE,2022-02-09,22:30,NOCHE,MIÉRCOLES,COLOMBIA,CALLE 36 CARRERA 31,URBANA,TECNICO,"3,5332","-76,30065",SEMAFORO EN ROJO,142.0,NO APLICA,"22,0",FEMENINO,NO APLICA
2022.0,8712.0,CHOQUE,2022-03-20,21:10,NOCHE,DOMINGO,CENTRO,CALLE 32 CARRERA 26,URBANA,TECNICO,"3,52845","-76,29697",DESOBEDECER SEÑAL DE PARE,112.0,MOTOCICLISTA,"40,0",FEMENINO,LESIONADO
2022.0,9175.0,CHOQUE,2022-08-12,14:40,TARDE,VIERNES,ZAMORANO,CARRERA 28 CALLE 69,URBANA,TECNICO,"3,55546","-76,29191",GIRAR BRUSCAMENTE,122.0,MOTOCICLISTA,"20,0",FEMENINO,LESIONADO
2022.0,9065.0,CHOQUE,2022-07-02,13:10,TARDE,SÁBADO,COLOMBIA,CALLE 36 CARRERA 31,URBANA,TECNICO,"3,53318","-76,30065",SEMAFORO EN ROJO,142.0,MOTOCICLISTA,"33,0",MASCULINO,LESIONADO
2022.0,8768.0,CHOQUE,2022-04-06,14:40,TARDE,MIÉRCOLES,BARRIO NUEVO,CARRERA 31 CALLE 27,URBANA,TECNICO,"3,52488","-76,3021",DESOBEDECER SEÑAL DE PARE,112,NO APLICA,"32,0",FEMENINO,NO APLICA
2022.0,9152.0,CHOQUE,2022-07-31,21:55,NOCHE,DOMINGO,COLOMBIA,CALLE 33 CARRERA 32,URBANA,TECNICO,"3,53091","-76,30203",TRANSITAR EN CONTRA VIA,127.0,ACOMPAÑANTE CONDUCTOR,"32,0",FEMENINO,LESIONADO
2022.0,9282.0,CHOQUE,2022-10-05,15:20,TARDE,MIÉRCOLES,VIA PALMIRA LA BOLSA,KM 7 + 175 MTS,RURAL,TECNICO,"3,55546","-76,24047",GIRAR BRUSCAMENTE,122.0,MOTOCICLISTA,"14,0",FEMENINO,LESIONADO
2022.0,9190.0,CHOQUE,2022-08-17,05:00,MADRUGADA,MIÉRCOLES,CUIDAD DEL CAMPO,CALLE 100 CARRERA 16-126,RURAL,TECNICO,"3,4563","-76,46926",REALIZAR MAL USO DEL CARRIL,157,PASAJERO,"20,0",FEMENINO,LESIONADO
2022.0,8795.0,CHOQUE,2022-04-16,17:50,TARDE,SÁBADO,BIZERTA,CALLE 36 CARRERA 21,URBANA,TECNICO,"3,53203","-76,29231",DESOBEDECER SEÑAL DE PARE,112,NO APLICA,"25,0",MASCULINO,NO APLICA
2022.0,9164.0,CHOQUE,2022-08-04,20:50,NOCHE,JUEVES,ZAMORANO,CALLE 65 CARRERA 31B,URBANA,TECNICO,"3,55462","-76,29826",GIRAR BRUSCAMENTE,122.0,ACOMPAÑANTE MOTOCICLISTA,"18,0",MASCULINO,LESIONADO
2022.0,9096.0,CHOQUE,2022-07-13,16:20,TARDE,MIÉRCOLES,DANUBIO,CALLE 34 A CARRERA 17,URBANA,TECNICO,"3,53005","-76,28866",DESOBEDECER SEÑAL DE PARE,112.0,MOTOCICLISTA,"43,0",MASCULINO,LESIONADO
2022.0,8609.0,CHOQUE,2022-02-21,14:10,TARDE,LUNES,JARDIN,CARRERA 1 CALLE 33B-01,URBANA,TECNICO,"3,52917","-76,2773",CAMBIAR CARRIL SIN OBSERVAR,157.0,NO APLICA,"67,0",MASCULINO,NO APLICA
2022.0,9171.0,CHOQUE,2022-08-08,14:40,TARDE,LUNES,SESQUI,CALLE 10 CARRERA 25A,URBANA,TECNICO,"3,50902","-76,29924",NO ESTAR PENDIENTE DE LA VIA,157.0,NO APLICA,"18,0",MASCULINO,NO APLICA
2022.0,8636.0,CHOQUE,2022-02-27,19:45,NOCHE,DOMINGO,CENTRO POBLADO AMAIME,CALLE 6 CARRERA 1A-213,RURAL,TECNICO,"3,60658","-76,27565",PERDIDA DEL CONTROL DEL VEHICULO,157.0,MOTOCICLISTA,"31,0",MASCULINO,LESIONADO
2022.0,9125.0,CHOQUE,2022-07-22,19:45,NOCHE,VIERNES,COLOMBIA,CALLE 35 CARRERA 31,URBANA,TECNICO,"3,53236","-76,30079",PONER EN MARCHA UN VEHICULO SIN LAS MEDIDAS DE PRECAUCION,143.0,NO APLICA,"33,0",MASCULINO,NO APLICA
2022.0,8966.0,CHOQUE,2022-06-03,20:30,NOCHE,VIERNES,OBRERO,CALLE 37 CARRERA 25,URBANA,TECNICO,"3,53324","-76,29526",DESOBEDECER SEÑAL DE PARE,112.0,NO APLICA,"38,0",MASCULINO,NO APLICA
2022.0,9199.0,CHOQUE,2022-08-21,16:50,TARDE,DOMINGO,TREBOL,CALLE 26A CARRERA 21,URBANA,TECNICO,"3,5231","-76,29339",DESOBEDECER SEÑAL DE PARE,112,NO APLICA,"30,0",MASCULINO,NO APLICA
2022.0,8646.0,CHOQUE,2022-02-28,20:30,NOCHE,LUNES,CENTRO,CALLE 28 CARRERA 31,URBANA,TECNICO,"3,52574","-76,30193",SEMAFORO EN ROJO,142.0,NO APLICA,"23,0",MASCULINO,NO APLICA
2022.0,8687.0,CHOQUE,2022-03-13,21:40,NOCHE,DOMINGO,FRAY LUIS,CALLE 42 CARRERA 49-50,URBANA,TECNICO,"3,53834","-76,31844",EMBRIAGUEZ APARENTE,115.0,MOTOCICLISTA,"29,0",MASCULINO,LESIONADO
2022.0,8795.0,CHOQUE,2022-04-16,17:50,TARDE,SÁBADO,BIZERTA,CALLE 36 CARRERA 21,URBANA,TECNICO,"3,53203","-76,29231",DESOBEDECER SEÑAL DE PARE,112,NO APLICA,"52,0",MASCULINO,NO APLICA
2022.0,8603.0,CHOQUE,2022-02-20,16:40,TARDE,DOMINGO,ITALIA,CARRERA 29 CALLE 6,URBANA,TECNICO,"3,50563","-76,30203",PONER EN MARCHA UN VEHICULO SIN LAS MEDIDAS DE PRECAUCION,143.0,NO APLICA,"50,0",MASCULINO,NO APLICA
2022.0,9260.0,CHOQUE,2022-09-27,12:10,TARDE,MARTES,SANTA BARBARA,CARRERA 35 CALLE 31-42,URBANA,TECNICO,"3,52879","-76,30428",ARRANCAR SIN PRECAUCION,145.0,MOTOCICLISTA,"20,0",MASCULINO,LESIONADO
2022.0,8644.0,CHOQUE,2022-03-01,18:00,NOCHE,MARTES,INDUSTRIAL,CALLE 42 CARRERA 43-44,URBANA,TECNICO,"3,53879","-76,31307",POR ESTABLECER,157.0,MOTOCICLISTA,"33,0",MASCULINO,LESIONADO
2022.0,9124.0,ATROPELLO,2022-07-22,14:20,TARDE,VIERNES,RECREO,CALLE 22 CARRERA 24A,URBANA,TECNICO,"3,51984","-76,29665",POR ESTABLECER,157.0,PEATÓN,"20,0",MASCULINO,LESIONADO
2022.0,8914.0,CHOQUE,2022-05-21,07:40,MAÑANA,SÁBADO,FRAY LUIS,CALLE 42 CARRERA 49-50,URBANA,TECNICO,"3,53774","-76,31925",FRENAR BRUSCAMENTE,119.0,NO APLICA,"32,0",MASCULINO,NO APLICA
2022.0,8876.0,CHOQUE,2022-05-09,12:45,TARDE,LUNES,URIBE,CALLE 34 CARRERA 22,URBANA,TECNICO,"3,53044","-76,29336",ARRANCAR SIN PRECAUCION,145,NO APLICA,"45,0",MASCULINO,NO APLICA
2022.0,8860.0,ATROPELLO,2022-05-03,19:20,NOCHE,MARTES,VIA PALMIRA CANDELARIA,KM 1,RURAL,TECNICO,"3,49833","-76,31991",CRUZAR SIN OBSERVAR,409,PEATÓN,"49,0",FEMENINO,LESIONADO
2022.0,9249.0,CHOQUE,2022-09-23,15:30,TARDE,VIERNES,PRIMERO DE MAYO,CALLE 41 CARRERA 13,URBANA,TECNICO,"3,53637","-76,28573",DESOBEDECER SEÑAL DE PARE,112.0,ACOMPAÑANTE MOTOCICLISTA,"2,0",MASCULINO,LESIONADO
2022.0,8551.0,ATROPELLO,2022-02-05,16:50,TARDE,SÁBADO,CENTRO,CARRERA 29 CALLE 26,URBANA,TECNICO,"3,52372","-76,30033",CRUZAR SIN OBSERVAR,409.0,PEATÓN,"68,0",FEMENINO,LESIONADO
2022.0,8996.0,CHOQUE,2022-06-13,06:40,MAÑANA,LUNES,URIBE,CALLE 23 CARRERA 23,URBANA,TECNICO,"3,52072","-76,29499",DESOBEDECER SEÑAL DE PARE,112.0,MOTOCICLISTA,"31,0",MASCULINO,LESIONADO
2022.0,8900.0,CHOQUE,2022-05-16,07:10,MAÑANA,LUNES,OBRERO,CALLE 36 CARRERA 26,URBANA,TECNICO,"3,53255","-76,29629",DESOBEDECER SEÑAL DE PARE,112,MOTOCICLISTA,"45,0",MASCULINO,LESIONADO