a_o,ipat,clase_siniestro,fecha,hora,jornada,dia_semana,barrios_corregimiento_via,direccion,zona,autoridad,lat,long,hipotesis,codigo,condicion_de_la_victima,edad,genero,lesionados_y_muertos
2022.0,8725.0,CHOQUE,2022-03-23,17:00,TARDE,MIÉRCOLES,SAN CAYETANO,CARRERA 25 CALLE 39,URBANA,TECNICO,"3,53521","-76,29493",NO MANTENER DISTANCIA SEGURIDAD,121.0,MOTOCICLISTA,"56,0",MASCULINO,LESIONADO
2022.0,DITRA,CHOQUE OBJETO FIJO ARBOL,2022-10-29,06:10,MAÑANA,SÁBADO,VIA CALI - PALMIRA NORTE,KM 9 + 900 MTS,RURAL,POLICIA,"3,51118","-76,39965",PERDIDA DEL CONTROL DEL VEHICULO,157.0,CONDUCTOR,"39,0",MASCULINO,MUERTO
2022.0,9164.0,CHOQUE,2022-08-04,20:50,NOCHE,JUEVES,ZAMORANO,CALLE 65 CARRERA 31B,URBANA,TECNICO,"3,55462","-76,29826",GIRAR BRUSCAMENTE,122.0,NO APLICA,"49,0",MASCULINO,NO APLICA
2022.0,8635.0,CHOQUE,2022-02-27,19:15,NOCHE,DOMINGO,EMILIA,CALLE 36 CARRERA 37,URBANA,TECNICO,"3,53375","-76,30737",DESOBEDECER SEÑAL DE PARE,112.0,NO APLICA,"49,0",MASCULINO,NO APLICA
2022.0,8978.0,CHOQUE,2022-06-06,08:10,MAÑANA,SÁBADO,ZAMORANO,CARRERA 31 CALLE 68,URBANA,TECNICO,"3,55677","-76,29639",ARRANCAR SIN PRECAUCION,145.0,NO APLICA,"58,0",MASCULINO,NO APLICA
2022.0,9206.0,CHOQUE,2022-08-29,12:30,TARDE,LUNES,LIBERTADORES,CALLE 27 CARRERA 18,URBANA,TECNICO,"3,52342","-76,29082",DESOBEDECER SEÑAL DE PARE,112.0,NO APLICA,"54,0",MASCULINO,NO APLICA
2022.0,9163.0,CHOQUE,2022-08-04,15:00,TARDE,JUEVES,INDEPENDENCIA,CARRERA 31 CALLE 18,URBANA,TECNICO,"3,5171","-76,30349",DESOBEDECER SEÑAL DE PARE,112.0,MOTOCICLISTA,"58,0",MASCULINO,LESIONADO
2022.0,DITRA,VOLCAMIENTO,2022-11-21,21:30,NOCHE,LUNES,VIA PALMIRA CANDELARIA,KM 42 + 600 MTS,RURAL,POLICIA,"3,47151","-76,33055",PERDIDA DEL CONTROL DEL VEHICULO,157,MOTOCICLISTA,"41,0",MASCULINO,MUERTO
2022.0,8788.0,CHOQUE,2022-04-15,12:00,TARDE,VIERNES,CENTRO,CARRERA 28 CALLE 27,URBANA,TECNICO,"3,52443","-76,29935",DESOBEDECER SEÑAL DE PARE,112,CICLISTA,"79,0",MASCULINO,LESIONADO
2022.0,8935.0,CHOQUE,2022-05-27,14:40,TARDE,VIERNES,VILLA DEL ROSARIO,CARRERA 41 CALLE63-292,URBANA,TECNICO,"3,54975","-76,31154",ARRANCAR SIN PRECAUCION,145,NO APLICA,"30,0",MASCULINO,NO APLICA
2022.0,9266.0,CHOQUE,2022-09-28,13:50,TARDE,MIÉRCOLES,SEMBRADOR,CALLE 23 CARRERA 23,URBANA,TECNICO,"3,52071","-76,29499",PONER EN MARCHA UN VEHICULO SIN LAS MEDIDAS DE PRECAUCION,143.0,NO APLICA,"62,0",MASCULINO,NO APLICA
2022.0,8629.0,CHOQUE,2022-02-27,05:00,MADRUGADA,DOMINGO,RECREO,CALLE 23 CARRERA 26,URBANA,TECNICO,"3,52078","-76,29823",DESOBEDECER SEÑAL DE PARE,112.0,NO APLICA,"17,0",MASCULINO,NO APLICA
2022.0,8853.0,CHOQUE,2022-05-03,08:40,MAÑANA,MARTES,INDUSTRIAL,CALLE 42 CARRERA 35,URBANA,TECNICO,"3,53873","-76,30655",SEMAFORO EN ROJO,142,MOTOCICLISTA,"22,0",MASCULINO,LESIONADO
2022.0,8929.0,CHOQUE,2022-05-25,18:25,NOCHE,MIÉRCOLES,SESQUI,CALLE 10A  CARRERA 31-28,URBANA,TECNICO,"3,50917","-76,30407",IMPERICIA EN EL MANEJO,139,NO APLICA,"51,0",MASCULINO,NO APLICA
2022.0,8949.0,CHOQUE,2022-06-01,06:30,MAÑANA,MIÉRCOLES,URIBE,CALLE 32 CARRERA 23,URBANA,TECNICO,"3,52827","-76,29449",ARRANCAR SIN PRECAUCION,145.0,MOTOCICLISTA,"49,0",MASCULINO,LESIONADO
2022.0,8634.0,CHOQUE,2022-02-27,11:00,MAÑANA,DOMINGO,FRAY LUIS,CALLE 42 CARRERA 47,URBANA,TECNICO,"3,53837","-76,31842",ADELANTAR EN CURVA,101.0,MOTOCICLISTA,"23,0",MASCULINO,LESIONADO
2022.0,8863.0,CHOQUE,2022-05-05,18:20,NOCHE,JUEVES,SEMBRADOR,CARRERA 23 CALLE 18,URBANA,TECNICO,"3,52076","-76,29097",DESOBEDECER SEÑAL DE PARE,112,MOTOCICLISTA,"26,0",MASCULINO,LESIONADO
2022.0,9159.0,CHOQUE,2022-08-03,17:00,TARDE,MIÉRCOLES,COLOMBIA,CALLE 34 CARRERA 33,URBANA,TECNICO,"3,53189","-76,30293",DESOBEDECER SEÑAL DE PARE,112.0,NO APLICA,"26,0",MASCULINO,NO APLICA
2022.0,9014.0,VOLCAMIENTO,2022-06-19,07:45,MAÑANA,DOMINGO,SESQUICENTENARIO,CALLE 10 CARRERA 32-FRENTE A POSTE #20252,URBANA,TECNICO,"3,50923","-76,30738",PERDIDA DEL CONTROL DEL VEHICULO,157.0,MOTOCICLISTA,"40,0",MASCULINO,LESIONADO
2022.0,8610.0,ATROPELLO,2022-02-21,16:15,TARDE,LUNES,SAN PEDRO,CALLE 35 CARRERA 12-09,URBANA,TECNICO,"3,53166","-76,28502",TRANSITAR POR LA CALZADA  PEATON,404.0,MOTOCICLISTA,"19,0",MASCULINO,LESIONADO
2022.0,8709.0,CHOQUE,2022-03-19,19:50,NOCHE,SÁBADO,VIA PALMIRA TABLONES,KM 12,RURAL,TECNICO,"3,3537","-76,1214",MANIOBRAR EN RETROCESO EN LA VIA,157.0,ACOMPAÑANTE MOTOCICLISTA,"51,0",MASCULINO,LESIONADO
2022.0,9250.0,CHOQUE,2022-09-23,17:20,TARDE,VIERNES,URIBE,CALLE 33 CARRERA 21,URBANA,TECNICO,"3,52946","-76,29261",DESOBEDECER SEÑAL DE PARE,112.0,NO APLICA,"53,0",MASCULINO,NO APLICA
2022.0,DITRA,CHOQUE,2022-04-24,19:30,NOCHE,DOMINGO,VIA PALMIRA - PRADERA,KM 79,RURAL,POLICIA,"3,50293","-76,23968",NO ESTAR PENDIENTE DE LA VIA,157,MOTOCICLISTA,"40,0",MASCULINO,MUERTO
2022.0,8809.0,CHOQUE,2022-04-20,07:15,MAÑANA,MIÉRCOLES,CENTRO,CALLE 27 CARRERA 33,URBANA,TECNICO,"3,52503","-76,30357",ARRANCAR SIN PRECAUCION,145,NO APLICA,"34,0",FEMENINO,NO APLICA
2022.0,8612.0,CHOQUE,2022-02-22,05:30,MADRUGADA,MARTES,PALMIRA CANDELARIA,JARDINES DEL PALMAR,URBANA,TECNICO,"3,50314","-76,31631",NO MANTENER DISTANCIA SEGURIDAD,121.0,NO APLICA,"34,0",MASCULINO,NO APLICA
2022.0,8855.0,ATROPELLO,2022-05-03,10:40,MAÑANA,MARTES,PRADO,CALLE 42 CARRERA 44-45,URBANA,TECNICO,"3,53875","-76,31375",POR ESTABLECER,157,PEATÓN,"60,0",FEMENINO,LESIONADO
2022.0,8738.0,CHOQUE,2022-03-26,20:20,NOCHE,SÁBADO,LA CONCORDIA,CALLE 36 CARRERA 39,URBANA,TECNICO,"3,53344","-76,30897",TRANSITAR EN CONTRA VIA,127.0,ACOMPAÑANTE MOTOCICLISTA,"21,0",FEMENINO,LESIONADO
2022.0,9638.0,CHOQUE,2022-03-01,11:10,MAÑANA,MARTES,SESQUI,CALLE 11 CARRERA 29,URBANA,TECNICO,"3,51063","-76,30182",FRENAR BRUSCAMENTE,119.0,MOTOCICLISTA,"31,0",FEMENINO,LESIONADO
2022.0,8628.0,CHOQUE,2022-02-27,03:50,MADRUGADA,DOMINGO,CENTRO POBLADO ROZO,CALLE 10 N 13-908 LA PIÑA,RURAL,TECNICO,"3,61511","-76,38913",EMBRIAGUEZ APARENTE,115.0,MOTOCICLISTA,"30,0",MASCULINO,LESIONADO
2022.0,8646.0,CHOQUE,2022-02-28,20:30,NOCHE,LUNES,CENTRO,CALLE 28 CARRERA 31,URBANA,TECNICO,"3,52574","-76,30193",SEMAFORO EN ROJO,142.0,ACOMPAÑANTE CONDUCTOR,"1,0",MASCULINO,LESIONADO
2022.0,9292.0,CHOQUE,2022-10-09,23:20,NOCHE,DOMINGO,COLOMBINA,CALLE 31 CARRERA 19,URBANA,TECNICO,"3,52684","-76,29037",NO RESPETAR PRELACIÓN,132.0,ACOMPAÑANTE MOTOCICLISTA,"50,0",MASCULINO,LESIONADO
2022.0,9184.0,CHOQUE,2022-08-15,12:15,TARDE,LUNES,MUNICIPAL,CARRERA 1 CALLE 31A,URBANA,TECNICO,"3,52571","-76,27795",NO MANTENER DISTANCIA SEGURIDAD,121.0,ACOMPAÑANTE CONDUCTOR,"65,0",MASCULINO,LESIONADO
2022.0,9131.0,CHOQUE,2022-07-24,22:40,NOCHE,DOMINGO,VIA PALMIRA GUAYABAL,KM 3+ 300 MTS,RURAL,TECNICO,"3,54504","-76,2661",INVADIR CARRIL SENTIDO CONTRARIO,157.0,MOTOCICLISTA,"23,0",MASCULINO,LESIONADO
2022.0,9192.0,CHOQUE,2022-08-18,10:40,MAÑANA,JUEVES,SESQUI,CARRERA 24 CALLE 12 A,URBANA,TECNICO,"3,5107","-76,29586",ADELANTAR ZONA PROHIBIDAD,105.0,MOTOCICLISTA,"20,0",MASCULINO,LESIONADO
2022.0,9220.0,ATROPELLO,2022-09-07,11:20,MAÑANA,MIÉRCOLES,TREBOL,CARRERA 18 CALLE 26-18,URBANA,TECNICO,"3,52303","-76,29082",IMPERICIA EN EL MANEJO,139.0,PEATÓN,"15,0",MASCULINO,LESIONADO
2022.0,9195.0,ATROPELLO,2022-08-20,14:12,TARDE,SÁBADO,COLOMBIA,CARRERA 32 CALLE 35,URBANA,TECNICO,"3,53249","-76,30177",SALIR POR DELANTE DE UN VEHICULO,402,MOTOCICLISTA,"49,0",FEMENINO,LESIONADO
2022.0,8745.0,CHOQUE,2022-03-30,23:00,NOCHE,MIÉRCOLES,URIBE,CARRERA 23 CALLE 34,URBANA,TECNICO,"3,53055","-76,29412",NO MANTENER DISTANCIA SEGURIDAD,121.0,MOTOCICLISTA,"52,0",FEMENINO,LESIONADO
2022.0,DITRA,CHOQUE LLANTA,2022-03-25,00:10,MADRUGADA,VIERNES,VIA CALI - PALMIRA NORTE,KM 06 + 100 MTS,RURAL,POLICIA,"3,50352","-76,4333",OBSTÁCULOS EN LA VÍA,308,MOTOCICLISTA,"38,0",MASCULINO,MUERTO
2022.0,8985.0,ATROPELLO,2022-06-09,10:00,MAÑANA,JUEVES,AMAIME,CALLE 7 CARRERA 1-35,RURAL,TECNICO,"3,60884","-76,27114",TRANSITAR POR LA CALZADA  PEATON,404.0,PEATÓN,"77,0",MASCULINO,NO APLICA
2022.0,9085.0,CHOQUE VEHICULO ESTACIONADO,2022-07-10,00:30,MADRUGADA,DOMINGO,COLOMBINA,CALLE 31 CARRERA 15,URBANA,TECNICO,"3,52649","-76,28773",PERDIDA DEL CONTROL DEL VEHICULO,157.0,MOTOCICLISTA,"60,0",MASCULINO,LESIONADO
2022.0,9221.0,CHOQUE,2022-09-08,12:20,TARDE,JUEVES,EMILIA,CALLE 37 CARRERA 38,URBANA,TECNICO,"3,53438","-76,30829",DESOBEDECER SEÑAL DE PARE,112.0,NO APLICA,"74,0",MASCULINO,NO APLICA
2022.0,8565.0,CHOQUE,2022-02-09,20:30,NOCHE,MIÉRCOLES,BARRIO NUEVO,CARRERA 28 CALLE 24,URBANA,TECNICO,"3,5219","-76,29966",DESOBEDECER SEÑAL DE PARE,112.0,NO APLICA,"40,0",MASCULINO,NO APLICA
2022.0,9290.0,CHOQUE,2022-10-07,18:30,TARDE,VIERNES,DANUBIO,CARRELA 19 CALLE 34A,URBANA,TECNICO,"3,53053","-76,29041",GIRAR BRUSCAMENTE,122.0,MOTOCICLISTA,"27,0",MASCULINO,LESIONADO
2022.0,9203.0,CHOQUE,2022-08-24,20:00,NOCHE,MIÉRCOLES,URIBE,CALLE 33 CARRERA 20,URBANA,TECNICO,"3,52933","-76,29175",DESOBEDECER SEÑAL DE PARE,112.0,MOTOCICLISTA,"33,0",MASCULINO,MUERTO
2022.0,9080.0,CHOQUE,2022-07-08,22:50,NOCHE,MIÉRCOLES,LIBERTAD,CALLE 39 CARRERA 11,URBANA,TECNICO,"3,53514","-76,28398",DESOBEDECER SEÑAL DE PARE,112.0,MOTOCICLISTA,"20,0",MASCULINO,MUERTO
2022.0,8697.0,CHOQUE,2022-03-16,07:30,MAÑANA,MIÉRCOLES,SAN CAYETANO,CALLE 40 CARRERA 21,URBANA,TECNICO,"3,53561","-76,29182",DESOBEDECER SEÑAL DE PARE,112.0,MOTOCICLISTA,"40,0",MASCULINO,LESIONADO
2022.0,8984.0,CHOQUE,2022-06-08,16:40,TARDE,MIÉRCOLES,COLOMBINA,CALLE 29 CARRERA 23,URBANA,TECNICO,"3,52551","-76,29489",DESOBEDECER SEÑAL DE PARE,112.0,MOTOCICLISTA,"45,0",MASCULINO,LESIONADO
2022.0,9005.0,CHOQUE,2022-06-15,15:15,TARDE,MIÉRCOLES,LA TRINIDAD,CALLE 31 CARRERA 23,URBANA,TECNICO,"3,5275","-76,29525",ADELANTAR POR LA DERECHA,102.0,MOTOCICLISTA,"72,0",MASCULINO,LESIONADO
2022.0,8550.0,CHOQUE,2022-02-05,13:50,TARDE,SÁBADO,INDUSTRIAL,CALLE 42 CARRERA 34,URBANA,TECNICO,"3,5386","-76,30273",ARRANCAR SIN PRECAUCION,145.0,NO APLICA,"71,0",MASCULINO,NO APLICA
2022.0,8738.0,CHOQUE,2022-03-26,20:20,NOCHE,SÁBADO,LA CONCORDIA,CALLE 36 CARRERA 39,URBANA,TECNICO,"3,53344","-76,30897",TRANSITAR EN CONTRA VIA,127.0,MOTOCICLISTA,"60,0",MASCULINO,LESIONADO
2022.0,8865.0,CHOQUE,2022-05-06,18:40,NOCHE,VIERNES,COLOMBIA,CALLE 37 CARRERA 31,URBANA,TECNICO,"3,53404","-76,30052",ARRANCAR SIN PRECAUCION,145,NO APLICA,"30,0",MASCULINO,NO APLICA
2022.0,8742.0,CHOQUE,2022-03-28,17:00,TARDE,LUNES,FRAY LUIS,CALLE 42 CARRERA 46-77,URBANA,TECNICO,"3,53874","-76,31547",INVADIR CARRIL SENTIDO CONTRARIO,157.0,MOTOCICLISTA,"41,0",MASCULINO,LESIONADO
2022.0,9009.0,CHOQUE,2022-06-17,13:50,TARDE,VIERNES,FRAY LUIS,CALLE 42 CARRERA 49 FRENTE ALQUERIA,URBANA,TECNICO,"3,53714","-76,31975",FRENAR BRUSCAMENTE,119.0,MOTOCICLISTA,"23,0",MASCULINO,LESIONADO
2022.0,9025.0,CHOQUE,2022-06-22,20:30,NOCHE,MIÉRCOLES,CIUDAD DEL CAMPO,CALLE 101 CARRERA 35,RURAL,TECNICO,"3,45742","-76,46382",NO RESPETAR PRELACIÓN,123.0,CICLISTA,"14,0",MASCULINO,LESIONADO
2022.0,DITRA,CHOQUE,2022-05-25,07:50,MAÑANA,MIÉRCOLES,VIA PALMASECA EL CERRITO,KM 10 + 905 MTS,RURAL,POLICIA,"3,59615","-76,40092",INVADIR CARRIL SENTIDO CONTRARIO,157,MOTOCICLISTA,"67,0",MASCULINO,MUERTO
2022.0,DITRA,CHOQUE,2022-05-09,18:30,NOCHE,LUNES,VIA PALMASECA EL CERRITO,KM 6 + 100 MTS,RURAL,POLICIA,"3,55355","-76,41492",NO ESTAR ATENTO A LOS OBSTACULOS SOBRE LA VIA,157,NO APLICA,"43,0",MASCULINO,NO APLICA
2022.0,8585.0,CHOQUE,2022-02-12,22:20,NOCHE,SÁBADO,COLOMBIA,CALLE 36 CARRERA 31,URBANA,TECNICO,"3,5332","-76,30065",NO RESPETAR PRELACIÓN,132.0,NO APLICA,"33,0",MASCULINO,NO APLICA
2022.0,8709.0,CHOQUE,2022-03-19,19:50,NOCHE,SÁBADO,VIA PALMIRA TABLONES,KM 12,RURAL,TECNICO,"3,3537","-76,1214",MANIOBRAR EN RETROCESO EN LA VIA,157.0,MOTOCICLISTA,"31,0",MASCULINO,LESIONADO
2022.0,8927.0,CHOQUE,2022-05-24,16:10,TARDE,MARTES,DANUBIO,CARRERA 18 CALLE 33-24,URBANA,TECNICO,"3,52925","-76,29041",NO MANTENER DISTANCIA SEGURIDAD,121,MOTOCICLISTA,"44,0",MASCULINO,LESIONADO
2022.0,DITRA,CHOQUE,2022-03-28,18:15,NOCHE,LUNES,VIA CENCAR -AEREOPUERTO,KM 0 + 570 MTS,RURAL,POLICIA,"3,54917","-76,48533",NO MANTENER DISTANCIA SEGURIDAD,121,MOTOCICLISTA,"52,0",MASCULINO,MUERTO
2022.0,9069.0,CHOQUE,2022-07-03,10:30,MAÑANA,DOMINGO,RECREO,CALLE 18 CARRERA 25,URBANA,TECNICO,"3,5169","-76,2978",NO RESPETAR PRELACIÓN,132.0,MOTOCICLISTA,"27,0",MASCULINO,LESIONADO
2022.0,9267.0,CHOQUE,2022-09-30,08:30,MAÑANA,VIERNES,INGENIO MANUELITA,CALLEJON HACIA LA GERTRUDIS,RURAL,TECNICO,"3,58473","-76,27307",POR ESTABLECER,157.0,MOTOCICLISTA,"36,0",MASCULINO,LESIONADO
2022.0,8693.0,CHOQUE,2022-03-14,22:30,NOCHE,LUNES,ZAMORANO,CALLE 65 CARRERA 28-200,URBANA,TECNICO,"3,55284","-76,29477",ADELANTAR INVADIENDO CARRIL,104.0,MOTOCICLISTA,"29,0",MASCULINO,LESIONADO
2022.0,8607.0,CHOQUE,2022-02-21,12:30,TARDE,LUNES,SESQUI,CARRERA 32 CALLE 8 -10,URBANA,TECNICO,"3,50933","-76,30804",DESOBEDECER SEÑAL DE PARE,112.0,NO APLICA,"49,0",MASCULINO,NO APLICA
2022.0,9067.0,CHOQUE,2022-07-02,23:10,NOCHE,SÁBADO,CENTRO,CALLE 28 CARRERA 26,URBANA,TECNICO,"3,525","-76,29759",DESOBEDECER SEÑAL DE PARE,112.0,MOTOCICLISTA,"33,0",FEMENINO,LESIONADO
2022.0,8732.0,CHOQUE,2022-03-26,09:10,MAÑANA,SÁBADO,OBRERO,CALLE 34 CARRERA26,URBANA,TECNICO,"3,53088","-76,29663",ARRANCAR SIN PRECAUCION,145.0,MOTOCICLISTA,"49,0",MASCULINO,LESIONADO
2022.0,8844.0,CHOQUE,2022-05-01,11:10,MAÑANA,DOMINGO,URIBE,CALLE 33 CARRERA 23,URBANA,TECNICO,"3,52971","-76,29425",DESOBEDECER SEÑAL DE PARE,112,MOTOCICLISTA,"27,0",FEMENINO,LESIONADO
2022.0,9003.0,ATROPELLO,2022-06-14,17:25,TARDE,MARTES,CENTRO POBLADO LA TORRE,CALLE 10 FRENTE 19-362,RURAL,TECNICO,"3,61776","-76,41703",IMPERICIA EN EL MANEJO,139.0,PEATÓN,"53,0",FEMENINO,LESIONADO
2022.0,9249.0,CHOQUE,2022-09-23,15:30,TARDE,VIERNES,PRIMERO DE MAYO,CALLE 41 CARRERA 13,URBANA,TECNICO,"3,53637","-76,28573",DESOBEDECER SEÑAL DE PARE,112.0,ACOMPAÑANTE MOTOCICLISTA,"38,0",FEMENINO,LESIONADO
2022.0,DITRA,CHOQUE,2022-04-01,01:00,MADRUGADA,VIERNES,VIA CALI - PALMIRA SUR,KM 2+ 700 MTS,RURAL,POLICIA,"3,49634","-76,46227",TRANSITAR EN CONTRA VIA,127.0,NO APLICA,"30,0",MASCULINO,NO APLICA
2022.0,8629.0,CHOQUE,2022-02-27,05:00,MADRUGADA,DOMINGO,RECREO,CALLE 23 CARRERA 26,URBANA,TECNICO,"3,52078","-76,29823",DESOBEDECER SEÑAL DE PARE,112.0,CONDUCTOR,"36,0",MASCULINO,LESIONADO
2022.0,9145.0,ATROPELLO,2022-07-26,13:45,TARDE,MARTES,OBRERO,CARRERA 24 CALLE 33-34,URBANA,TECNICO,"3,53006","-76,29515",POR ESTABLECER,157.0,NO APLICA,"28,0",MASCULINO,NO APLICA
2022.0,8907.0,CHOQUE,2022-05-19,06:30,MAÑANA,JUEVES,ESTONIA,CARRERA 32 CALLE 44,URBANA,TECNICO,"3,53979","-76,30069",DESOBEDECER SEÑAL DE PARE,112,NO APLICA,"63,0",MASCULINO,NO APLICA
2022.0,9201.0,CHOQUE,2022-08-23,15:00,TARDE,MARTES,SESQUI,CALLE 10 CARRERA 31,URBANA,TECNICO,"3,50968","-76,30381",NO RESPETAR PRELACIÓN,132.0,NO APLICA,"33,0",FEMENINO,NO APLICA
2022.0,9638.0,CHOQUE,2022-03-01,11:10,MAÑANA,MARTES,SESQUI,CALLE 11 CARRERA 29,URBANA,TECNICO,"3,51063","-76,30182",FRENAR BRUSCAMENTE,119.0,NO APLICA,"29,0",MASCULINO,NO APLICA
2022.0,8728.0,CHOQUE,2022-03-25,14:30,TARDE,VIERNES,PRADO,CALLE 40 CARRERA 40-37,URBANA,TECNICO,"3,53642","-76,31062",NO ESTAR PENDIENTE DE LA VIA,157.0,NO APLICA,"48,0",MASCULINO,NO APLICA
2022.0,8971.0,VOLCAMIENTO,2022-06-05,02:10,MAÑANA,DOMINGO,ESTONIA,CALLE 47 CARRERA 32,URBANA,TECNICO,"3,54238","-76,30061",PERDIDA DEL CONTROL DEL VEHICULO,157.0,MOTOCICLISTA,"43,0",MASCULINO,LESIONADO
2022.0,9194.0,CHOQUE,2022-08-19,18:40,NOCHE,VIERNES,VIA PALMIRA POTRERILLO,KM 10 + 500 MTS,RURAL,TECNICO,"3,5669","-76,21507",INVADIR CARRIL SENTIDO CONTRARIO,157,CICLISTA,"20,0",MASCULINO,LESIONADO
2022.0,9656.0,CHOQUE,2022-03-05,05:30,MADRUGADA,SÁBADO,ALAMEDA,CALLE 69 CARRERA 26-162,URBANA,TECNICO,"3,55469","-76,2895",ARRANCAR SIN PRECAUCION,145.0,MOTOCICLISTA,"48,0",MASCULINO,LESIONADO
2022.0,8919.0,CHOQUE,2022-05-21,13:50,TARDE,SÁBADO,SAN PEDRO,CALLE 35B CARRERA 9,URBANA,TECNICO,"3,53202","-76,2821",DESOBEDECER SEÑAL DE PARE,112,MOTOCICLISTA,"61,0",MASCULINO,LESIONADO
2022.0,8661.0,CHOQUE,2022-03-06,15:50,TARDE,DOMINGO,CUIDADELA PALMIRA,CARRERA 9 CALLE 26,URBANA,TECNICO,"3,52172","-76,28405",DESOBEDECER SEÑAL DE PARE,112.0,ACOMPAÑANTE MOTOCICLISTA,"11,0",FEMENINO,LESIONADO
2022.0,9070.0,CHOQUE,2022-07-03,12:00,TARDE,DOMINGO,DELICIAS,CALLE 27 CARRERA 27,URBANA,TECNICO,"3,52434","-76,29855",DESOBEDECER SEÑAL DE PARE,112.0,ACOMPAÑANTE MOTOCICLISTA,"1,0",FEMENINO,LESIONADO
2022.0,9147.0,CHOQUE,2022-07-30,13:20,TARDE,SÁBADO,SANTA RITA,CALLE 35 CARRERA 27,URBANA,TECNICO,"3,53182","-76,29715",DESOBEDECER SEÑAL DE PARE,112.0,ACOMPAÑANTE MOTOCICLISTA,"7,0",FEMENINO,LESIONADO
2022.0,9257.0,CHOQUE,2022-09-26,07:30,MAÑANA,LUNES,OBRERO,CALLE 24 CARRERA 37,URBANA,TECNICO,"3,53788","-76,29618",GIRAR BRUSCAMENTE,122.0,NO APLICA,"47,0",MASCULINO,NO APLICA
2022.0,9009.0,CHOQUE,2022-06-17,13:50,TARDE,VIERNES,FRAY LUIS,CALLE 42 CARRERA 49 FRENTE ALQUERIA,URBANA,TECNICO,"3,53714","-76,31975",NO MANTENER DISTANCIA SEGURIDAD,121.0,MOTOCICLISTA,"64,0",MASCULINO,LESIONADO
2022.0,9230.0,CHOQUE,2022-09-13,19:10,NOCHE,MARTES,VIA CORONADO ROZO,600 MTS,RURAL,TECNICO,"3,55692","-76,31017",INVADIR CARRIL SENTIDO CONTRARIO,157.0,NO APLICA,"39,0",MASCULINO,NO APLICA
2022.0,9254.0,CHOQUE,2022-09-25,12:20,TARDE,DOMINGO,SAMANES,CALLE 47 CARRERA 28,URBANA,TECNICO,"3,54212","-76,29663",SEMAFORO EN ROJO,142.0,MOTOCICLISTA,"37,0",MASCULINO,LESIONADO
2022.0,9271.0,ATROPELLO,2022-10-01,08:30,MAÑANA,SÁBADO,EMILIA,CARRERA 35 CALLE 39-40,URBANA,TECNICO,"3,53759","-76,30638",POR ESTABLECER,157.0,PEATÓN,"66,0",MASCULINO,LESIONADO
2022.0,9043.0,CHOQUE,2022-06-26,14:10,TARDE,DOMINGO,EL SEMBRADOR,CARRERA 19 CALLE 18,URBANA,TECNICO,"3,51691","-76,29086",NO RESPETAR PRELACIÓN,123.0,NO APLICA,"34,0",MASCULINO,NO APLICA
2022.0,8945.0,CHOQUE,2022-05-30,08:40,MAÑANA,LUNES,VIA CORONADO ROZO,KM 5 + 450 MTS,RURAL,TECNICO,"3,58638","-76,34158",INVADIR CARRIL SENTIDO CONTRARIO,157,CONDUCTOR,"43,0",MASCULINO,LESIONADO
2022.0,8881.0,CHOQUE,2022-05-10,12:22,TARDE,MARTES,VIA PALMIRA CANDELARIA,HOTEL LAS VICTORIAS,URBANA,TECNICO,"3,50878","-76,30906",FRENAR BRUSCAMENTE,119.0,CICLISTA,"28,0",FEMENINO,LESIONADO
2022.0,8615.0,CHOQUE,2022-02-23,05:00,MADRUGADA,MIÉRCOLES,CENTRO,CALLE 31 CARRERA 23,URBANA,TECNICO,"3,52745","-76,29461",SEMAFORO EN ROJO,142.0,MOTOCICLISTA,"49,0",MASCULINO,LESIONADO
2022.0,9070.0,CHOQUE,2022-07-03,12:00,TARDE,DOMINGO,DELICIAS,CALLE 27 CARRERA 27,URBANA,TECNICO,"3,52434","-76,29855",DESOBEDECER SEÑAL DE PARE,112.0,NO APLICA,"62,0",MASCULINO,NO APLICA
2022.0,DITRA,ATROPELLO,2022-09-09,07:00,MAÑANA,VIERNES,VIA CENCAR -AEREOPUERTO,KM 7 + 400 MTS,RURAL,POLICIA,"3,55853","-76,42723",CRUZAR SIN OBSERVAR,409.0,PEATÓN,"72,0",MASCULINO,MUERTO
2022.0,9005.0,CHOQUE,2022-06-15,15:15,TARDE,MIÉRCOLES,LA TRINIDAD,CALLE 31 CARRERA 23,URBANA,TECNICO,"3,5275","-76,29525",ADELANTAR POR LA DERECHA,102.0,ACOMPAÑANTE MOTOCICLISTA,"81,0",MASCULINO,MUERTO