a_o,ipat,clase_siniestro,fecha,hora,jornada,dia_semana,barrios_corregimiento_via,direccion,zona,autoridad,lat,long,hipotesis,codigo,condicion_de_la_victima,edad,genero,lesionados_y_muertos
2022.0,9110.0,CHOQUE,2022-07-17,21:40,NOCHE,DOMINGO,SESQUI,CARRERA 32 CALLE 11-20,URBANA,TECNICO,"3,51076","-76,3069",NO RESPETAR PRELACIÓN,132.0,MOTOCICLISTA,"58,0",MASCULINO,LESIONADO
2022.0,9198.0,CHOQUE,2022-08-21,04:20,MADRUGADA,DOMINGO,BARRIO NUEVO,CARRERA 33A CALLE 19,URBANA,TECNICO,"3,51859","-76,30537",EMBRIAGUEZ,115,NO APLICA,"30,0",MASCULINO,NO APLICA
2022.0,9256.0,CHOQUE,2022-09-25,19:03,NOCHE,DOMINGO,URIBE,CALLE 33 CARRERA 22,URBANA,TECNICO,"3,52959","-76,29346",DESOBEDECER SEÑAL DE PARE,112.0,NO APLICA,"48,0",MASCULINO,NO APLICA
2022.0,9012.0,CHOQUE,2022-06-17,16:20,TARDE,VIERNES,VIA PALMIRA TABLONES,KM12+200 FRENTE AL POSTE#9148,RURAL,TECNICO,"3,58782","-76,20851",PERDIDA DEL CONTROL DEL VEHICULO,157.0,ACOMPAÑANTE MOTOCICLISTA,"41,0",FEMENINO,LESIONADO
2022.0,8643.0,CHOQUE,2022-03-01,18:50,NOCHE,MARTES,OBRERO,CARRERA 25 CALLE 34,URBANA,TECNICO,"3,53077","-76,29568",PONER EN MARCHA UN VEHICULO SIN LAS MEDIDAS DE PRECAUCION,143.0,ACOMPAÑANTE CICLISTA,"19,0",FEMENINO,LESIONADO
2022.0,DITRA,VOLCAMIENTO,2022-06-29,22:40,NOCHE,MIÉRCOLES,VIA MULALO - PRODESAL,KM 11 + 500 MTS,RURAL,POLICIA,"3,59248","-76,40117",EMBRIAGUEZ,115,CONDUCTOR,"61,0",MASCULINO,MUERTO
2022.0,8569.0,CHOQUE,2022-02-10,15:30,TARDE,JUEVES,SANTA RITA,CARRERA 28 CALLE 34,URBANA,TECNICO,"3,53118","-76,2983",PONER EN MARCHA UN VEHICULO SIN LAS MEDIDAS DE PRECAUCION,143.0,MOTOCICLISTA,"51,0",MASCULINO,LESIONADO
2022.0,7959.0,CHOQUE,2022-04-03,00:10,MADRUGADA,DOMINGO,CUIDAD DEL CAMPO,CALLE 101 CARRERA 37,RURAL,TECNICO,"3,4575","-76,46355",TRANSITAR EN CONTRA VIA,127.0,NO APLICA,"52,0",MASCULINO,NO APLICA
2022.0,9089.0,CHOQUE,2022-07-12,11:50,MAÑANA,MARTES,CENTRO,CALLE 32 CARRERA 25,URBANA,TECNICO,"3,52848","-76,29611",DESOBEDECER SEÑAL DE PARE,112.0,MOTOCICLISTA,"22,0",MASCULINO,LESIONADO
2022.0,DITRA,ATROPELLO,2022-09-08,05:30,MADRUGADA,JUEVES,VIA CALI - PALMIRA NORTE,KM  9 + 150 MTS,URBANA,TECNICO,"3,50873","-76,40683",TRANSITAR POR LA CALZADA  PEATON,404.0,PEATÓN,"84,0",MASCULINO,MUERTO
2022.0,8997.0,CHOQUE,2022-06-13,15:14,TARDE,LUNES,COLOMBIA,CALLE 37 CARRERA 38,URBANA,TECNICO,"3,53454","-76,30753",ARRANCAR SIN PRECAUCION,147.0,NO APLICA,"67,0",MASCULINO,NO APLICA
2022.0,8996.0,CHOQUE,2022-06-13,06:40,MAÑANA,LUNES,URIBE,CALLE 23 CARRERA 23,URBANA,TECNICO,"3,52072","-76,29499",DESOBEDECER SEÑAL DE PARE,112.0,NO APLICA,"61,0",MASCULINO,NO APLICA
2022.0,8879.0,CHOQUE,2022-05-09,21:40,NOCHE,LUNES,SAN PEDRO,CARRERA 19 CALLE 38-26,URBANA,TECNICO,"3,53426","-76,29054",PONER EN MARCHA UN VEHICULO SIN LAS MEDIDAS DE PRECAUCION,143,MOTOCICLISTA,"35,0",MASCULINO,LESIONADO
2022.0,9194.0,CHOQUE,2022-08-19,18:40,NOCHE,VIERNES,VIA PALMIRA POTRERILLO,KM 10 + 500 MTS,RURAL,TECNICO,"3,5669","-76,21507",INVADIR CARRIL SENTIDO CONTRARIO,157,NO APLICA,"50,0",MASCULINO,NO APLICA
2022.0,9230.0,CHOQUE,2022-09-13,19:10,NOCHE,MARTES,VIA CORONADO ROZO,600 MTS,RURAL,TECNICO,"3,55692","-76,31017",INVADIR CARRIL SENTIDO CONTRARIO,157.0,CONDUCTOR,"44,0",MASCULINO,LESIONADO
2022.0,8679.0,CHOQUE,2022-03-12,14:00,TARDE,SÁBADO,BARRIO NUEVO,CARRERA 32 CALLE 26,URBANA,TECNICO,"3,52408","-76,30303",DESOBEDECER SEÑAL DE PARE,112.0,MOTOCICLISTA,"35,0",MASCULINO,LESIONADO
2022.0,8821.0,CHOQUE,2022-04-24,13:10,TARDE,DOMINGO,SAN CAYETANO,CALLE 42 CARRERA 25,URBANA,TECNICO,"3,53759","-76,29451",DESOBEDECER SEÑAL DE PARE,112,NO APLICA,"39,0",MASCULINO,NO APLICA
2022.0,DITRA,CHOQUE OBJETO FIJO ARBOL,2022-02-13,03:50,MADRUGADA,DOMINGO,VIA CALI - PALMIRA SUR,KM 19 + 50 MTS,RURAL,POLICIA,"3,53296","-76,32238",PERDIDA DEL CONTROL DEL VEHICULO,157.0,MOTOCICLISTA,"30,0",MASCULINO,MUERTO
2022.0,8995.0,CHOQUE,2022-06-12,19:03,NOCHE,DOMINGO,SANTA TERESITA,TRANSV 39 CALLE 48,URBANA,TECNICO,"3,54314","-76,31057",NO RESPETAR PRELACIÓN,123.0,MOTOCICLISTA,"24,0",MASCULINO,LESIONADO
2022.0,8995.0,CHOQUE,2022-06-12,19:03,NOCHE,DOMINGO,SANTA TERESITA,TRANSV 39 CALLE 48,URBANA,TECNICO,"3,54314","-76,31057",NO RESPETAR PRELACIÓN,123.0,MOTOCICLISTA,"24,0",MASCULINO,LESIONADO
2022.0,9017.0,CHOQUE,2022-06-19,20:50,NOCHE,DOMINGO,CORONADO,CARRERA 38 CALLE 63,URBANA,TECNICO,"3,55365","-76,30954",DESOBEDECER SEÑAL DE PARE,112.0,MOTOCICLISTA,"18,0",MASCULINO,LESIONADO
2022.0,9253.0,ATROPELLO,2022-09-24,15:00,TARDE,SÁBADO,CUIDAD DEL CAMPO,CALLE 101 CARRERA 30-31,RURAL,TECNICO,"3,45706","-76,46514",TRANSITAR EN CONTRA VIA,127.0,PEATÓN,"9,0",MASCULINO,LESIONADO
2022.0,9067.0,CHOQUE,2022-07-02,23:10,NOCHE,SÁBADO,CENTRO,CALLE 28 CARRERA 26,URBANA,TECNICO,"3,525","-76,29759",DESOBEDECER SEÑAL DE PARE,112.0,NO APLICA,"60,0",MASCULINO,NO APLICA
2022.0,9112.0,CHOQUE,2022-07-18,12:20,TARDE,LUNES,BARRIO NUEVO,CARRERA 32 CALLE 26,URBANA,TECNICO,"3,52406","-76,30303",DESOBEDECER SEÑAL DE PARE,112.0,MOTOCICLISTA,"54,0",MASCULINO,LESIONADO
2022.0,8554.0,CHOQUE,2022-02-07,16:00,TARDE,LUNES,ITALIA,TRANSVERSAL 30 CALLE 6E-39,URBANA,TECNICO,"3,50574","-76,30533",PONER EN MARCHA UN VEHICULO SIN LAS MEDIDAS DE PRECAUCION,145.0,MOTOCICLISTA,"42,0",MASCULINO,LESIONADO
2022.0,8650.0,CHOQUE,2022-03-03,10:40,MAÑANA,JUEVES,ESTONIA,CARRERA 32 CALLE 42,URBANA,TECNICO,"3,53842","-76,30088",NO RESPETAR PRELACIÓN,123.0,PEATÓN,"54,0",MASCULINO,LESIONADO
2022.0,8874.0,CHOQUE,2022-05-08,12:30,TARDE,DOMINGO,ZAMORANO,CALLE 67 CARRERA 31,URBANA,TECNICO,"3,55594","-76,29687",REALIZAR MANIOBRAS PELIGROSAS,157,NO APLICA,"53,0",MASCULINO,NO APLICA
2022.0,9183.0,ATROPELLO,2022-08-14,20:19,NOCHE,DOMINGO,AMERICAS,CARRERA 24 CALLE 25-04,URBANA,TECNICO,"3,52247","-76,29591",CRUZAR SIN OBSERVAR,409.0,PEATÓN,"60,0",MASCULINO,LESIONADO
2022.0,8672.0,CHOQUE,2022-03-12,17:30,TARDE,SÁBADO,RINCON DEL BOSQUE,CALLE 31 CARRERA 7-8,URBANA,TECNICO,"3,52571","-76,28203",NO MANTENER DISTANCIA SEGURIDAD,121.0,MOTOCICLISTA,"22,0",MASCULINO,LESIONADO
2022.0,9178.0,CHOQUE,2022-08-13,15:02,TARDE,SÁBADO,VERSALLES,CALLE 42 CARRERA 26,URBANA,TECNICO,"3,53772","-76,29539",GIRAR BRUSCAMENTE,122.0,NO APLICA,"29,0",MASCULINO,NO APLICA
2022.0,9279.0,CHOQUE,2022-10-05,08:00,MAÑANA,MIÉRCOLES,CAMPESTRE,CALLE 42 CARRERA 2,URBANA,TECNICO,"3,53674","-76,27796",NO ESTAR PENDIENTE DE LA VIA,157.0,NO APLICA,"44,0",MASCULINO,NO APLICA
2022.0,8713.0,CHOQUE,2022-03-20,22:00,NOCHE,DOMINGO,EMILIA,CARRERA 35 TRANSVERSAL 37,URBANA,TECNICO,"3,53489","-76,30589",NO ESTAR PENDIENTE DE LA VIA,157.0,NO APLICA,"51,0",MASCULINO,NO APLICA
2022.0,9001.0,CHOQUE,2022-06-14,05:30,MADRUGADA,MARTES,VIA PALMIRA BARRANCAS,KM 4+ 500 MTS,RURAL,TECNICO,"3,53789","-76,29763",POR ESTABLECER,157.0,MOTOCICLISTA,"26,0",MASCULINO,LESIONADO
2022.0,8965.0,CHOQUE,2022-06-03,12:10,TARDE,VIERNES,COLOMBIA,CALLE 35 CARRERA 31,URBANA,TECNICO,"3,53235","-76,30078",DESOBEDECER SEÑAL DE PARE,112.0,MOTOCICLISTA,"48,0",MASCULINO,LESIONADO
2022.0,9155.0,CHOQUE,2022-08-02,13:30,TARDE,MARTES,VIA PALMIRA BOLO,KM 2,RURAL,TECNICO,"3,50043","-76,31841",TRANSITAR EN CONTRA VIA,127.0,NO APLICA,"51,0",MASCULINO,NO APLICA
2022.0,9295.0,CHOQUE,2022-10-12,15:25,TARDE,MIÉRCOLES,CENTRO,CARRERA 30 CALLE 27,URBANA,TECNICO,"3,52472","-76,30122",ARRANCAR SIN PRECAUCION,145.0,MOTOCICLISTA,"56,0",MASCULINO,LESIONADO
2022.0,8543.0,CHOQUE,2022-02-02,18:40,NOCHE,MIÉRCOLES,COLOMBIA,CALLE 35 CARRERA 31,URBANA,TECNICO,"3,53237","-76,3008",DESOBEDECER SEÑAL DE PARE,112.0,MOTOCICLISTA,"66,0",MASCULINO,LESIONADO
2022.0,9182.0,CHOQUE,2022-08-14,15:12,TARDE,DOMINGO,MERCEDES,CALLE 54 CARRERA 25,URBANA,TECNICO,"3,54613","-76,2904",SEMAFORO EN ROJO,142.0,MOTOCICLISTA,"46,0",MASCULINO,LESIONADO
2022.0,9208.0,CHOQUE,2022-08-30,19:40,NOCHE,MARTES,MERCEDES,CALLE 69D CARRERA 26,URBANA,TECNICO,"3,55577","-76,28884",GIRAR BRUSCAMENTE,122.0,NO APLICA,"57,0",MASCULINO,NO APLICA
2022.0,9235.0,CHOQUE,2022-09-17,13:30,TARDE,SÁBADO,SANTA RITA,CARRERA 27 CALLE 33,URBANA,TECNICO,"3,53017","-76,29743",DESOBEDECER SEÑAL DE PARE,112.0,MOTOCICLISTA,"40,0",MASCULINO,LESIONADO
2022.0,8830.0,CHOQUE,2022-04-27,13:10,TARDE,MIÉRCOLES,LUIS CARLOS GALAN,CARRERA 32 CALLE -10-11,URBANA,TECNICO,"3,50942","-76,30792",NO ESTAR PENDIENTE DE LA VIA,157,NO APLICA,"38,0",MASCULINO,NO APLICA
2022.0,8672.0,CHOQUE,2022-03-10,20:30,NOCHE,JUEVES,TRINIDAD,CALLE 29 CARRERA 23,URBANA,TECNICO,"3,52554","-76,29489",DESOBEDECER SEÑAL DE PARE,112.0,MOTOCICLISTA,"31,0",MASCULINO,LESIONADO
2022.0,9145.0,ATROPELLO,2022-07-26,13:45,TARDE,MARTES,OBRERO,CARRERA 24 CALLE 33-34,URBANA,TECNICO,"3,53006","-76,29515",POR ESTABLECER,157.0,PEATÓN,"81,0",FEMENINO,MUERTO
2022.0,9159.0,CHOQUE,2022-08-03,17:00,TARDE,MIÉRCOLES,COLOMBIA,CALLE 34 CARRERA 33,URBANA,TECNICO,"3,53189","-76,30293",DESOBEDECER SEÑAL DE PARE,112.0,MOTOCICLISTA,"58,0",MASCULINO,LESIONADO
2022.0,8909.0,CHOQUE,2022-05-19,15:20,TARDE,JUEVES,LOS ROBLES,CARRERA 33A CALLE 19A,URBANA,TECNICO,"3,51883","-76,30533",FRENAR BRUSCAMENTE,119.0,NO APLICA,"69,0",MASCULINO,NO APLICA
2022.0,8886.0,CHOQUE,2022-05-12,19:03,NOCHE,JUEVES,LAS PALMERA,CALLE 36 CARRERA 1-94,URBANA,TECNICO,"3,5335","-76,27775",INVADIR CARRIL SENTIDO CONTRARIO,157,NO APLICA,"42,0",MASCULINO,NO APLICA
2022.0,9311.0,CHOQUE,2022-10-22,09:45,MAÑANA,SÁBADO,SESQUI,CARRERA 31 CALLE 9,URBANA,TECNICO,"3,5079","-76,30791",DESOBEDECER SEÑAL DE PARE,112.0,NO APLICA,"61,0",MASCULINO,NO APLICA
2022.0,9304.0,CHOQUE OBJETO FIJO SARDINEL,2022-10-17,00:10,MADRUGADA,LUNES,SANTA RITA,CALLE 33 CARRERA 26,URBANA,TECNICO,"3,53007","-76,29674",PERDIDA DEL CONTROL DEL VEHICULO,157.0,MOTOCICLISTA,"52,0",MASCULINO,LESIONADO
2022.0,8821.0,CHOQUE,2022-04-24,13:10,TARDE,DOMINGO,SAN CAYETANO,CALLE 42 CARRERA 25,URBANA,TECNICO,"3,53759","-76,29451",DESOBEDECER SEÑAL DE PARE,112,MOTOCICLISTA,"51,0",MASCULINO,LESIONADO
2022.0,8562.0,CHOQUE,2022-02-09,13:40,TARDE,MIÉRCOLES,SANTA TERESITA,CALLE 47 CARRERA 35,URBANA,TECNICO,"3,54259","-76,30734",FRENAR BRUSCAMENTE,119.0,NO APLICA,"79,0",MASCULINO,NO APLICA
2022.0,8791.0,CHOQUE,2022-04-16,08:45,MAÑANA,SÁBADO,COLOMBINA,CALLE 29 CARRERA 13,URBANA,TECNICO,"3,52456","-76,28663",ARRANCAR SIN PRECAUCION,145,NO APLICA,"74,0",MASCULINO,NO APLICA
2022.0,8649.0,CHOQUE,2022-03-02,21:00,NOCHE,MIÉRCOLES,FLORES,CALLE 23 CARRERA 3,URBANA,TECNICO,"3,51975","-76,27947",DESOBEDECER SEÑAL DE PARE,112.0,NO APLICA,"29,0",FEMENINO,NO APLICA
2022.0,8543.0,CHOQUE,2022-02-02,18:40,NOCHE,MIÉRCOLES,COLOMBIA,CALLE 35 CARRERA 31,URBANA,TECNICO,"3,53237","-76,3008",DESOBEDECER SEÑAL DE PARE,112.0,ACOMPAÑANTE MOTOCICLISTA,"59,0",FEMENINO,LESIONADO
2022.0,9231.0,CHOQUE,2022-09-15,13:50,TARDE,JUEVES,COLOMBINA,CALLE 30 CARRERA 18,URBANA,TECNICO,"3,52493","-76,29063",SEMAFORO EN ROJO,142.0,NO APLICA,"30,0",FEMENINO,NO APLICA
2022.0,9315.0,CHOQUE,2022-10-24,07:30,MAÑANA,LUNES,OBRERO,CALLE 35 CARRERA 26,URBANA,TECNICO,"3,53175","-76,29644",DESOBEDECER SEÑAL DE PARE,112.0,MOTOCICLISTA,"28,0",FEMENINO,LESIONADO
2022.0,8957.0,CHOQUE,2022-06-02,07:30,MAÑANA,JUEVES,MERCEDES,CALLE 55 CARRERA 27,URBANA,TECNICO,"3,547","-76,29199",ARRANCAR SIN PRECAUCION,145.0,NO APLICA,"46,0",FEMENINO,NO APLICA
2022.0,8974.0,CHOQUE,2022-06-05,20:10,NOCHE,DOMINGO,OBRERO,CARRERA 27 CALLE 37,URBANA,TECNICO,"3,53348","-76,29696",DESOBEDECER SEÑAL DE PARE,112.0,ACOMPAÑANTE MOTOCICLISTA,"50,0",FEMENINO,LESIONADO
2022.0,DITRA,ATROPELLO,2022-10-28,18:40,NOCHE,VIERNES,VIA SUCROMIELES - EL CERRITO,KM 4 + 535 MTS,RURAL,POLICIA,"3,56474","-76,33371",POR ESTABLECER,157,PEATÓN,"63,0",FEMENINO,MUERTO
2022.0,8720.0,CHOQUE,2022-03-22,06:05,MAÑANA,MARTES,FLORES,CALLE 30 CARRERA 1,URBANA,TECNICO,"3,52093","-76,27793",NO RESPETAR PRELACIÓN,123.0,MOTOCICLISTA,"36,0",FEMENINO,LESIONADO
2022.0,8795.0,CHOQUE,2022-04-16,17:50,TARDE,SÁBADO,BIZERTA,CALLE 36 CARRERA 21,URBANA,TECNICO,"3,53203","-76,29231",DESOBEDECER SEÑAL DE PARE,112,ACOMPAÑANTE CONDUCTOR,"23,0",FEMENINO,LESIONADO
2022.0,8926.0,CHOQUE,2022-05-24,16:50,TARDE,MARTES,SANTA BARBARA,CALLE 31 CARRERA 44 -46,URBANA,TECNICO,"3,52906","-76,31774",NO MANTENER DISTANCIA SEGURIDAD,121,ACOMPAÑANTE MOTOCICLISTA,"19,0",FEMENINO,LESIONADO
2022.0,8935.0,CHOQUE,2022-05-27,14:40,TARDE,VIERNES,VILLA DEL ROSARIO,CARRERA 41 CALLE63-292,URBANA,TECNICO,"3,54975","-76,31154",ARRANCAR SIN PRECAUCION,145,MOTOCICLISTA,"74,0",MASCULINO,MUERTO
2022.0,8957.0,CHOQUE,2022-06-02,07:30,MAÑANA,JUEVES,MERCEDES,CALLE 55 CARRERA 27,URBANA,TECNICO,"3,547","-76,29199",ARRANCAR SIN PRECAUCION,145.0,CICLISTA,"64,0",MASCULINO,LESIONADO
2022.0,9200.0,CHOQUE,2022-08-23,11:15,MAÑANA,MARTES,URIBE,CALLE 33 CARRERA 23,URBANA,TECNICO,"3,52971","-76,29425",DESOBEDECER SEÑAL DE PARE,112.0,NO APLICA,"36,0",MASCULINO,NO APLICA
2022.0,8931.0,CHOQUE,2022-05-26,14:05,TARDE,JUEVES,EMILIA,CARRERA 35 CALLE 38-30,URBANA,TECNICO,"3,53619","-76,30609",NO ESTAR PENDIENTE DE LA VIA,157,NO APLICA,"42,0",MASCULINO,NO APLICA
2022.0,9178.0,CHOQUE,2022-08-13,15:02,TARDE,SÁBADO,VERSALLES,CALLE 42 CARRERA 26,URBANA,TECNICO,"3,53772","-76,29539",GIRAR BRUSCAMENTE,122.0,MOTOCICLISTA,"19,0",MASCULINO,LESIONADO
2022.0,8864.0,CHOQUE,2022-05-05,19:05,NOCHE,JUEVES,PRADO,CALLE 42 CARRERA 40-37,URBANA,TECNICO,"3,53884","-76,3107",NO ESTAR PENDIENTE DE LA VIA,157,MOTOCICLISTA,"22,0",MASCULINO,LESIONADO
2022.0,9122.0,CHOQUE,2022-07-22,13:00,TARDE,VIERNES,GUAYACANES DEL SUR,CARRERA 33A CALLE 15-33,URBANA,TECNICO,"3,51588","-76,30576",GIRAR BRUSCAMENTE,122.0,MOTOCICLISTA,"52,0",MASCULINO,LESIONADO
2022.0,9256.0,CHOQUE,2022-09-25,19:03,NOCHE,DOMINGO,URIBE,CALLE 33 CARRERA 22,URBANA,TECNICO,"3,52959","-76,29346",DESOBEDECER SEÑAL DE PARE,112.0,MOTOCICLISTA,"20,0",MASCULINO,LESIONADO
2022.0,8751.0,CHOQUE,2022-04-01,11:30,MAÑANA,VIERNES,BARRIO NUEVO,CARRERA 31 CALLE 26-34,URBANA,TECNICO,"3,52432","-76,30218",ADELANTAR CERRANDO,103.0,MOTOCICLISTA,"59,0",MASCULINO,LESIONADO
2022.0,8880.0,CHOQUE,2022-05-10,09:45,MAÑANA,MARTES,SEMBRADOR,CALLE 23 CARRERA 23,URBANA,TECNICO,"3,52071","-76,29499",ARRANCAR SIN PRECAUCION,145,MOTOCICLISTA,"45,0",FEMENINO,LESIONADO
2022.0,8971.0,VOLCAMIENTO,2022-06-05,02:10,MAÑANA,DOMINGO,ESTONIA,CALLE 47 CARRERA 32,URBANA,TECNICO,"3,54238","-76,30061",PERDIDA DEL CONTROL DEL VEHICULO,157.0,ACOMPAÑANTE MOTOCICLISTA,"17,0",MASCULINO,LESIONADO
2022.0,8792.0,CHOQUE,2022-04-16,10:10,MAÑANA,SÁBADO,COLOMBIA,CALLE 33 CARRERA 30,URBANA,TECNICO,"3,53059","-76,3001",SEMAFORO EN ROJO,142,ACOMPAÑANTE MOTOCICLISTA,"14,0",MASCULINO,LESIONADO
2022.0,8853.0,CHOQUE,2022-05-03,08:40,MAÑANA,MARTES,INDUSTRIAL,CALLE 42 CARRERA 35,URBANA,TECNICO,"3,53873","-76,30655",SEMAFORO EN ROJO,142,MOTOCICLISTA,"21,0",MASCULINO,LESIONADO
2022.0,8855.0,ATROPELLO,2022-05-03,10:40,MAÑANA,MARTES,PRADO,CALLE 42 CARRERA 44-45,URBANA,TECNICO,"3,53875","-76,31375",POR ESTABLECER,157,NO APLICA,"74,0",MASCULINO,NO APLICA
2022.0,9231.0,CHOQUE,2022-09-15,13:50,TARDE,JUEVES,COLOMBINA,CALLE 30 CARRERA 18,URBANA,TECNICO,"3,52493","-76,29063",SEMAFORO EN ROJO,142.0,MOTOCICLISTA,"32,0",MASCULINO,LESIONADO
2022.0,DITRA,CHOQUE,2022-10-13,17:50,TARDE,JUEVES,VIA PALMIRA CANDELARIA,KM 43,RURAL,TECNICO,"3,47306","-76,33024",PERDIDA DEL CONTROL DEL VEHICULO,157.0,MOTOCICLISTA,"25,0",MASCULINO,MUERTO
2022.0,9119.0,CHOQUE OBJETO FIJO SARDINEL,2022-07-20,20:10,NOCHE,MIÉRCOLES,PRADO,CALLE 34 CARRERA 41,URBANA,TECNICO,"3,53183","-76,31137",PERDIDA DEL CONTROL DEL VEHICULO,157.0,ACOMPAÑANTE MOTOCICLISTA,"38,0",MASCULINO,MUERTO
2022.0,8973.0,CHOQUE,2022-06-05,14:30,TARDE,DOMINGO,VIA PALMIRA LA BUITRERA,VEREDA PUBLO NUEVO CASA 13 500MTS,RURAL,TECNICO,"3,49963","-76,23172",POR ESTABLECER,157.0,NO APLICA,"65,0",MASCULINO,NO APLICA
2022.0,OFICIO,CHOQUE,2022-02-26,09:45,MAÑANA,SÁBADO,BARRIO NUEVO,CARRERA 29 CALLE 26,URBANA,TECNICO,"3,52373","-76,30033",POR ESTABLECER,157.0,MOTOCICLISTA,"57,0",MASCULINO,MUERTO
2022.0,8562.0,CHOQUE,2022-02-09,13:40,TARDE,MIÉRCOLES,SANTA TERESITA,CALLE 47 CARRERA 35,URBANA,TECNICO,"3,54259","-76,30734",FRENAR BRUSCAMENTE,119.0,MOTOCICLISTA,"35,0",MASCULINO,LESIONADO
2022.0,8746.0,CHOQUE,2022-03-30,18:00,NOCHE,MIÉRCOLES,EMILIA,CALLE 36 CARRERA 36,URBANA,TECNICO,"3,53391","-76,30657",DESOBEDECER SEÑAL DE PARE,112.0,NO APLICA,"62,0",MASCULINO,NO APLICA
2022.0,9069.0,CHOQUE,2022-07-03,10:30,MAÑANA,DOMINGO,RECREO,CALLE 18 CARRERA 25,URBANA,TECNICO,"3,5169","-76,2978",NO RESPETAR PRELACIÓN,132.0,MOTOCICLISTA,"69,0",MASCULINO,LESIONADO
2022.0,9276.0,CHOQUE,2022-10-02,10:30,MAÑANA,DOMINGO,BARRIO NUEVO,CALLE 26 CARRERA 29,URBANA,TECNICO,"3,52372","-76,30033",DESOBEDECER SEÑAL DE PARE,112.0,MOTOCICLISTA,"39,0",MASCULINO,LESIONADO
2022.0,9283.0,CHOQUE,2022-10-05,16:00,TARDE,MIÉRCOLES,INDUSTRIAL,CALLE 42 CARRERA 39,URBANA,TECNICO,"3,53885","-76,30978",ABRIR LA PUERTA SIN MEDIDAS DE PRECAUCION,157.0,NO APLICA,"64,0",MASCULINO,NO APLICA
2022.0,9281.0,CHOQUE,2022-10-05,13:00,TARDE,MIÉRCOLES,PRIMERO DE MAYO,CALLE 42 CARRERA 12-37,URBANA,TECNICO,"3,53694","-76,28526",NO MANTENER DISTANCIA SEGURIDAD,121.0,NO APLICA,"27,0",MASCULINO,NO APLICA
2022.0,9235.0,CHOQUE,2022-09-17,13:30,TARDE,SÁBADO,SANTA RITA,CARRERA 27 CALLE 33,URBANA,TECNICO,"3,53017","-76,29743",DESOBEDECER SEÑAL DE PARE,112.0,NO APLICA,"68,0",MASCULINO,NO APLICA
2022.0,8643.0,CHOQUE,2022-03-01,18:50,NOCHE,MARTES,OBRERO,CARRERA 25 CALLE 34,URBANA,TECNICO,"3,53077","-76,29568",PONER EN MARCHA UN VEHICULO SIN LAS MEDIDAS DE PRECAUCION,143.0,NO APLICA,"81,0",MASCULINO,NO APLICA
2022.0,8704.0,CHOQUE OBJETO FIJO ARBOL,2022-03-18,19:03,NOCHE,VIERNES,VIA CORONADO ROZO,KM 4 + 600 MTS,RURAL,TECNICO,"3,56912","-76,31375",HUECOS EN LA VIA,306.0,CONDUCTOR,"34,0",MASCULINO,LESIONADO
2022.0,8742.0,CHOQUE,2022-03-28,17:00,TARDE,LUNES,FRAY LUIS,CALLE 42 CARRERA 46-77,URBANA,TECNICO,"3,53874","-76,31547",INVADIR CARRIL SENTIDO CONTRARIO,157.0,NO APLICA,"48,0",MASCULINO,NO APLICA
2022.0,8566.0,CHOQUE,2022-02-09,22:30,NOCHE,MIÉRCOLES,COLOMBIA,CALLE 36 CARRERA 31,URBANA,TECNICO,"3,5332","-76,30065",SEMAFORO EN ROJO,142.0,MOTOCICLISTA,"27,0",MASCULINO,LESIONADO
2022.0,8792.0,CHOQUE,2022-04-16,10:10,MAÑANA,SÁBADO,COLOMBIA,CALLE 33 CARRERA 30,URBANA,TECNICO,"3,53059","-76,3001",SEMAFORO EN ROJO,142,MOTOCICLISTA,"21,0",MASCULINO,LESIONADO
2022.0,8844.0,CHOQUE,2022-05-01,11:10,MAÑANA,DOMINGO,URIBE,CALLE 33 CARRERA 23,URBANA,TECNICO,"3,52971","-76,29425",DESOBEDECER SEÑAL DE PARE,112,ACOMPAÑANTE MOTOCICLISTA,"14,0",FEMENINO,LESIONADO
2022.0,8606.0,CHOQUE,2022-02-21,10:30,MAÑANA,LUNES,GUAYACANES DEL INGENIO,CARRERA 17 CALLE 26,URBANA,TECNICO,"3,52271","-76,28997",FRENAR BRUSCAMENTE,119.0,MOTOCICLISTA,"18,0",FEMENINO,LESIONADO
2022.0,8939.0,CHOQUE,2022-05-28,07:10,MAÑANA,SÁBADO,SANTA RITA,CALLE 33 CARRERA 28,URBANA,TECNICO,"3,5303","-76,29837",SEMAFORO EN ROJO,142,MOTOCICLISTA,"23,0",MASCULINO,LESIONADO
2022.0,9231.0,CHOQUE,2022-09-15,13:50,TARDE,JUEVES,COLOMBINA,CALLE 30 CARRERA 18,URBANA,TECNICO,"3,52493","-76,29063",SEMAFORO EN ROJO,142.0,NO APLICA,"46,0",MASCULINO,NO APLICA