a_o,ipat,clase_siniestro,fecha,hora,jornada,dia_semana,barrios_corregimiento_via,direccion,zona,autoridad,lat,long,hipotesis,codigo,condicion_de_la_victima,edad,genero,lesionados_y_muertos
2022.0,8628.0,CHOQUE,2022-02-27,03:50,MADRUGADA,DOMINGO,CENTRO POBLADO ROZO,CALLE 10 N 13-908 LA PIÑA,RURAL,TECNICO,"3,61511","-76,38913",EMBRIAGUEZ APARENTE,115.0,NO APLICA,"19,0",MASCULINO,NO APLICA
2022.0,9218.0,CHOQUE,2022-09-04,05:20,MADRUGADA,DOMINGO,ALFONSO LOPEZ,CALLE 42 CARRERA 33-26,URBANA,TECNICO,"3,53848","-76,30253",CRUZAR SIN OBSERVAR,409.0,MOTOCICLISTA,"26,0",MASCULINO,LESIONADO
2022.0,9238.0,ATROPELLO,2022-09-17,21:10,NOCHE,SÁBADO,VERSALLES,CALLE 42 CARRERA 26-31,URBANA,TECNICO,"3,53778","-76,29566",TRANSITAR SIN LUCES,130.0,NO APLICA,"23,0",MASCULINO,NO APLICA
2022.0,8914.0,CHOQUE,2022-05-21,07:40,MAÑANA,SÁBADO,FRAY LUIS,CALLE 42 CARRERA 49-50,URBANA,TECNICO,"3,53774","-76,31925",FRENAR BRUSCAMENTE,119.0,MOTOCICLISTA,"24,0",MASCULINO,LESIONADO
2022.0,DITRA,CHOQUE OBJETO FIJO ARBOL,2022-01-09,06:30,MAÑANA,DOMINGO,VIA CALI - PALMIRA SUR,KM 18 + 600 MTS,RURAL,POLICIA,"3,53172","-76,3234",PERDIDA DEL CONTROL DEL VEHICULO,157.0,MOTOCICLISTA,"28,0",MASCULINO,MUERTO
2022.0,9241.0,CHOQUE,2022-09-17,23:30,NOCHE,SÁBADO,COLOMBIA,CALLE 36 CARRERA 32,URBANA,TECNICO,"3,53335","-76,3016",SEMAFORO EN ROJO,142.0,CONDUCTOR,"25,0",MASCULINO,LESIONADO
2022.0,8791.0,CHOQUE,2022-04-16,08:45,MAÑANA,SÁBADO,COLOMBINA,CALLE 29 CARRERA 13,URBANA,TECNICO,"3,52456","-76,28663",ARRANCAR SIN PRECAUCION,145,MOTOCICLISTA,"42,0",MASCULINO,LESIONADO
2022.0,8951.0,CHOQUE,2022-06-01,19:30,NOCHE,MIÉRCOLES,COLOMBINA,CALLE 30 CARRERA 21,URBANA,TECNICO,"3,52623","-76,29304",DESOBEDECER SEÑAL DE PARE,112.0,MOTOCICLISTA,"26,0",MASCULINO,LESIONADO
2022.0,8756.0,CHOQUE,2022-04-02,20:40,NOCHE,SÁBADO,GUAYACANES DEL INGENIO,CARRERA 19 CALLE 27,URBANA,TECNICO,"3,52348","-76,29158",DESOBEDECER SEÑAL DE PARE,112.0,MOTOCICLISTA,"38,0",FEMENINO,LESIONADO
2022.0,9106.0,CHOQUE,2022-07-16,15:20,TARDE,SÁBADO,CENTRO,CALLE 29 CARRERA 32,URBANA,TECNICO,"3,52658","-76,30264",SEMAFORO EN ROJO,142.0,CONDUCTOR,"27,0",FEMENINO,LESIONADO
2022.0,8556.0,CHOQUE,2022-02-07,18:30,NOCHE,LUNES,VERSALLES,CALLE 43 CARRERA 27,URBANA,TECNICO,"3,53861","-76,29606",ARRANCAR SIN PRECAUCION,145.0,MOTOCICLISTA,"30,0",FEMENINO,LESIONADO
2022.0,9110.0,CHOQUE,2022-07-17,21:40,NOCHE,DOMINGO,SESQUI,CARRERA 32 CALLE 11-20,URBANA,TECNICO,"3,51076","-76,3069",NO RESPETAR PRELACIÓN,132.0,ACOMPAÑANTE MOTOCICLISTA,"56,0",FEMENINO,LESIONADO
2022.0,9290.0,CHOQUE,2022-10-07,18:30,TARDE,VIERNES,DANUBIO,CARRELA 19 CALLE 34A,URBANA,TECNICO,"3,53053","-76,29041",GIRAR BRUSCAMENTE,122.0,NO APLICA,"32,0",MASCULINO,NO APLICA
2022.0,9184.0,CHOQUE,2022-08-15,12:15,TARDE,LUNES,MUNICIPAL,CARRERA 1 CALLE 31A,URBANA,TECNICO,"3,52571","-76,27795",NO MANTENER DISTANCIA SEGURIDAD,121.0,NO APLICA,"28,0",FEMENINO,NO APLICA
2022.0,8755.0,CHOQUE,2022-04-02,12:10,TARDE,SÁBADO,LOS PINOS,CALLE 42 CARRERA 22,URBANA,TECNICO,"3,53723","-76,29241",NO RESPETAR PRELACIÓN,132.0,MOTOCICLISTA,"65,0",MASCULINO,LESIONADO
2022.0,DITRA,CHOQUE,2022-05-09,18:30,NOCHE,LUNES,VIA PALMASECA EL CERRITO,KM 6 + 100 MTS,RURAL,POLICIA,"3,55355","-76,41492",NO ESTAR ATENTO A LOS OBSTACULOS SOBRE LA VIA,157,NO APLICA,"65,0",MASCULINO,NO APLICA
2022.0,HOSPITALARIO,VOLCAMIENTO,2022-03-20,06:30,MAÑANA,DOMINGO,CUIDAD DEL CAMPO,NO APLICA,RURAL,TECNICO,"3,456363","-76,469013",POR ESTABLECER,157,MOTOCICLISTA,"24,0",MASCULINO,MUERTO
2022.0,9223.0,CHOQUE,2022-09-09,07:50,MAÑANA,VIERNES,VIA PALMIRA LA BOLSA,KM 7 + 076 MTS,RURAL,TECNICO,"3,55525","-76,23843",GIRAR BRUSCAMENTE,122.0,NO APLICA,"42,0",MASCULINO,NO APLICA
2022.0,8997.0,CHOQUE,2022-06-13,15:14,TARDE,LUNES,COLOMBIA,CALLE 37 CARRERA 38,URBANA,TECNICO,"3,53454","-76,30753",ARRANCAR SIN PRECAUCION,147.0,MOTOCICLISTA,"22,0",MASCULINO,LESIONADO
2022.0,8607.0,CHOQUE,2022-02-21,12:30,TARDE,LUNES,SESQUI,CARRERA 32 CALLE 8 -10,URBANA,TECNICO,"3,50933","-76,30804",DESOBEDECER SEÑAL DE PARE,112.0,MOTOCICLISTA,"67,0",MASCULINO,LESIONADO
2022.0,9117.0,CHOQUE,2022-07-20,13:20,TARDE,MIÉRCOLES,PRIMERO DE MAYO,CALLE 41 CARRERA 9,URBANA,TECNICO,"3,53629","-76,28231",DESOBEDECER SEÑAL DE PARE,112.0,NO APLICA,"73,0",MASCULINO,NO APLICA
2022.0,9212.0,CHOQUE,2022-09-02,18:30,NOCHE,VIERNES,OBRERO,CALLE 35 CARRERA 24,URBANA,TECNICO,"3,53154","-76,29495",DESOBEDECER SEÑAL DE PARE,112.0,MOTOCICLISTA,"38,0",MASCULINO,LESIONADO
2022.0,8725.0,CHOQUE,2022-03-23,17:00,TARDE,MIÉRCOLES,SAN CAYETANO,CARRERA 25 CALLE 39,URBANA,TECNICO,"3,53521","-76,29493",NO MANTENER DISTANCIA SEGURIDAD,121.0,MOTOCICLISTA,"63,0",MASCULINO,LESIONADO
2022.0,8847.0,CHOQUE,2022-05-02,07:20,MAÑANA,LUNES,FRAY LUIS,CALLE 42 CARRERA 49,URBANA,TECNICO,"3,53861","-76,31783",FRENAR BRUSCAMENTE,119.0,NO APLICA,"38,0",MASCULINO,NO APLICA
2022.0,8944.0,CHOQUE,2022-05-29,12:29,TARDE,DOMINGO,FLORES,CALLE 30 CARRERA 1,URBANA,TECNICO,"3,52105","-76,27804",ADELANTAR ZONA PROHIBIDAD,105,MOTOCICLISTA,"21,0",MASCULINO,LESIONADO
2022.0,8963.0,CHOQUE,2022-06-03,09:50,MAÑANA,VIERNES,SANTA RITA,CALLE 34 CARRERA 27,URBANA,TECNICO,"3,531","-76,29734",DESOBEDECER SEÑAL DE PARE,112.0,NO APLICA,"29,0",MASCULINO,NO APLICA
2022.0,9281.0,CHOQUE,2022-10-05,13:00,TARDE,MIÉRCOLES,PRIMERO DE MAYO,CALLE 42 CARRERA 12-37,URBANA,TECNICO,"3,53694","-76,28526",NO MANTENER DISTANCIA SEGURIDAD,121.0,MOTOCICLISTA,"23,0",MASCULINO,LESIONADO
2022.0,9204.0,CHOQUE,2022-08-26,20:00,NOCHE,VIERNES,URBANIZACION EL BOSQUE,CALLE 32A CARRERA 7,URBANA,TECNICO,"3,52754","-76,28116",ARRANCAR SIN PRECAUCION,145.0,MOTOCICLISTA,"31,0",MASCULINO,LESIONADO
2022.0,8847.0,CHOQUE,2022-05-02,07:20,MAÑANA,LUNES,FRAY LUIS,CALLE 42 CARRERA 49,URBANA,TECNICO,"3,53861","-76,31783",FRENAR BRUSCAMENTE,119.0,MOTOCICLISTA,"24,0",MASCULINO,LESIONADO
2022.0,9234.0,CHOQUE,2022-09-17,08:00,MAÑANA,SÁBADO,VERSALLES,CALLE 42 CARRERA 27,URBANA,TECNICO,"3,53789","-76,29616",ADELANTAR CERRANDO,103.0,NO APLICA,"26,0",MASCULINO,NO APLICA
2022.0,9286.0,CHOQUE,2022-10-05,20:20,NOCHE,MIÉRCOLES,SEMBRADOR,CALLE 22 CARRERA 23-14,URBANA,TECNICO,"3,51969","-76,29535",POR ESTABLECER,157.0,CICLISTA,"43,0",MASCULINO,LESIONADO
2022.0,8598.0,CHOQUE,2022-02-19,07:00,MAÑANA,SÁBADO,ALFONSO LOPEZ,CARRERA 32A CALLE 41,URBANA,TECNICO,"3,53768","-76,30144",DESOBEDECER SEÑAL DE PARE,112.0,MOTOCICLISTA,"20,0",MASCULINO,LESIONADO
2022.0,9147.0,CHOQUE,2022-07-30,13:20,TARDE,SÁBADO,SANTA RITA,CALLE 35 CARRERA 27,URBANA,TECNICO,"3,53182","-76,29715",DESOBEDECER SEÑAL DE PARE,112.0,MOTOCICLISTA,"32,0",MASCULINO,LESIONADO
2022.0,9265.0,CHOQUE,2022-09-28,08:00,MAÑANA,MIÉRCOLES,FRAY LUIS,CALLE 42 CARRERA 42,URBANA,TECNICO,"3,53878","-76,31228",CAMBIO DE CARRIL CON O SIN INDICACION,157.0,NO APLICA,"25,0",MASCULINO,NO APLICA
2022.0,9048.0,CHOQUE,2022-06-27,12:45,TARDE,LUNES,LAS VICTORIAS,CARRERA 23 CALLE 23,URBANA,TECNICO,"3,52071","-76,29499",DESOBEDECER SEÑAL DE PARE,112.0,MOTOCICLISTA,"43,0",MASCULINO,NO APLICA
2022.0,8764.0,CHOQUE,2022-04-05,12:30,TARDE,MARTES,COLOMBIA,CALLE 33 CARRERA 31,URBANA,TECNICO,"3,53076","-76,30106",SEMAFORO EN ROJO,142.0,MOTOCICLISTA,"33,0",MASCULINO,LESIONADO
2022.0,8851.0,CHOQUE,2022-05-02,13:00,TARDE,LUNES,BARRIO NUEVO,CARRERA 31 CALLE 23,URBANA,TECNICO,"3,52144","-76,30265",ARRANCAR SIN PRECAUCION,145,MOTOCICLISTA,"30,0",MASCULINO,LESIONADO
2022.0,9230.0,CHOQUE,2022-09-13,19:10,NOCHE,MARTES,VIA CORONADO ROZO,600 MTS,RURAL,TECNICO,"3,55692","-76,31017",INVADIR CARRIL SENTIDO CONTRARIO,157.0,ACOMPAÑANTE CONDUCTOR,"32,0",MASCULINO,LESIONADO
2022.0,9177.0,CHOQUE,2022-08-13,05:50,MADRUGADA,SÁBADO,VIA PALMIRA CALI,KM 7 ESTADIO DEPORTIVO CALI,RURAL,TECNICO,"3,5147","-76,41348",IMPERICIA EN EL MANEJO,139.0,MOTOCICLISTA,"38,0",MASCULINO,LESIONADO
2022.0,9249.0,CHOQUE,2022-09-23,15:30,TARDE,VIERNES,PRIMERO DE MAYO,CALLE 41 CARRERA 13,URBANA,TECNICO,"3,53637","-76,28573",DESOBEDECER SEÑAL DE PARE,112.0,MOTOCICLISTA,"41,0",MASCULINO,LESIONADO
2022.0,DITRA,CHOQUE,2022-04-10,05:00,MADRUGADA,DOMINGO,VIA CALI - PALMIRA SUR,KM 6 + 350 MTS,RURAL,POLICIA,"3,50384","-76,43034","NO UTILIZAR DISPÒSITIVOS LUMINOSOS, NO HACER UNOS CICLORUTA",99,NO APLICA,"39,0",MASCULINO,NO APLICA
2022.0,9243.0,CHOQUE,2022-09-21,08:30,MAÑANA,MIÉRCOLES,BARRIO NUEVO,CALLE 26 CARRERA30,URBANA,TECNICO,"3,52386","-76,30139",DESOBEDECER SEÑAL DE PARE,112.0,NO APLICA,"43,0",MASCULINO,NO APLICA
2022.0,8569.0,CHOQUE,2022-02-10,15:30,TARDE,JUEVES,SANTA RITA,CARRERA 28 CALLE 34,URBANA,TECNICO,"3,53118","-76,2983",PONER EN MARCHA UN VEHICULO SIN LAS MEDIDAS DE PRECAUCION,143.0,NO APLICA,"51,0",MASCULINO,NO APLICA
2022.0,8673.0,CHOQUE,2022-03-11,07:30,MAÑANA,VIERNES,SANTA BARBARA,CALLE 26 CARRERA 44-45,URBANA,TECNICO,"3,52579","-76,31449",NO ESTAR PENDIENTE DE LA VIA,157.0,MOTOCICLISTA,"31,0",MASCULINO,LESIONADO
2022.0,9291.0,CHOQUE,2022-10-09,15:30,TARDE,DOMINGO,URIBE,CALLE 33 CARRERA 21,URBANA,TECNICO,"3,52948","-76,29265",DESOBEDECER SEÑAL DE PARE,112.0,NO APLICA,"52,0",MASCULINO,NO APLICA
2022.0,DITRA,CHOQUE,2022-03-20,05:45,MADRUGADA,DOMINGO,VIA CALI - PALMIRA SUR,KM 7 + 625 MTS,RURAL,POLICIA,"3,50622","-76,41856","FALTA DE PRECAUCION POR NIEBLA, LLUVIA O HUMO",138.0,MOTOCICLISTA,"25,0",MASCULINO,MUERTO
2022.0,8641.0,CHOQUE,2022-03-01,15:30,TARDE,MARTES,PRADO,CALLE 42 CARRERA 45,URBANA,TECNICO,"3,53884","-76,31468",FRENAR BRUSCAMENTE,119.0,NO APLICA,"36,0",MASCULINO,NO APLICA
2022.0,8787.0,CHOQUE,2022-04-13,16:50,TARDE,MIÉRCOLES,EMILIA,CALLE 36 CARRERA 37,URBANA,TECNICO,"3,53375","-76,30736",ARRANCAR SIN PRECAUCION,145,ACOMPAÑANTE MOTOCICLISTA,"37,0",MASCULINO,LESIONADO
2022.0,DITRA,CHOQUE,2022-04-01,01:00,MADRUGADA,VIERNES,VIA CALI - PALMIRA SUR,KM 2+ 700 MTS,RURAL,POLICIA,"3,49634","-76,46227",TRANSITAR EN CONTRA VIA,127.0,ACOMPAÑANTE CONDUCTOR,"40,0",MASCULINO,LESIONADO
2022.0,9307.0,CHOQUE,2022-10-19,16:30,TARDE,LUNES,VERSALLES,CALLE 40 CARRERA 27,URBANA,TECNICO,"3,53625","-76,29651",DESOBEDECER SEÑAL DE PARE,112.0,MOTOCICLISTA,"52,0",MASCULINO,NO APLICA
2022.0,8888.0,CHOQUE,2022-05-13,17:20,TARDE,VIERNES,BARRIO NUEVO,CARRERA 33A CALLE 20,URBANA,TECNICO,"3,51925","-76,30524",RECOGER PASAJEROS Y DEJAR EN SITIO DISTINTO,128,NO APLICA,"40,0",MASCULINO,NO APLICA
2022.0,8556.0,CHOQUE,2022-02-07,18:30,NOCHE,LUNES,VERSALLES,CALLE 43 CARRERA 27,URBANA,TECNICO,"3,53861","-76,29606",ARRANCAR SIN PRECAUCION,145.0,NO APLICA,"67,0",MASCULINO,NO APLICA
2022.0,8731.0,CHOQUE,2022-03-26,06:00,MAÑANA,SÁBADO,GUAYACANES DEL INGENIO,CARRERA 17 CALLE 27,URBANA,TECNICO,"3,52333","-76,28992",ARRANCAR SIN PRECAUCION,145.0,NO APLICA,"27,0",MASCULINO,NO APLICA
2022.0,8630.0,CHOQUE,2022-02-26,17:20,TARDE,SÁBADO,SANTA ISABEL,CARRERA 28 CALLE 44,URBANA,TECNICO,"3,53935","-76,297",PERDIDA DEL CONTROL DEL VEHICULO,157.0,NO APLICA,"37,0",MASCULINO,NO APLICA
2022.0,8845.0,CHOQUE,2022-05-01,12:30,TARDE,DOMINGO,LA VEGA,CALLE 38 CARRERA 13,URBANA,TECNICO,"3,53413","-76,2858",DESOBEDECER SEÑAL DE PARE,112,MOTOCICLISTA,"29,0",MASCULINO,LESIONADO
2022.0,9261.0,CHOQUE,2022-09-27,12:30,TARDE,MARTES,SAMANES,CALLE 47 CARRERA 28,URBANA,TECNICO,"3,54214","-76,29662",SEMAFORO EN ROJO,142.0,MOTOCICLISTA,"21,0",MASCULINO,LESIONADO
2022.0,9270.0,CHOQUE,2022-10-01,01:00,MADRUGADA,SÁBADO,CUIDAD DEL CAMPO,CALLE 101 CARRERA 35,RURAL,TECNICO,"3,45743","-76,46381",TRANSITAR EN CONTRA VIA,127.0,MOTOCICLISTA,"22,0",MASCULINO,LESIONADO
2022.0,9295.0,CHOQUE,2022-10-10,22:20,NOCHE,LUNES,ALTAMIRA,CALLE 46 CARRERA 26,URBANA,TECNICO,"3,54109","-76,29518",NO RESPETAR PRELACIÓN,132.0,MOTOCICLISTA,"29,0",MASCULINO,LESIONADO
2022.0,9077.0,CHOQUE,2022-07-06,19:30,NOCHE,MIÉRCOLES,VIA PALMIRA TIENDA NUEVA,KM 6 VEREDA LA BOLSA,RURAL,TECNICO,"3,55589","-76,23686",INVADIR CARRIL SENTIDO CONTRARIO,157.0,ACOMPAÑANTE MOTOCICLISTA,"19,0",MASCULINO,LESIONADO
2022.0,9298.0,CHOQUE,2022-10-12,18:50,NOCHE,MIÉRCOLES,URIBE,CALLE 33 CARRERA 21,URBANA,TECNICO,"3,52947","-76,29263",DESOBEDECER SEÑAL DE PARE,112.0,MOTOCICLISTA,"20,0",MASCULINO,LESIONADO
2022.0,9190.0,CHOQUE,2022-08-17,05:00,MADRUGADA,MIÉRCOLES,CUIDAD DEL CAMPO,CALLE 100 CARRERA 16-126,RURAL,TECNICO,"3,4563","-76,46926",REALIZAR MAL USO DEL CARRIL,157,NO APLICA,"28,0",MASCULINO,NO APLICA
2022.0,9081.0,CHOQUE,2022-07-09,06:40,MAÑANA,SÁBADO,ALAMEDA,CARRERA 25A CALLE 69B,URBANA,TECNICO,"3,55503","-76,2883",TRANSITAR EN CONTRA VIA,127.0,MOTOCICLISTA,"27,0",MASCULINO,LESIONADO
2022.0,8941.0,CHOQUE,2022-05-28,17:20,TARDE,SÁBADO,TRINIDAD,CALLE 30 CARRERA 22,URBANA,TECNICO,"3,52633","-76,29387",ADELANTAR ZONA PROHIBIDAD,105,MOTOCICLISTA,"33,0",MASCULINO,LESIONADO
2022.0,9227.0,CHOQUE,2022-09-10,20:35,NOCHE,SÁBADO,CENTRO,CALLE 32 CARRERA 32,URBANA,TECNICO,"3,52936","-76,30225",SEMAFORO EN ROJO,142.0,MOTOCICLISTA,"24,0",MASCULINO,LESIONADO
2022.0,8752.0,CHOQUE,2022-04-01,14:20,TARDE,VIERNES,OBRERO,CALLE 35 CARRERA 26,URBANA,TECNICO,"3,53174","-76,29643",DESOBEDECER SEÑAL DE PARE,112.0,NO APLICA,"39,0",FEMENINO,NO APLICA
2022.0,9150.0,VOLCAMIENTO,2022-07-31,04:00,MADRUGADA,DOMINGO,INDUSTRIAL,CALLE 42 CARRERA 35,URBANA,TECNICO,"3,53896","-76,30677",PERDIDA DEL CONTROL DEL VEHICULO,157.0,MOTOCICLISTA,"42,0",MASCULINO,LESIONADO
2022.0,DITRA,CHOQUE,2022-04-03,21:40,NOCHE,DOMINGO,VIA CALI - PALMIRA SUR,KM 18 + 150 MTS,RURAL,POLICIA,"3,52699","-76,32713",PERDIDA DEL CONTROL DEL VEHICULO,157.0,ACOMPAÑANTE CONDUCTOR,"25,0",MASCULINO,MUERTO
2022.0,9303.0,CHOQUE OBJETO FIJO POSTE,2022-10-16,10:50,MAÑANA,DOMINGO,VIA PALMIRA TIENDA NUEVA,KM 5 + 225,URBANA,TECNICO,"3,56018","-76,23315",POR ESTABLECER,157.0,ACOMPAÑANTE CONDUCTOR,"56,0",MASCULINO,LESIONADO
2022.0,9103.0,CHOQUE,2022-07-15,14:00,TARDE,VIERNES,RECREO,CALLE 18 CARRERA 26,URBANA,TECNICO,"3,51692","-76,29894",NO RESPETAR PRELACIÓN,132.0,NO APLICA,"33,0",MASCULINO,NO APLICA
2022.0,8671.0,CHOQUE,2022-03-12,17:50,TARDE,SÁBADO,COLOMBIA,CARRERA 30 CALLE 38,URBANA,TECNICO,"3,53505","-76,2993",DESOBEDECER SEÑAL DE PARE,112.0,MOTOCICLISTA,"22,0",MASCULINO,LESIONADO
2022.0,8689.0,CHOQUE,2022-03-13,15:00,TARDE,DOMINGO,SAN PEDRO,CALLE 37 CARRERA 15,URBANA,TECNICO,"3,53312","-76,2874",DESOBEDECER SEÑAL DE PARE,112.0,MOTOCICLISTA,"24,0",MASCULINO,LESIONADO
2022.0,9208.0,CHOQUE,2022-08-30,19:40,NOCHE,MARTES,MERCEDES,CALLE 69D CARRERA 26,URBANA,TECNICO,"3,55577","-76,28884",GIRAR BRUSCAMENTE,122.0,MOTOCICLISTA,"23,0",MASCULINO,LESIONADO
2022.0,9043.0,CHOQUE,2022-06-26,14:10,TARDE,DOMINGO,EL SEMBRADOR,CARRERA 19 CALLE 18,URBANA,TECNICO,"3,51691","-76,29086",NO RESPETAR PRELACIÓN,123.0,MOTOCICLISTA,"26,0",MASCULINO,LESIONADO
2022.0,8699.0,ATROPELLO,2022-03-17,09:40,MAÑANA,JUEVES,BARRIO NUEVO,CARRERA 29 CALLE 21,URBANA,TECNICO,"3,5196","-76,30088",CRUZAR SIN OBSERVAR,409.0,MOTOCICLISTA,"21,0",MASCULINO,LESIONADO
2022.0,8860.0,ATROPELLO,2022-05-03,19:20,NOCHE,MARTES,VIA PALMIRA CANDELARIA,KM 1,RURAL,TECNICO,"3,49833","-76,31991",CRUZAR SIN OBSERVAR,409,MOTOCICLISTA,"23,0",MASCULINO,LESIONADO
2022.0,9058.0,CHOQUE,2022-06-30,18:55,TARDE,JUEVES,IGNACIO TORRES,CARRERA 38 CALLE  54,URBANA,TECNICO,"3,54593","-76,31068",NO RESPETAR PRELACIÓN,132.0,MOTOCICLISTA,"24,0",MASCULINO,LESIONADO
2022.0,8836.0,CHOQUE,2022-04-29,19:05,NOCHE,VIERNES,INDUSTRIAL,CALLE 42 CARRERA 35,URBANA,TECNICO,"3,53898","-76,30679",FRENAR BRUSCAMENTE,119.0,NO APLICA,"24,0",MASCULINO,NO APLICA
2022.0,8919.0,CHOQUE,2022-05-21,13:50,TARDE,SÁBADO,SAN PEDRO,CALLE 35B CARRERA 9,URBANA,TECNICO,"3,53202","-76,2821",DESOBEDECER SEÑAL DE PARE,112,NO APLICA,"32,0",MASCULINO,NO APLICA
2022.0,9203.0,CHOQUE,2022-08-24,20:00,NOCHE,MIÉRCOLES,URIBE,CALLE 33 CARRERA 20,URBANA,TECNICO,"3,52933","-76,29175",DESOBEDECER SEÑAL DE PARE,112.0,NO APLICA,"22,0",MASCULINO,NO APLICA
2022.0,9194.0,CHOQUE,2022-08-19,18:40,NOCHE,VIERNES,VIA PALMIRA POTRERILLO,KM 10 + 500 MTS,RURAL,TECNICO,"3,5669","-76,21507",INVADIR CARRIL SENTIDO CONTRARIO,157,ACOMPAÑANTE CICLISTA,"17,0",MASCULINO,LESIONADO
2022.0,8672.0,CHOQUE,2022-03-10,20:30,NOCHE,JUEVES,TRINIDAD,CALLE 29 CARRERA 23,URBANA,TECNICO,"3,52554","-76,29489",DESOBEDECER SEÑAL DE PARE,112.0,ACOMPAÑANTE MOTOCICLISTA,"33,0",FEMENINO,LESIONADO
2022.0,9170.0,CHOQUE,2022-08-08,13:40,TARDE,LUNES,RECREO,CALLE 21 CARRERA 30,URBANA,TECNICO,"3,51976","-76,30204",DESOBEDECER SEÑAL DE PARE,112.0,ACOMPAÑANTE MOTOCICLISTA,"22,0",FEMENINO,LESIONADO
2022.0,8658.0,CHOQUE,2022-03-06,05:30,MADRUGADA,DOMINGO,SAN PEDRO,CALLE 38 CARRERA 9,URBANA,TECNICO,"3,53454","-76,28233",TRANSITAR CON LAS PUERTAS ABIERTAS,127.0,MOTOCICLISTA,"25,0",MASCULINO,LESIONADO
2022.0,8703.0,CHOQUE,2022-03-18,14:20,TARDE,VIERNES,SAN CAYETANO,CARRERA 22 CALLE 39,URBANA,TECNICO,"3,53491","-76,29271",DESOBEDECER SEÑAL DE PARE,112.0,MOTOCICLISTA,"21,0",MASCULINO,LESIONADO
2022.0,8703.0,CHOQUE,2022-03-18,14:20,TARDE,VIERNES,SAN CAYETANO,CARRERA 22 CALLE 39,URBANA,TECNICO,"3,53491","-76,29271",DESOBEDECER SEÑAL DE PARE,112.0,NO APLICA,"54,0",MASCULINO,NO APLICA
2022.0,9167.0,CHOQUE,2022-08-07,10:30,MAÑANA,DOMINGO,CHAPINERO SUR,CARRERA 32 CALLE 8,URBANA,TECNICO,"3,50783","-76,31083",DESOBEDECER SEÑAL DE PARE,112.0,NO APLICA,"29,0",MASCULINO,NO APLICA
2022.0,9260.0,CHOQUE,2022-09-27,12:10,TARDE,MARTES,SANTA BARBARA,CARRERA 35 CALLE 31-42,URBANA,TECNICO,"3,52879","-76,30428",ARRANCAR SIN PRECAUCION,145.0,NO APLICA,"44,0",MASCULINO,NO APLICA
2022.0,8612.0,CHOQUE,2022-02-22,05:30,MADRUGADA,MARTES,PALMIRA CANDELARIA,JARDINES DEL PALMAR,URBANA,TECNICO,"3,50314","-76,31631",NO MANTENER DISTANCIA SEGURIDAD,121.0,MOTOCICLISTA,"38,0",MASCULINO,LESIONADO
2022.0,8728.0,CHOQUE,2022-03-25,14:30,TARDE,VIERNES,PRADO,CALLE 40 CARRERA 40-37,URBANA,TECNICO,"3,53642","-76,31062",NO ESTAR PENDIENTE DE LA VIA,157.0,NO APLICA,"45,0",MASCULINO,NO APLICA
2022.0,8929.0,CHOQUE,2022-05-25,18:25,NOCHE,MIÉRCOLES,SESQUI,CALLE 10A  CARRERA 31-28,URBANA,TECNICO,"3,50917","-76,30407",IMPERICIA EN EL MANEJO,139,MOTOCICLISTA,"19,0",MASCULINO,LESIONADO
2022.0,8702.0,CHOQUE,2022-03-18,08:30,MAÑANA,VIERNES,URIBE,CALLE 35 CARRERA 20,URBANA,TECNICO,"3,53111","-76,29158",DESOBEDECER SEÑAL DE PARE,112.0,ACOMPAÑANTE MOTOCICLISTA,"29,0",MASCULINO,LESIONADO
2022.0,9172.0,CHOQUE,2022-08-10,13:45,TARDE,MIÉRCOLES,SANTA ANA,CALLE 37A CARRERA 45,URBANA,TECNICO,"3,53446","-76,31604",DESOBEDECER SEÑAL DE PARE,112.0,CICLISTA,"50,0",MASCULINO,LESIONADO
2022.0,9016.0,CHOQUE,2022-06-19,16:50,TARDE,DOMINGO,URIBE,CALLE 31 CARRERA 23,URBANA,TECNICO,"3,52745","-76,29461",SEMAFORO EN ROJO,142.0,MOTOCICLISTA,"27,0",MASCULINO,LESIONADO
2022.0,9193.0,CHOQUE,2022-08-19,16:56,TARDE,VIERNES,MUNICIPAL,CARRERA 1A CALLE 31A,URBANA,TECNICO,"3,52563","-76,27717",ADELANTAR ZONA PROHIBIDAD,105,ACOMPAÑANTE MOTOCICLISTA,"27,0",MASCULINO,LESIONADO
2022.0,9108.0,CHOQUE,2022-07-17,15:30,TARDE,DOMINGO,CENTRO,CALLE 31 CARRERA 31,URBANA,TECNICO,"3,52835","-76,30149",SEMAFORO EN ROJO,142.0,NO APLICA,"20,0",MASCULINO,NO APLICA