a_o,ipat,clase_siniestro,fecha,hora,jornada,dia_semana,barrios_corregimiento_via,direccion,zona,autoridad,lat,long,hipotesis,codigo,condicion_de_la_victima,edad,genero,lesionados_y_muertos
2022.0,8951.0,CHOQUE,2022-06-01,19:30,NOCHE,MIÉRCOLES,COLOMBINA,CALLE 30 CARRERA 21,URBANA,TECNICO,"3,52623","-76,29304",DESOBEDECER SEÑAL DE PARE,112.0,ACOMPAÑANTE MOTOCICLISTA,"28,0",FEMENINO,LESIONADO
2022.0,9279.0,CHOQUE,2022-10-05,08:00,MAÑANA,MIÉRCOLES,CAMPESTRE,CALLE 42 CARRERA 2,URBANA,TECNICO,"3,53674","-76,27796",NO ESTAR PENDIENTE DE LA VIA,157.0,CONDUCTOR,"57,0",FEMENINO,LESIONADO
2022.0,8876.0,CHOQUE,2022-05-09,12:45,TARDE,LUNES,URIBE,CALLE 34 CARRERA 22,URBANA,TECNICO,"3,53044","-76,29336",ARRANCAR SIN PRECAUCION,145,MOTOCICLISTA,"47,0",FEMENINO,LESIONADO
2022.0,OFICIO,ATROPELLO,2022-11-20,20:40,NOCHE,SÁBADO,EMILIA,CARRERA 35 CALLE 41,URBANA,TECNICO,"3,538002","-76,306502",POR ESTABLECER,157,PEATÓN,"37,0",FEMENINO,MUERTO
2022.0,9046.0,CHOQUE,2022-06-27,18:45,NOCHE,LUNES,POBLADO COMFAUNION,CALLE 44 CARRERAS 9 A 11,URBANA,TECNICO,"3,54027","-76,28153",NO MANTENER DISTANCIA SEGURIDAD,121.0,NO APLICA,"42,0",FEMENINO,NO APLICA
2022.0,8790.0,CHOQUE,2022-04-16,08:50,MAÑANA,SÁBADO,BARRIO NUEVO,CARRERA 31 CALLE 24,URBANA,TECNICO,"3,52754","-76,29545",ARRANCAR SIN PRECAUCION,145,ACOMPAÑANTE MOTOCICLISTA,"17,0",FEMENINO,LESIONADO
2022.0,8592.0,CHOQUE,2022-02-17,07:00,MAÑANA,JUEVES,SAN PEDRO,CALLE 35 CARRERA 19,URBANA,TECNICO,"3,53099","-76,29043",SEMAFORO EN ROJO,142.0,ACOMPAÑANTE MOTOCICLISTA,"7,0",FEMENINO,LESIONADO
2022.0,7959.0,CHOQUE,2022-04-03,00:10,MADRUGADA,DOMINGO,CUIDAD DEL CAMPO,CALLE 101 CARRERA 37,RURAL,TECNICO,"3,4575","-76,46355",TRANSITAR EN CONTRA VIA,127.0,ACOMPAÑANTE MOTOCICLISTA,"35,0",FEMENINO,LESIONADO
2022.0,8671.0,CHOQUE,2022-03-12,17:50,TARDE,SÁBADO,COLOMBIA,CARRERA 30 CALLE 38,URBANA,TECNICO,"3,53505","-76,2993",DESOBEDECER SEÑAL DE PARE,112.0,ACOMPAÑANTE MOTOCICLISTA,"19,0",FEMENINO,LESIONADO
2022.0,8964.0,CHOQUE,2022-06-03,10:00,MAÑANA,VIERNES,SANTA BARBARA,CALLE 46 CARRERA 45,URBANA,TECNICO,"3,54142","-76,31677",PONER EN MARCHA UN VEHICULO SIN LAS MEDIDAS DE PRECAUCION,143.0,MOTOCICLISTA,"41,0",FEMENINO,NO APLICA
2022.0,9069.0,CHOQUE,2022-07-03,10:30,MAÑANA,DOMINGO,RECREO,CALLE 18 CARRERA 25,URBANA,TECNICO,"3,5169","-76,2978",NO RESPETAR PRELACIÓN,132.0,ACOMPAÑANTE MOTOCICLISTA,"40,0",FEMENINO,LESIONADO
2022.0,9095.0,CHOQUE,2022-07-13,09:40,MAÑANA,MIÉRCOLES,PRADO,CALLE 42 CARRERA 39 -68,URBANA,TECNICO,"3,53894","-76,31026",CRUCE REPENTNO DESTINADO PARA PEAONES,157.0,ACOMPAÑANTE MOTOCICLISTA,"42,0",FEMENINO,LESIONADO
2022.0,8889.0,CHOQUE,2022-05-13,17:30,TARDE,VIERNES,VIA PALMIRA BARRANCAS,KM 13,RURAL,TECNICO,"3,56595","-76,22899",REALIZAR U,146,MOTOCICLISTA,"59,0",MASCULINO,LESIONADO
2022.0,9155.0,CHOQUE,2022-08-02,13:30,TARDE,MARTES,VIA PALMIRA BOLO,KM 2,RURAL,TECNICO,"3,50043","-76,31841",TRANSITAR EN CONTRA VIA,127.0,MOTOCICLISTA,"21,0",MASCULINO,LESIONADO
2022.0,8567.0,CHOQUE,2022-02-10,13:20,TARDE,JUEVES,FRAY LUIS,CALLE 42 CARRERA 49,URBANA,TECNICO,"3,53689","-76,31966",NO RESPETAR PRELACIÓN,132.0,NO APLICA,"71,0",MASCULINO,NO APLICA
2022.0,9238.0,ATROPELLO,2022-09-17,21:10,NOCHE,SÁBADO,VERSALLES,CALLE 42 CARRERA 26-31,URBANA,TECNICO,"3,53778","-76,29566",TRANSITAR SIN LUCES,130.0,PEATÓN,"69,0",MASCULINO,LESIONADO
2022.0,9276.0,CHOQUE,2022-10-02,10:30,MAÑANA,DOMINGO,BARRIO NUEVO,CALLE 26 CARRERA 29,URBANA,TECNICO,"3,52372","-76,30033",DESOBEDECER SEÑAL DE PARE,112.0,NO APLICA,"29,0",MASCULINO,NO APLICA
2022.0,8695.0,CHOQUE,2022-03-15,11:30,MAÑANA,MARTES,INDUSTRIAL,CALLE 42 CARRERA 35,URBANA,TECNICO,"3,53872","-76,30622",NO RESPETAR PRELACIÓN,132.0,ACOMPAÑANTE MOTOCICLISTA,"25,0",MASCULINO,LESIONADO
2022.0,8668.0,CHOQUE,2022-03-08,13:15,TARDE,MARTES,SANTA BARBARA,CALLE 31 CARRERA 42-44,URBANA,TECNICO,"3,53001","-76,314",INVADIR LINEA CONTINUA,157.0,NO APLICA,"56,0",MASCULINO,NO APLICA
2022.0,9139.0,CHOQUE,2022-07-28,18:15,NOCHE,JUEVES,SAN PEDRO,CALLE 34A CARRERA 17,URBANA,TECNICO,"3,53069","-76,28873",DESOBEDECER SEÑAL DE PARE,112.0,MOTOCICLISTA,"33,0",MASCULINO,LESIONADO
2022.0,8601.0,CHOQUE OBJETO FIJO ARBOL,2022-02-20,09:30,MAÑANA,DOMINGO,VIA CORONADO ROZO,500 MTS,RURAL,TECNICO,"3,56381","-76,31033",POR ESTABLECER,157.0,MOTOCICLISTA,"26,0",MASCULINO,MUERTO
2022.0,8693.0,CHOQUE,2022-03-14,22:30,NOCHE,LUNES,ZAMORANO,CALLE 65 CARRERA 28-200,URBANA,TECNICO,"3,55284","-76,29477",ADELANTAR INVADIENDO CARRIL,104.0,NO APLICA,"18,0",MASCULINO,NO APLICA
2022.0,DITRA,CHOQUE,2022-04-10,05:00,MADRUGADA,DOMINGO,VIA CALI - PALMIRA SUR,KM 6 + 350 MTS,RURAL,POLICIA,"3,50384","-76,43034","NO UTILIZAR DISPÒSITIVOS LUMINOSOS, NO HACER UNOS CICLORUTA",99,CICLISTA,"25,0",MASCULINO,MUERTO
2022.0,8950.0,CHOQUE,2022-06-01,17:00,TARDE,MIÉRCOLES,EMILIA,CALLE 37 CARRERA 37,URBANA,TECNICO,"3,53454","-76,30753",DESOBEDECER SEÑAL DE PARE,112.0,MOTOCICLISTA,"18,0",MASCULINO,LESIONADO
2022.0,9241.0,CHOQUE,2022-09-17,23:30,NOCHE,SÁBADO,COLOMBIA,CALLE 36 CARRERA 32,URBANA,TECNICO,"3,53335","-76,3016",SEMAFORO EN ROJO,142.0,MOTOCICLISTA,"28,0",MASCULINO,LESIONADO
2022.0,8809.0,CHOQUE,2022-04-20,07:15,MAÑANA,MIÉRCOLES,CENTRO,CALLE 27 CARRERA 33,URBANA,TECNICO,"3,52503","-76,30357",ARRANCAR SIN PRECAUCION,145,MOTOCICLISTA,"50,0",MASCULINO,LESIONADO
2022.0,8889.0,CHOQUE,2022-05-13,17:30,TARDE,VIERNES,VIA PALMIRA BARRANCAS,KM 13,RURAL,TECNICO,"3,56595","-76,22899",REALIZAR U,146,MOTOCICLISTA,"21,0",MASCULINO,LESIONADO
2022.0,9080.0,CHOQUE,2022-07-08,22:50,NOCHE,MIÉRCOLES,LIBERTAD,CALLE 39 CARRERA 11,URBANA,TECNICO,"3,53514","-76,28398",DESOBEDECER SEÑAL DE PARE,112.0,MOTOCICLISTA,"28,0",MASCULINO,MUERTO
2022.0,9181.0,CHOQUE,2022-08-14,11:40,MAÑANA,DOMINGO,MIRRIÑAO,CALLE 54 CARRERA 31,URBANA,TECNICO,"3,54759","-76,29832",ARRANCAR SIN PRECAUCION,145.0,MOTOCICLISTA,"21,0",MASCULINO,LESIONADO
2022.0,9188.0,CHOQUE,2022-08-16,06:40,MAÑANA,MARTES,ESTONIA,CALLE 46 CARRERA 33,URBANA,TECNICO,"3,54157","-76,30162",CRUCE REPENTNO DESTINADO PARA PEAONES,157,CICLISTA,"62,0",MASCULINO,LESIONADO
2022.0,9297.0,CHOQUE,2022-10-12,16:40,TARDE,MIÉRCOLES,IGNACIO TORRES,CARRERA 39 CALLE 49,URBANA,TECNICO,"3,54376","-76,31084",PONER EN MARCHA UN VEHICULO SIN LAS MEDIDAS DE PRECAUCION,143.0,NO APLICA,"48,0",MASCULINO,NO APLICA
2022.0,9288.0,ATROPELLO,2022-10-06,16:00,TARDE,JUEVES,BOSQUE,CARRERA 13 CALLE 30-36,URBANA,TECNICO,"3,52528","-76,2864",CARÁCTER AVERIGUATORIO,157.0,PEATÓN,"35,0",MASCULINO,LESIONADO
2022.0,8604.0,ATROPELLO,2022-02-20,18:30,NOCHE,DOMINGO,VIA PALMIRA TIENDA NUEVA,KM 9 + 293 MTS,RURAL,TECNICO,"3,5553","-76,23811",PERDIDA DEL CONTROL DEL VEHICULO,157.0,NO APLICA,"48,0",MASCULINO,NO APLICA
2022.0,8623.0,CHOQUE,2022-02-25,08:30,MAÑANA,VIERNES,CENTRO,CALLE 31 CARRERA 25,URBANA,TECNICO,"3,52762","-76,29625",SEMAFORO EN ROJO,142.0,MOTOCICLISTA,"26,0",MASCULINO,LESIONADO
2022.0,8976.0,CHOQUE,2022-06-06,12:45,MADRUGADA,LUNES,MUNICIPAL,CARRERA 1 CALLE 31 30,URBANA,TECNICO,"3,52505","-76,27813",POR ESTABLECER,157.0,NO APLICA,"52,0",MASCULINO,NO APLICA
2022.0,9153.0,CHOQUE,2022-08-01,14:10,TARDE,LUNES,EMILIA,CALLE 36 CARRERA 37,URBANA,TECNICO,"3,53375","-76,30738",DESOBEDECER SEÑAL DE PARE,112.0,NO APLICA,"70,0",MASCULINO,NO APLICA
2022.0,9181.0,CHOQUE,2022-08-14,11:40,MAÑANA,DOMINGO,MIRRIÑAO,CALLE 54 CARRERA 31,URBANA,TECNICO,"3,54759","-76,29832",ARRANCAR SIN PRECAUCION,145.0,NO APLICA,"79,0",MASCULINO,NO APLICA
2022.0,8950.0,CHOQUE,2022-06-01,17:00,TARDE,MIÉRCOLES,EMILIA,CALLE 37 CARRERA 37,URBANA,TECNICO,"3,53454","-76,30753",DESOBEDECER SEÑAL DE PARE,112.0,MOTOCICLISTA,"51,0",MASCULINO,LESIONADO
2022.0,9176.0,CHOQUE,2022-08-13,22:15,NOCHE,SÁBADO,CENTRO,CALLE 31 CARRERA 32,URBANA,TECNICO,"3,52853","-76,30228",SEMAFORO EN ROJO,142.0,MOTOCICLISTA,"25,0",MASCULINO,LESIONADO
2022.0,8692.0,CHOQUE,2022-03-14,14:00,TARDE,LUNES,TRINIDAD,CALLE 31 CARRERA 22,URBANA,TECNICO,"3,5273","-76,29376",DESOBEDECER SEÑAL DE PARE,112.0,MOTOCICLISTA,"50,0",MASCULINO,LESIONADO
2022.0,9284.0,CHOQUE,2022-10-05,17:30,TARDE,MIÉRCOLES,RECREO,CALLE 21 CARRERA 28,URBANA,TECNICO,"3,51949","-76,30003",DESOBEDECER SEÑAL DE PARE,112.0,NO APLICA,"39,0",MASCULINO,NO APLICA
2022.0,9071.0,CHOQUE,2022-07-04,09:10,MAÑANA,LUNES,VIA CORONADO ROZO,KM 4 + 100 MTS PUETE MALIMBU,URBANA,TECNICO,"3,57999","-76,32762",DESOBEDECER SEÑAL DE PARE,112.0,ACOMPAÑANTE MOTOCICLISTA,"22,0",MASCULINO,LESIONADO
2022.0,9311.0,CHOQUE,2022-10-22,09:45,MAÑANA,SÁBADO,SESQUI,CARRERA 31 CALLE 9,URBANA,TECNICO,"3,5079","-76,30791",DESOBEDECER SEÑAL DE PARE,112.0,MOTOCICLISTA,"29,0",FEMENINO,LESIONADO
2022.0,8598.0,CHOQUE,2022-02-19,07:00,MAÑANA,SÁBADO,ALFONSO LOPEZ,CARRERA 32A CALLE 41,URBANA,TECNICO,"3,53768","-76,30144",DESOBEDECER SEÑAL DE PARE,112.0,NO APLICA,"28,0",MASCULINO,NO APLICA
2022.0,9110.0,CHOQUE,2022-07-17,21:40,NOCHE,DOMINGO,SESQUI,CARRERA 32 CALLE 11-20,URBANA,TECNICO,"3,51076","-76,3069",NO RESPETAR PRELACIÓN,132.0,ACOMPAÑANTE MOTOCICLISTA,"17,0",FEMENINO,LESIONADO
2022.0,8713.0,CHOQUE,2022-03-20,22:00,NOCHE,DOMINGO,EMILIA,CARRERA 35 TRANSVERSAL 37,URBANA,TECNICO,"3,53489","-76,30589",NO ESTAR PENDIENTE DE LA VIA,157.0,ACOMPAÑANTE MOTOCICLISTA,"19,0",FEMENINO,LESIONADO
2022.0,DITRA,CHOQUE OBJETO FIJO MURO,2022-02-06,14:05,TARDE,DOMINGO,VIA SUCROMIELES - EL CERRITO,KM 47 + 600 MTS,RURAL,POLICIA,"3,5116","-76,33612",PERDIDA DEL CONTROL DEL VEHICULO,157,ACOMPAÑANTE CONDUCTOR,"37,0",FEMENINO,MUERTO
2022.0,8990.0,CHOQUE,2022-06-11,07:40,MAÑANA,SÁBADO,URIBE,CALLE 35 CARRERA 22,URBANA,TECNICO,"3,53131","-76,29327",DESOBEDECER SEÑAL DE PARE,112.0,CONDUCTOR,"44,0",FEMENINO,LESIONADO
2022.0,8939.0,CHOQUE,2022-05-28,07:10,MAÑANA,SÁBADO,SANTA RITA,CALLE 33 CARRERA 28,URBANA,TECNICO,"3,5303","-76,29837",SEMAFORO EN ROJO,142,ACOMPAÑANTE MOTOCICLISTA,"52,0",FEMENINO,LESIONADO
2022.0,9245.0,CHOQUE,2022-09-23,07:00,MAÑANA,VIERNES,BARRIO NUEVO,CARRERA 32 CALLE26,URBANA,TECNICO,"3,52408","-76,30305",DESOBEDECER SEÑAL DE PARE,112.0,ACOMPAÑANTE MOTOCICLISTA,"63,0",FEMENINO,LESIONADO
2022.0,9214.0,CHOQUE,2022-09-03,12:30,TARDE,SÁBADO,COLOMBIA,CALLE 36 CARRERA 30-72,URBANA,TECNICO,"3,5331","-76,30006",NO MANTENER DISTANCIA SEGURIDAD,121.0,PASAJERO,"66,0",FEMENINO,LESIONADO
2022.0,8963.0,CHOQUE,2022-06-03,09:50,MAÑANA,VIERNES,SANTA RITA,CALLE 34 CARRERA 27,URBANA,TECNICO,"3,531","-76,29734",DESOBEDECER SEÑAL DE PARE,112.0,ACOMPAÑANTE MOTOCICLISTA,"55,0",FEMENINO,LESIONADO
2022.0,9055.0,CHOQUE,2022-06-29,20:55,NOCHE,MIÉRCOLES,BARRIO NUEVO,CALLE 28 CARRERA 32,URBANA,TECNICO,"3,52585","-76,30279",SEMAFORO EN ROJO,142.0,NO APLICA,"28,0",FEMENINO,NO APLICA
2022.0,DITRA,CHOQUE,2022-04-03,21:40,NOCHE,DOMINGO,VIA CALI - PALMIRA SUR,KM 18 + 150 MTS,RURAL,POLICIA,"3,52699","-76,32713",PERDIDA DEL CONTROL DEL VEHICULO,157.0,ACOMPAÑANTE CONDUCTOR,"36,0",FEMENINO,LESIONADO
2022.0,8829.0,CHOQUE,2022-04-27,05:50,MADRUGADA,MIÉRCOLES,CENTRO,CALLE 28 CARRERA 28,URBANA,TECNICO,"3,52528","-76,29921",SEMAFORO EN ROJO,142,NO APLICA,"51,0",MASCULINO,NO APLICA
2022.0,8864.0,CHOQUE,2022-05-05,19:05,NOCHE,JUEVES,PRADO,CALLE 42 CARRERA 40-37,URBANA,TECNICO,"3,53884","-76,3107",NO ESTAR PENDIENTE DE LA VIA,157,NO APLICA,"39,0",MASCULINO,NO APLICA
2022.0,8978.0,CHOQUE,2022-06-06,08:10,MAÑANA,SÁBADO,ZAMORANO,CARRERA 31 CALLE 68,URBANA,TECNICO,"3,55677","-76,29639",ARRANCAR SIN PRECAUCION,145.0,MOTOCICLISTA,"30,0",MASCULINO,LESIONADO
2022.0,9202.0,CHOQUE,2022-08-23,15:30,TARDE,MARTES,EMILIA,CALLE 36 CARRERA 38,URBANA,TECNICO,"3,53358","-76,30816",DESOBEDECER SEÑAL DE PARE,112.0,NO APLICA,"29,0",MASCULINO,NO APLICA
2022.0,9221.0,CHOQUE,2022-09-08,12:20,TARDE,JUEVES,EMILIA,CALLE 37 CARRERA 38,URBANA,TECNICO,"3,53438","-76,30829",DESOBEDECER SEÑAL DE PARE,112.0,MOTOCICLISTA,"43,0",MASCULINO,LESIONADO
2022.0,8938.0,ATROPELLO,2022-05-27,21:00,NOCHE,VIERNES,SAN PEDRO,CALLE 39 CARRERA 18,URBANA,TECNICO,"3,5347","-76,28992",CRUZAR SIN OBSERVAR,409,PEATÓN,"58,0",MASCULINO,LESIONADO
2022.0,8649.0,CHOQUE,2022-03-02,21:00,NOCHE,MIÉRCOLES,FLORES,CALLE 23 CARRERA 3,URBANA,TECNICO,"3,51975","-76,27947",DESOBEDECER SEÑAL DE PARE,112.0,NO APLICA,"22,0",FEMENINO,NO APLICA
2022.0,8703.0,CHOQUE,2022-03-18,14:20,TARDE,VIERNES,SAN CAYETANO,CARRERA 22 CALLE 39,URBANA,TECNICO,"3,53491","-76,29271",DESOBEDECER SEÑAL DE PARE,112.0,ACOMPAÑANTE MOTOCICLISTA,"20,0",FEMENINO,LESIONADO
2022.0,8631.0,CHOQUE,2022-02-26,17:35,TARDE,SÁBADO,ESTONIA,CALLE 42 CARRERA 32,URBANA,TECNICO,"3,53842","-76,30086",POR ESTABLECER,157.0,CICLISTA,"64,0",MASCULINO,LESIONADO
2022.0,9077.0,CHOQUE,2022-07-06,19:30,NOCHE,MIÉRCOLES,VIA PALMIRA TIENDA NUEVA,KM 6 VEREDA LA BOLSA,RURAL,TECNICO,"3,55589","-76,23686",INVADIR CARRIL SENTIDO CONTRARIO,157.0,NO APLICA,"58,0",FEMENINO,NO APLICA
2022.0,9175.0,CHOQUE,2022-08-12,14:40,TARDE,VIERNES,ZAMORANO,CARRERA 28 CALLE 69,URBANA,TECNICO,"3,55546","-76,29191",GIRAR BRUSCAMENTE,122.0,ACOMPAÑANTE MOTOCICLISTA,"51,0",FEMENINO,LESIONADO
2022.0,8587.0,CHOQUE,2022-02-15,13:00,TARDE,MARTES,COLOMBIA,CARRERA 31 CALLE 35,URBANA,TECNICO,"3,53236","-76,30079",DESOBEDECER SEÑAL DE PARE,112.0,NO APLICA,"20,0",MASCULINO,NO APLICA
2022.0,9197.0,CHOQUE,2022-08-20,22:40,NOCHE,SÁBADO,PRIMERO DE MAYO,CALLE 41 CARRERA 13,URBANA,TECNICO,"3,53636","-76,28573",TRANSITAR EN CONTRA VIA,127,MOTOCICLISTA,"27,0",MASCULINO,LESIONADO
2022.0,8995.0,CHOQUE,2022-06-12,19:03,NOCHE,DOMINGO,SANTA TERESITA,TRANSV 39 CALLE 39,URBANA,TECNICO,"3,54314","-76,31057",NO RESPETAR PRELACIÓN,123.0,NO APLICA,"45,0",MASCULINO,NO APLICA
2022.0,9126.0,CHOQUE,2022-07-22,22:51,NOCHE,VIERNES,SANTA RITA,CALLE 36 CARRERA 31,URBANA,TECNICO,"3,53236","-76,30079",SEMAFORO EN ROJO,142.0,MOTOCICLISTA,"52,0",MASCULINO,LESIONADO
2022.0,8800.0,CHOQUE,2022-04-18,14:20,TARDE,LUNES,COLOMBIA,CALLE 36 CARRERA 31,URBANA,TECNICO,"3,53319","-76,30065",NO MANTENER DISTANCIA SEGURIDAD,121,NO APLICA,"38,0",FEMENINO,NO APLICA
2022.0,9252.0,CHOQUE,2022-09-24,15:30,TARDE,SÁBADO,DANUBIO,CARRERA 19 CALLE 33 B,URBANA,TECNICO,"3,52943","-76,29043",GIRAR BRUSCAMENTE,122.0,NO APLICA,"31,0",FEMENINO,NO APLICA
2022.0,8891.0,CHOQUE,2022-05-14,16:00,TARDE,SÁBADO,LOS PINOS,CALLE 42 CARRERA 26-15,URBANA,TECNICO,"3,5377","-76,29561",MANIOBRAS PELIGROSAS,157,ACOMPAÑANTE MOTOCICLISTA,"50,0",FEMENINO,LESIONADO
2022.0,9283.0,CHOQUE,2022-10-05,16:00,TARDE,MIÉRCOLES,INDUSTRIAL,CALLE 42 CARRERA 39,URBANA,TECNICO,"3,53885","-76,30978",ABRIR LA PUERTA SIN MEDIDAS DE PRECAUCION,157.0,MOTOCICLISTA,"29,0",FEMENINO,LESIONADO
2022.0,9188.0,CHOQUE,2022-08-16,06:40,MAÑANA,MARTES,ESTONIA,CALLE 46 CARRERA 33,URBANA,TECNICO,"3,54157","-76,30162",CRUCE REPENTNO DESTINADO PARA PEAONES,157,ACOMPAÑANTE MOTOCICLISTA,"24,0",FEMENINO,LESIONADO
2022.0,9191.0,CHOQUE,2022-08-17,16:00,TARDE,MIÉRCOLES,CENTRO,CALLE 31 CARRERA 32,URBANA,TECNICO,"3,52851","-76,30231",NO HACER USO DE SEÑALES REFLECTIVAS O LUMINOSAS,157.0,MOTOCICLISTA,"28,0",FEMENINO,LESIONADO
2022.0,9185.0,CHOQUE,2022-08-15,14:45,TARDE,LUNES,BARRIO NUEVO,CALLE 26 CARRERA 32,URBANA,TECNICO,"3,52409","-76,30304",DESOBEDECER SEÑAL DE PARE,112.0,ACOMPAÑANTE MOTOCICLISTA,"44,0",FEMENINO,LESIONADO
2022.0,8634.0,CHOQUE,2022-02-27,11:00,MAÑANA,DOMINGO,FRAY LUIS,CALLE 42 CARRERA 47,URBANA,TECNICO,"3,53837","-76,31842",ADELANTAR EN CURVA,101.0,NO APLICA,"62,0",FEMENINO,NO APLICA
2022.0,8821.0,CHOQUE,2022-04-24,13:10,TARDE,DOMINGO,SAN CAYETANO,CALLE 42 CARRERA 25,URBANA,TECNICO,"3,53759","-76,29451",DESOBEDECER SEÑAL DE PARE,112,ACOMPAÑANTE MOTOCICLISTA,"63,0",FEMENINO,LESIONADO
2022.0,8973.0,CHOQUE,2022-06-05,14:30,TARDE,DOMINGO,VIA PALMIRA LA BUITRERA,VEREDA PUBLO NUEVO CASA 13 500MTS,RURAL,TECNICO,"3,49963","-76,23172",POR ESTABLECER,157.0,ACOMPAÑANTE MOTOCICLISTA,"20,0",FEMENINO,LESIONADO
2022.0,9024.0,CHOQUE,2022-06-21,17:00,TARDE,MARTES,CENTRO,CARRERA 29 CALLE 29-13,URBANA,TECNICO,"3,52622","-76,3",ABRIR LA PUERTA SIN MEDIDAS DE PRECAUCION,506.0,MOTOCICLISTA,"18,0",FEMENINO,LESIONADO
2022.0,8884.0,CHOQUE,2022-05-10,22:30,NOCHE,MARTES,RINCON DEL BOSQUE,CALLE 31 CARRERA 9,URBANA,TECNICO,"3,52591","-76,28335",REVERSO IMPRUDENTE,134,ACOMPAÑANTE MOTOCICLISTA,"20,0",FEMENINO,LESIONADO
2022.0,9070.0,CHOQUE,2022-07-03,12:00,TARDE,DOMINGO,DELICIAS,CALLE 27 CARRERA 27,URBANA,TECNICO,"3,52434","-76,29855",DESOBEDECER SEÑAL DE PARE,112.0,ACOMPAÑANTE MOTOCICLISTA,"24,0",FEMENINO,LESIONADO
2022.0,9243.0,CHOQUE,2022-09-21,08:30,MAÑANA,MIÉRCOLES,BARRIO NUEVO,CALLE 26 CARRERA30,URBANA,TECNICO,"3,52386","-76,30139",DESOBEDECER SEÑAL DE PARE,112.0,ACOMPAÑANTE MOTOCICLISTA,"46,0",MASCULINO,LESIONADO
2022.0,8879.0,CHOQUE,2022-05-09,21:40,NOCHE,LUNES,SAN PEDRO,CARRERA 19 CALLE 38-26,URBANA,TECNICO,"3,53426","-76,29054",PONER EN MARCHA UN VEHICULO SIN LAS MEDIDAS DE PRECAUCION,143,NO APLICA,"51,0",FEMENINO,NO APLICA
2022.0,8886.0,CHOQUE,2022-05-12,19:03,NOCHE,JUEVES,LAS PALMERA,CALLE 36 CARRERA 1-94,URBANA,TECNICO,"3,5335","-76,27775",INVADIR CARRIL SENTIDO CONTRARIO,157,ACOMPAÑANTE MOTOCICLISTA,"6,0",FEMENINO,LESIONADO
2022.0,8589.0,CHOQUE,2022-02-15,18:15,NOCHE,MARTES,URIBE,CALLE 33 CARRERA 20,URBANA,TECNICO,"3,52934","-76,29175",PONER EN MARCHA UN VEHICULO SIN LAS MEDIDAS DE PRECAUCION,143.0,MOTOCICLISTA,"37,0",FEMENINO,LESIONADO
2022.0,9132.0,CHOQUE,2022-07-26,06:15,MAÑANA,MARTES,SAN PEDRO,CALLE 37 CARRERA 18,URBANA,TECNICO,"3,53283","-76,28983",PONER EN MARCHA UN VEHICULO SIN LAS MEDIDAS DE PRECAUCION,143.0,ACOMPAÑANTE MOTOCICLISTA,"66,0",FEMENINO,LESIONADO
2022.0,9173.0,CHOQUE,2022-08-11,10:00,MAÑANA,JUEVES,POMONA,DIAGONAL 34 CALLE 34,URBANA,TECNICO,"3,53208","-76,30407",DESOBEDECER SEÑAL DE PARE,112,MOTOCICLISTA,"26,0",MASCULINO,LESIONADO
2022.0,9204.0,CHOQUE,2022-08-26,20:00,NOCHE,VIERNES,URBANIZACION EL BOSQUE,CALLE 32A CARRERA 7,URBANA,TECNICO,"3,52754","-76,28116",ARRANCAR SIN PRECAUCION,145.0,ACOMPAÑANTE MOTOCICLISTA,"14,0",FEMENINO,LESIONADO
2022.0,8641.0,CHOQUE,2022-03-01,15:30,TARDE,MARTES,PRADO,CALLE 42 CARRERA 45,URBANA,TECNICO,"3,53884","-76,31468",FRENAR BRUSCAMENTE,119.0,ACOMPAÑANTE MOTOCICLISTA,"68,0",FEMENINO,LESIONADO
2022.0,9295.0,CHOQUE,2022-10-12,15:25,TARDE,MIÉRCOLES,CENTRO,CARRERA 30 CALLE 27,URBANA,TECNICO,"3,52472","-76,30122",ARRANCAR SIN PRECAUCION,145.0,ACOMPAÑANTE MOTOCICLISTA,"53,0",MASCULINO,LESIONADO
2022.0,9262.0,CHOQUE,2022-09-27,14:00,TARDE,MARTES,FRAY LUIS,CALLE 42 CARRERA 49,URBANA,TECNICO,"3,53618","-76,32011",NO RESPETAR PRELACIÓN,132.0,NO APLICA,"49,0",FEMENINO,NO APLICA
2022.0,DITRA,CHOQUE OBJETO FIJO ARBOL,2022-05-25,15:30,TARDE,MIÉRCOLES,VIA CALI - PALMIRA NORTE,KM 8,RURAL,POLICIA,"3,50725","-76,41567",PERDIDA DEL CONTROL DEL VEHICULO,157,ACOMPAÑANTE CONDUCTOR,"50,0",FEMENINO,MUERTO
2022.0,8855.0,ATROPELLO,2022-05-03,10:40,MAÑANA,MARTES,PRADO,CALLE 42 CARRERA 44-45,URBANA,TECNICO,"3,53875","-76,31375",POR ESTABLECER,157,PEATÓN,"81,0",FEMENINO,LESIONADO