a_o,ipat,clase_siniestro,fecha,hora,jornada,dia_semana,barrios_corregimiento_via,direccion,zona,autoridad,lat,long,hipotesis,codigo,condicion_de_la_victima,edad,genero,lesionados_y_muertos
2022.0,9206.0,CHOQUE,2022-08-29,12:30,TARDE,LUNES,LIBERTADORES,CALLE 27 CARRERA 18,URBANA,TECNICO,"3,52342","-76,29082",DESOBEDECER SEÑAL DE PARE,112.0,MOTOCICLISTA,"22,0",MASCULINO,LESIONADO
2022.0,9199.0,CHOQUE,2022-08-21,16:50,TARDE,DOMINGO,TREBOL,CALLE 26A CARRERA 21,URBANA,TECNICO,"3,5231","-76,29339",DESOBEDECER SEÑAL DE PARE,112,ACOMPAÑANTE MOTOCICLISTA,"53,0",FEMENINO,LESIONADO
2022.0,9282.0,CHOQUE,2022-10-05,15:20,TARDE,MIÉRCOLES,VIA PALMIRA LA BOLSA,KM 7 + 175 MTS,RURAL,TECNICO,"3,55546","-76,24047",GIRAR BRUSCAMENTE,122.0,ACOMPAÑANTE MOTOCICLISTA,"15,0",FEMENINO,LESIONADO
2022.0,8683.0,CHOQUE,2022-03-12,23:30,NOCHE,SÁBADO,COLOMBINA,CALLE 31 CARRERA 18,URBANA,TECNICO,"3,52685","-76,2904",DESOBEDECER SEÑAL DE PARE,112.0,ACOMPAÑANTE MOTOCICLISTA,"2,0",FEMENINO,LESIONADO
2022.0,9075.0,CHOQUE,2022-07-05,18:00,NOCHE,MARTES,LOS PINOS,CALLE 42 CARRERA 25-29,URBANA,TECNICO,"3,53768","-76,2948",NO MANTENER DISTANCIA SEGURIDAD,121.0,NO APLICA,"61,0",FEMENINO,NO APLICA
2022.0,9189.0,CHOQUE,2022-08-16,14:30,TARDE,MARTES,SESQUI,CARRERA 24 CALLE 12A,URBANA,TECNICO,"3,51042","-76,29589",NO RESPETAR PRELACIÓN,132,MOTOCICLISTA,"59,0",MASCULINO,LESIONADO
2022.0,8712.0,CHOQUE,2022-03-20,21:10,NOCHE,DOMINGO,CENTRO,CALLE 32 CARRERA 26,URBANA,TECNICO,"3,52845","-76,29697",DESOBEDECER SEÑAL DE PARE,112.0,ACOMPAÑANTE MOTOCICLISTA,"56,0",FEMENINO,LESIONADO
2022.0,9199.0,CHOQUE,2022-08-21,16:50,TARDE,DOMINGO,TREBOL,CALLE 26A CARRERA 21,URBANA,TECNICO,"3,5231","-76,29339",DESOBEDECER SEÑAL DE PARE,112,MOTOCICLISTA,"50,0",FEMENINO,LESIONADO
2022.0,8661.0,CHOQUE,2022-03-06,15:50,TARDE,DOMINGO,CUIDADELA PALMIRA,CARRERA 9 CALLE 26,URBANA,TECNICO,"3,52172","-76,28405",DESOBEDECER SEÑAL DE PARE,112.0,NO APLICA,"28,0",FEMENINO,NO APLICA
2022.0,9190.0,CHOQUE,2022-08-17,05:00,MADRUGADA,MIÉRCOLES,CUIDAD DEL CAMPO,CALLE 100 CARRERA 16-126,RURAL,TECNICO,"3,4563","-76,46926",REALIZAR MAL USO DEL CARRIL,157,NO APLICA,"47,0",FEMENINO,NO APLICA
2022.0,8611.0,CHOQUE,2022-02-22,05:40,MADRUGADA,MARTES,RECREO,CARRERA 24 CALLE 18,URBANA,TECNICO,"3,51685","-76,29586",SEMAFORO EN ROJO,142.0,MOTOCICLISTA,"16,0",MASCULINO,LESIONADO
2022.0,9173.0,CHOQUE,2022-08-11,10:00,MAÑANA,JUEVES,POMONA,DIAGONAL 34 CALLE 34,URBANA,TECNICO,"3,53208","-76,30407",DESOBEDECER SEÑAL DE PARE,112,NO APLICA,"49,0",FEMENINO,NO APLICA
2022.0,9189.0,CHOQUE,2022-08-16,14:30,TARDE,MARTES,SESQUI,CARRERA 24 CALLE 12A,URBANA,TECNICO,"3,51042","-76,29589",NO RESPETAR PRELACIÓN,132,MOTOCICLISTA,"32,0",FEMENINO,LESIONADO
2022.0,8700.0,CHOQUE,2022-03-17,16:30,TARDE,JUEVES,CENTRO POBLADO POTRERILLO,AVENIDAD 4 CALLE 3,RURAL,TECNICO,"3,55493","-76,20109",NO RESPETAR PRELACIÓN,132.0,MOTOCICLISTA,"44,0",MASCULINO,LESIONADO
2022.0,8729.0,CHOQUE,2022-03-25,19:30,NOCHE,VIERNES,BARRIO NUEVO,CALLE 20 CARRERA 31,URBANA,TECNICO,"3,51893","-76,30312",DESOBEDECER SEÑAL DE PARE,112.0,MOTOCICLISTA,"21,0",MASCULINO,LESIONADO
2022.0,8831.0,CHOQUE,2022-04-27,13:40,TARDE,MIÉRCOLES,BARRIO NUEVO,CARRERA 29 CALLE 24,URBANA,TECNICO,"3,52204","-76,30057",DESOBEDECER SEÑAL DE PARE,112,NO APLICA,"48,0",MASCULINO,NO APLICA
2022.0,8933.0,CHOQUE,2022-05-26,20:50,NOCHE,JUEVES,FLORES,CALLE 30 CARRERA 1,URBANA,TECNICO,"3,52103","-76,27807",INVADIR CARRIL SENTIDO CONTRARIO,157,NO APLICA,"40,0",MASCULINO,NO APLICA
2022.0,9008.0,CHOQUE,2022-06-17,18:45,TARDE,VIERNES,PORTAL DE LAS PALMAS,CARRERA 43 CALLE 51,URBANA,TECNICO,"3,54442","-76,31495",DESOBEDECER SEÑAL DE PARE,112.0,NO APLICA,"42,0",MASCULINO,NO APLICA
2022.0,9139.0,CHOQUE,2022-07-28,18:15,NOCHE,JUEVES,SAN PEDRO,CALLE 34A CARRERA 17,URBANA,TECNICO,"3,53069","-76,28873",DESOBEDECER SEÑAL DE PARE,112.0,NO APLICA,"36,0",MASCULINO,NO APLICA
2022.0,DITRA,CHOQUE OBJETO FIJO ARBOL,2022-07-01,19:30,NOCHE,VIERNES,VIA CALI - PALMIRA SUR,KM 14 + 400 MTS,RURAL,POLICIA,"3,5193","-76,36104",PERDIDA DEL CONTROL DEL VEHICULO,157,CONDUCTOR,"35,0",MASCULINO,MUERTO
2022.0,8603.0,CHOQUE,2022-02-20,16:40,TARDE,DOMINGO,ITALIA,CARRERA 29 CALLE 6,URBANA,TECNICO,"3,50563","-76,30203",PONER EN MARCHA UN VEHICULO SIN LAS MEDIDAS DE PRECAUCION,143.0,MOTOCICLISTA,"35,0",MASCULINO,LESIONADO
2022.0,9317.0,CHOQUE,2022-10-25,07:15,MAÑANA,MARTES,URIBE,CALLE 36 CARRERA 22,URBANA,TECNICO,"3,53215","-76,29314",DESOBEDECER SEÑAL DE PARE,112.0,ACOMPAÑANTE MOTOCICLISTA,"5,0",MASCULINO,LESIONADO
2022.0,9288.0,ATROPELLO,2022-10-06,16:00,TARDE,JUEVES,BOSQUE,CARRERA 13 CALLE 30-36,URBANA,TECNICO,"3,52528","-76,2864",CARÁCTER AVERIGUATORIO,157.0,PEATÓN,"19,0",FEMENINO,LESIONADO
2022.0,8718.0,CHOQUE,2022-03-21,23:20,NOCHE,LUNES,ZAMORANO,CALLE 69B CARRERA 28A,URBANA,TECNICO,"3,5566","-76,29231",DESOBEDECER SEÑAL DE PARE,112.0,MOTOCICLISTA,"21,0",MASCULINO,LESIONADO
2022.0,8671.0,CHOQUE,2022-03-12,17:50,TARDE,SÁBADO,COLOMBIA,CARRERA 30 CALLE 38,URBANA,TECNICO,"3,53505","-76,2993",DESOBEDECER SEÑAL DE PARE,112.0,ACOMPAÑANTE MOTOCICLISTA,"23,0",FEMENINO,LESIONADO
2022.0,8986.0,CHOQUE,2022-06-10,12:30,TARDE,VIERNES,OBRERO,CALLE 33 CARRERA 23,URBANA,TECNICO,"3,53106","-76,30301",DESOBEDECER SEÑAL DE PARE,112.0,MOTOCICLISTA,"53,0",FEMENINO,NO APLICA
2022.0,9228.0,CHOQUE,2022-09-11,21:00,NOCHE,DOMINGO,COLOMBIA,CARRERA 32 CALLE 35-62,URBANA,TECNICO,"3,53255","-76,3017",PERDIDA DEL CONTROL DEL VEHICULO,157.0,MOTOCICLISTA,"54,0",MASCULINO,LESIONADO
2022.0,9282.0,CHOQUE,2022-10-05,15:20,TARDE,MIÉRCOLES,VIA PALMIRA LA BOLSA,KM 7 + 175 MTS,RURAL,TECNICO,"3,55546","-76,24047",GIRAR BRUSCAMENTE,122.0,MOTOCICLISTA,"21,0",FEMENINO,LESIONADO
2022.0,8598.0,CHOQUE,2022-02-19,07:00,MAÑANA,SÁBADO,ALFONSO LOPEZ,CARRERA 32A CALLE 41,URBANA,TECNICO,"3,53768","-76,30144",DESOBEDECER SEÑAL DE PARE,112.0,ACOMPAÑANTE MOTOCICLISTA,"20,0",FEMENINO,LESIONADO
2022.0,8986.0,CHOQUE,2022-06-10,12:30,TARDE,VIERNES,OBRERO,CALLE 33 CARRERA 23,URBANA,TECNICO,"3,53106","-76,30301",DESOBEDECER SEÑAL DE PARE,112.0,NO APLICA,"55,0",FEMENINO,NO APLICA
2022.0,8598.0,CHOQUE,2022-02-19,07:00,MAÑANA,SÁBADO,ALFONSO LOPEZ,CARRERA 32A CALLE 41,URBANA,TECNICO,"3,53768","-76,30144",DESOBEDECER SEÑAL DE PARE,112.0,ACOMPAÑANTE MOTOCICLISTA,"46,0",FEMENINO,LESIONADO
2022.0,9202.0,CHOQUE,2022-08-23,15:30,TARDE,MARTES,EMILIA,CALLE 36 CARRERA 38,URBANA,TECNICO,"3,53358","-76,30816",DESOBEDECER SEÑAL DE PARE,112.0,MOTOCICLISTA,"27,0",MASCULINO,LESIONADO
2022.0,8687.0,CHOQUE,2022-03-13,21:40,NOCHE,DOMINGO,FRAY LUIS,CALLE 42 CARRERA 49-50,URBANA,TECNICO,"3,53834","-76,31844",EMBRIAGUEZ APARENTE,115.0,MOTOCICLISTA,"28,0",MASCULINO,LESIONADO
2022.0,8592.0,CHOQUE,2022-02-17,07:00,MAÑANA,JUEVES,SAN PEDRO,CALLE 35 CARRERA 19,URBANA,TECNICO,"3,53099","-76,29043",SEMAFORO EN ROJO,142.0,CICLISTA,"22,0",MASCULINO,LESIONADO
2022.0,9236.0,CHOQUE,2022-09-17,15:30,TARDE,SÁBADO,GUAYACANES DEL INGENIO,CARRERA 17 CALLE 23,URBANA,TECNICO,"3,52078","-76,28997",DESOBEDECER SEÑAL DE PARE,112.0,MOTOCICLISTA,"23,0",MASCULINO,LESIONADO
2022.0,8550.0,CHOQUE,2022-02-05,13:50,TARDE,SÁBADO,INDUSTRIAL,CALLE 42 CARRERA 34,URBANA,TECNICO,"3,5386","-76,30273",ARRANCAR SIN PRECAUCION,145.0,MOTOCICLISTA,"37,0",MASCULINO,LESIONADO
2022.0,8615.0,CHOQUE,2022-02-23,05:00,MADRUGADA,MIÉRCOLES,CENTRO,CALLE 31 CARRERA 23,URBANA,TECNICO,"3,52745","-76,29461",SEMAFORO EN ROJO,142.0,ACOMPAÑANTE MOTOCICLISTA,"16,0",MASCULINO,LESIONADO
2022.0,8696.0,CHOQUE,2022-03-15,17:20,TARDE,MARTES,BIZERTA,CALLE 37 CARRERA 22,URBANA,TECNICO,"3,53301","-76,29302",DESOBEDECER SEÑAL DE PARE,112.0,NO APLICA,"24,0",MASCULINO,NO APLICA
2022.0,8818.0,CHOQUE,2022-04-22,22:20,NOCHE,VIERNES,POBLADO COMFAUNION,CALLE 47A CARRERA 15,URBANA,TECNICO,"3,54309","-76,28767",NO RESPETAR PRELACIÓN,123,NO APLICA,"53,0",MASCULINO,NO APLICA
2022.0,8844.0,CHOQUE,2022-05-01,11:10,MAÑANA,DOMINGO,URIBE,CALLE 33 CARRERA 23,URBANA,TECNICO,"3,52971","-76,29425",DESOBEDECER SEÑAL DE PARE,112,PASAJERO,"26,0",MASCULINO,LESIONADO
2022.0,8933.0,CHOQUE,2022-05-26,20:50,NOCHE,JUEVES,FLORES,CALLE 30 CARRERA 1,URBANA,TECNICO,"3,52103","-76,27807",INVADIR CARRIL SENTIDO CONTRARIO,157,MOTOCICLISTA,"28,0",MASCULINO,LESIONADO
2022.0,9214.0,CHOQUE,2022-09-03,12:30,TARDE,SÁBADO,COLOMBIA,CALLE 36 CARRERA 30-72,URBANA,TECNICO,"3,5331","-76,30006",NO MANTENER DISTANCIA SEGURIDAD,121.0,NO APLICA,"21,0",MASCULINO,NO APLICA
2022.0,9262.0,CHOQUE,2022-09-27,14:00,TARDE,MARTES,FRAY LUIS,CALLE 42 CARRERA 49,URBANA,TECNICO,"3,53618","-76,32011",NO RESPETAR PRELACIÓN,132.0,MOTOCICLISTA,"64,0",MASCULINO,LESIONADO
2022.0,8586.0,CHOQUE OBJETO FIJO ARBOL,2022-02-13,01:50,MADRUGADA,DOMINGO,CENTRO,CARRERA 33A CALLE 27 -28,URBANA,TECNICO,"3,52568","-76,30449",PERDIDA DEL CONTROL DEL VEHICULO,157.0,MOTOCICLISTA,"27,0",MASCULINO,LESIONADO
2022.0,8732.0,CHOQUE,2022-03-26,09:10,MAÑANA,SÁBADO,OBRERO,CALLE 34 CARRERA26,URBANA,TECNICO,"3,53088","-76,29663",ARRANCAR SIN PRECAUCION,145.0,MOTOCICLISTA,"35,0",MASCULINO,LESIONADO
2022.0,9298.0,CHOQUE,2022-10-12,18:50,NOCHE,MIÉRCOLES,URIBE,CALLE 33 CARRERA 21,URBANA,TECNICO,"3,52947","-76,29263",DESOBEDECER SEÑAL DE PARE,112.0,NO APLICA,"34,0",FEMENINO,NO APLICA
2022.0,9239.0,CHOQUE,2022-09-17,22:30,NOCHE,SÁBADO,CAMPESTRE,CALLE 42 CARRERA 11-57,URBANA,TECNICO,"3,53693","-76,28459",NO MANTENER DISTANCIA SEGURIDAD,121.0,NO APLICA,"49,0",MASCULINO,NO APLICA
2022.0,9210.0,CHOQUE,2022-09-01,20:20,NOCHE,JUEVES,TRINIDAD,CALLE 29 CARRERA 24,URBANA,TECNICO,"3,52562","-76,29569",SEMAFORO EN ROJO,142.0,MOTOCICLISTA,"39,0",MASCULINO,LESIONADO
2022.0,9219.0,ATROPELLO,2022-09-14,08:00,MAÑANA,MIÉRCOLES,ZAMORANO,CALLE 66 CARREA 28,URBANA,TECNICO,"3,55328","-76,29302",SUBIRSE AL ANDEN,133.0,PEATÓN,"62,0",FEMENINO,LESIONADO
2022.0,8602.0,CHOQUE,2022-02-20,12:53,TARDE,DOMINGO,OBRERO,CALLE 33 CARRERA 24,URBANA,TECNICO,"3,52986","-76,29517",DESOBEDECER SEÑAL DE PARE,112.0,MOTOCICLISTA,"34,0",MASCULINO,LESIONADO
2022.0,8643.0,CHOQUE,2022-03-01,18:50,NOCHE,MARTES,OBRERO,CARRERA 25 CALLE 34,URBANA,TECNICO,"3,53077","-76,29568",PONER EN MARCHA UN VEHICULO SIN LAS MEDIDAS DE PRECAUCION,143.0,NO APLICA,"45,0",MASCULINO,NO APLICA
2022.0,8683.0,CHOQUE,2022-03-12,23:30,NOCHE,SÁBADO,COLOMBINA,CALLE 31 CARRERA 18,URBANA,TECNICO,"3,52685","-76,2904",DESOBEDECER SEÑAL DE PARE,112.0,NO APLICA,"28,0",FEMENINO,NO APLICA
2022.0,8990.0,CHOQUE,2022-06-11,07:40,MAÑANA,SÁBADO,URIBE,CALLE 35 CARRERA 22,URBANA,TECNICO,"3,53131","-76,29327",DESOBEDECER SEÑAL DE PARE,112.0,NO APLICA,"36,0",FEMENINO,NO APLICA
2022.0,8887.0,CHOQUE,2022-05-13,05:30,MADRUGADA,VIERNES,BARRIO NUEVO,CALLE 22 CARRERA 30,URBANA,TECNICO,"3,52047","-76,30189",TRANSITAR EN CONTRA VIA,127,MOTOCICLISTA,"31,0",FEMENINO,LESIONADO
2022.0,8990.0,CHOQUE,2022-06-11,07:40,MAÑANA,SÁBADO,URIBE,CALLE 35 CARRERA 22,URBANA,TECNICO,"3,53131","-76,29327",DESOBEDECER SEÑAL DE PARE,112.0,NO APLICA,"36,0",FEMENINO,NO APLICA
2022.0,9301.0,CHOQUE,2022-10-15,11:03,MAÑANA,JUEVES,BENEDICTA,CALLE 47 CARRERA 34B-50,URBANA,TECNICO,"3,54249","-76,30436",REVERSO IMPRUDENTE,134.0,ACOMPAÑANTE MOTOCICLISTA,"16,0",FEMENINO,LESIONADO
2022.0,8718.0,CHOQUE,2022-03-21,23:20,NOCHE,LUNES,ZAMORANO,CALLE 69B CARRERA 28A,URBANA,TECNICO,"3,5566","-76,29231",DESOBEDECER SEÑAL DE PARE,112.0,NO APLICA,"33,0",FEMENINO,NO APLICA
2022.0,8865.0,CHOQUE,2022-05-06,18:40,NOCHE,VIERNES,COLOMBIA,CALLE 37 CARRERA 31,URBANA,TECNICO,"3,53404","-76,30052",ARRANCAR SIN PRECAUCION,145,MOTOCICLISTA,"23,0",FEMENINO,LESIONADO
2022.0,9108.0,CHOQUE,2022-07-17,15:30,TARDE,DOMINGO,CENTRO,CALLE 31 CARRERA 31,URBANA,TECNICO,"3,52835","-76,30149",SEMAFORO EN ROJO,142.0,MOTOCICLISTA,"26,0",FEMENINO,LESIONADO
2022.0,8659.0,CHOQUE,2022-03-06,09:00,MAÑANA,DOMINGO,DELICIAS,CARRERA 25 CALLE 24,URBANA,TECNICO,"3,52156","-76,29718",ARRANCAR SIN PRECAUCION,145.0,MOTOCICLISTA,"25,0",MASCULINO,LESIONADO
2022.0,8709.0,CHOQUE,2022-03-19,19:50,NOCHE,SÁBADO,VIA PALMIRA TABLONES,KM 12,RURAL,TECNICO,"3,3537","-76,1214",MANIOBRAR EN RETROCESO EN LA VIA,157.0,NO APLICA,"32,0",MASCULINO,NO APLICA
2022.0,9207.0,ATROPELLO,2022-08-30,13:20,TARDE,MARTES,TRINIDAD,CARRERA 24 CALLE 28-19,URBANA,TECNICO,"3,52504","-76,29575",CRUZAR SIN OBSERVAR,409.0,PEATÓN,"23,0",FEMENINO,LESIONADO
2022.0,8570.0,ATROPELLO,2022-02-10,17:30,TARDE,JUEVES,PORTAL DE LAS PALMAS,CALLE 47A CARRERA 46A-06,URBANA,TECNICO,"3,54266","-76,31808",CONDUCIR UN VEHICULO SIN OBSERVAR LAS MEDIDAS,157.0,PEATÓN,"83,0",FEMENINO,LESIONADO
2022.0,9191.0,CHOQUE,2022-08-17,16:00,TARDE,MIÉRCOLES,CENTRO,CALLE 31 CARRERA 32,URBANA,TECNICO,"3,52851","-76,30231",NO HACER USO DE SEÑALES REFLECTIVAS O LUMINOSAS,157.0,CICLISTA,"69,0",MASCULINO,LESIONADO
2022.0,8602.0,CHOQUE,2022-02-20,12:53,TARDE,DOMINGO,OBRERO,CALLE 33 CARRERA 24,URBANA,TECNICO,"3,52986","-76,29517",DESOBEDECER SEÑAL DE PARE,112.0,MOTOCICLISTA,"39,0",MASCULINO,LESIONADO
2022.0,8673.0,CHOQUE,2022-03-11,07:30,MAÑANA,VIERNES,SANTA BARBARA,CALLE 26 CARRERA 44-45,URBANA,TECNICO,"3,52579","-76,31449",NO ESTAR PENDIENTE DE LA VIA,157.0,MOTOCICLISTA,"37,0",MASCULINO,LESIONADO
2022.0,8891.0,CHOQUE,2022-05-14,16:00,TARDE,SÁBADO,LOS PINOS,CALLE 42 CARRERA 26-15,URBANA,TECNICO,"3,5377","-76,29561",MANIOBRAS PELIGROSAS,157,MOTOCICLISTA,"55,0",MASCULINO,LESIONADO
2022.0,9233.0,CHOQUE,2022-09-16,14:00,TARDE,VIERNES,GUAYACANES DEL SUR,CARRERA 33A CALLE 15-32,URBANA,TECNICO,"3,51602","-76,30577",GIRAR BRUSCAMENTE,122.0,NO APLICA,"56,0",MASCULINO,NO APLICA
2022.0,8668.0,CHOQUE,2022-03-08,13:15,TARDE,MARTES,SANTA BARBARA,CALLE 31 CARRERA 42-44,URBANA,TECNICO,"3,53001","-76,314",INVADIR LINEA CONTINUA,157.0,ACOMPAÑANTE MOTOCICLISTA,"21,0",FEMENINO,LESIONADO
2022.0,8589.0,CHOQUE,2022-02-15,18:15,NOCHE,MARTES,URIBE,CALLE 33 CARRERA 20,URBANA,TECNICO,"3,52934","-76,29175",PONER EN MARCHA UN VEHICULO SIN LAS MEDIDAS DE PRECAUCION,143.0,NO APLICA,"61,0",MASCULINO,NO APLICA
2022.0,8712.0,CHOQUE,2022-03-20,21:10,NOCHE,DOMINGO,CENTRO,CALLE 32 CARRERA 26,URBANA,TECNICO,"3,52845","-76,29697",DESOBEDECER SEÑAL DE PARE,112.0,NO APLICA,"20,0",MASCULINO,NO APLICA
2022.0,DITRA,CHOQUE,2022-08-13,10:30,MAÑANA,SÁBADO,VIA PALMIRA CANDELARIA,KM 41 + 800 MTS,RURAL,POLICIA,"3,46364","-76,33339",REALIZAR MANIOBRAS PELIGROSAS,157,ACOMPAÑANTE MOTOCICLISTA,"15,0",FEMENINO,MUERTO
2022.0,9039.0,CHOQUE,2022-06-25,14:10,TARDE,SÁBADO,PETRUC,CALLE 18 CARRERA 26,URBANA,TECNICO,"3,51687","-76,29896",NO RESPETAR PRELACIÓN,123.0,NO APLICA,"63,0",MASCULINO,NO APLICA
2022.0,8693.0,CHOQUE,2022-03-14,22:30,NOCHE,LUNES,ZAMORANO,CALLE 65 CARRERA 28-200,URBANA,TECNICO,"3,55284","-76,29477",ADELANTAR INVADIENDO CARRIL,104.0,ACOMPAÑANTE MOTOCICLISTA,"21,0",FEMENINO,LESIONADO
2022.0,8714.0,VOLCAMIENTO,2022-03-20,20:00,NOCHE,DOMINGO,SANTA MARIA DEL PALMAR,CALLE 44 CARRERA 8-9,URBANA,TECNICO,"3,53996","-76,28304",HUECOS EN LA VIA,306.0,ACOMPAÑANTE MOTOCICLISTA,"49,0",FEMENINO,LESIONADO
2022.0,DITRA,CHOQUE,2022-01-31,15:40,TARDE,VIERNES,VIA CALI - PALMIRA SUR,KM 2  + 500  MTS,RURAL,POLICIA,"3,49562","-76,46398",OTRA,157.0,MOTOCICLISTA,"28,0",MASCULINO,LESIONADO
2022.0,DITRA,CHOQUE,2022-01-30,20:50,NOCHE,JUEVES,VIA CALI - PALMIRA SUR,KM 5 +  900 MTS,RURAL,POLICIA,"3,50113","-76,44247",NO MANTENER DISTANCIA SEGURIDAD,121.0,MOTOCICLISTA,"35,0",MASCULINO,LESIONADO
2022.0,DITRA,CHOQUE,2022-01-30,15:30,TARDE,VIERNES,VIA CALI - PALMIRA SUR,KM 12  + 230 MTS,RURAL,POLICIA,"3,5152","-76,37996",OTRA,157.0,MOTOCICLISTA,"41,0",MASCULINO,LESIONADO
2022.0,DITRA,CHOQUE,2022-01-30,15:30,TARDE,SÁBADO,VIA CALI - PALMIRA SUR,KM 12  + 230 MTS,RURAL,POLICIA,"3,52302","-76,34435",OTRA,157.0,ACOMPAÑANTE MOTOCICLISTA,"35,0",MASCULINO,LESIONADO
2022.0,DITRA,CHOQUE,2022-01-30,07:40,MAÑANA,DOMINGO,VIA CALI - PALMIRA NORTE,KM 16+ 230 MTS,RURAL,POLICIA,"3,52303","-76,34418",OTRA,157.0,MOTOCICLISTA,"26,0",MASCULINO,LESIONADO
2022.0,DITRA,CHOQUE,2022-01-26,02:25,MADRUGADA,MIÉRCOLES,VIA  CANDELARIA - PALMIRA,KM 42+  250 MTS,RURAL,POLICIA,"3,46648","-76,33167",FRENAR BRUSCAMENTE,119.0,MOTOCICLISTA,"28,0",MASCULINO,LESIONADO
2022.0,DITRA,CHOQUE,2022-01-26,01:00,MADRUGADA,MIÉRCOLES,VIA  CANDELARIA - PALMIRA,KM 42+  250 MTS,RURAL,POLICIA,"3,46648","-76,33167",FRENAR BRUSCAMENTE,119.0,ACOMPAÑANTE MOTOCICLISTA,"44,0",FEMENINO,LESIONADO
2022.0,DITRA,CHOQUE,2022-01-24,19:30,NOCHE,LUNES,VIA PALMASECA EL CERRITO,KM 14 +  180 MTS,RURAL,POLICIA,"3,62222","-76,39358",OBSTÁCULOS EN LA VÍA,157.0,MOTOCICLISTA,"71,0",MASCULINO,LESIONADO
2022.0,DITRA,CHOQUE,2022-01-24,01:00,MADRUGADA,VIERNES,VIA PALMIRA - AMAIME,KM 30+  959 MTS,RURAL,POLICIA,"3,60741","-76,27074",EMBRIAGUEZ O SUSTANCIAS ALUCINOGENAS,115.0,PEATÓN,"65,0",MASCULINO,LESIONADO
2022.0,DITRA,CHOQUE,2022-01-22,12:50,TARDE,MIÉRCOLES,VIA CALI - PALMIRA NORTE,KM 12 +  50 MTS,RURAL,POLICIA,"3,51507","-76,38073",FRENAR BRUSCAMENTE,119.0,MOTOCICLISTA,"44,0",MASCULINO,LESIONADO
2022.0,DITRA,CHOQUE,2022-01-22,15:00,TARDE,MIÉRCOLES,VIA CALI - PALMIRA NORTE,KM 12 +  50 MTS,RURAL,POLICIA,"3,51507","-76,38073",FRENAR BRUSCAMENTE,119.0,ACOMPAÑANTE MOTOCICLISTA,"19,0",FEMENINO,LESIONADO
2022.0,DITRA,CHOQUE,2022-01-20,15:40,TARDE,LUNES,VIA CALI - PALMIRA SUR,KM 5  + 650 MTS,RURAL,POLICIA,"3,502","-76,43817",TRANSITAR POR SU DERECHA EN VÍAS RURALES,157.0,MOTOCICLISTA,"22,0",MASCULINO,LESIONADO
2022.0,DITRA,CHOQUE,2022-01-20,08:00,MAÑANA,MARTES,VIA YUMBO - LA TINAJA,KM 6,RURAL,POLICIA,"3,55876","-76,43901",EMBRIAGUEZ APARENTE,115.0,CONDUCTOR,"28,0",MASCULINO,LESIONADO
2022.0,DITRA,CHOQUE,2022-01-19,18:00,NOCHE,MIÉRCOLES,VIA SUCROMIELES - EL CERRITO,KM 8 + 900  MTS,RURAL,POLICIA,"3,59855","-76,31498",OTRA,157.0,CONDUCTOR,"33,0",FEMENINO,LESIONADO
2022.0,DITRA,CHOQUE,2022-01-20,20:00,NOCHE,JUEVES,VIA SUCROMIELES - EL CERRITO,KM 8 + 900  MTS,RURAL,POLICIA,"3,59855","-76,31498",OTRA,157.0,ACOMPAÑANTE CONDUCTOR,"36,0",FEMENINO,LESIONADO
2022.0,DITRA,CHOQUE,2022-01-19,05:20,MADRUGADA,DOMINGO,VIA CENCAR -AEREOPUERTO,KM 1 + 320 MTS,RURAL,POLICIA,"3,55349","-76,47858",EMBRIAGUEZ APARENTE,115.0,CONDUCTOR,"35,0",MASCULINO,LESIONADO
2022.0,DITRA,CHOQUE,2022-01-20,02:00,MADRUGADA,LUNES,VIA CENCAR -AEREOPUERTO,KM 1 + 320 MTS,RURAL,POLICIA,"3,55349","-76,47858",EMBRIAGUEZ APARENTE,115.0,PEATÓN,"39,0",MASCULINO,LESIONADO
2022.0,DITRA,CHOQUE,2022-01-18,20:30,NOCHE,SÁBADO,VIA  CANDELARIA - PALMIRA,KM 43,RURAL,POLICIA,"3,47615","-76,33023",FRENAR BRUSCAMENTE,119.0,MOTOCICLISTA,"40,0",MASCULINO,LESIONADO
2022.0,DITRA,CHOQUE,2022-01-18,11:10,MAÑANA,SÁBADO,VIA CALI - PALMIRA SUR,KM 9+  350 MTS,RURAL,POLICIA,"3,50941","-76,40422",NO MANTENER DISTANCIA SEGURIDAD,121.0,ACOMPAÑANTE CONDUCTOR,"51,0",FEMENINO,LESIONADO
2022.0,DITRA,CHOQUE,2022-01-16,17:00,TARDE,JUEVES,VIA  CANDELARIA - PALMIRA,KM 49,RURAL,POLICIA,"3,52207","-76,33757",REVERSO IMPRUDENTE,134.0,MOTOCICLISTA,"53,0",MASCULINO,LESIONADO