a_o,ipat,clase_siniestro,fecha,hora,jornada,dia_semana,barrios_corregimiento_via,direccion,zona,autoridad,lat,long,hipotesis,codigo,condicion_de_la_victima,edad,genero,lesionados_y_muertos
2022.0,DITRA,CHOQUE,2022-01-14,14:30,TARDE,MARTES,VIA CALI - PALMIRA NORTE,KM 2 + 100 MTS,RURAL,POLICIA,"3,49423","-76,46817",OTRA,157.0,CONDUCTOR,"21,0",MASCULINO,LESIONADO
2022.0,DITRA,CHOQUE,2022-01-14,17:32,TARDE,MIÉRCOLES,VIA CALI - PALMIRA NORTE,KM 2 + 100 MTS,RURAL,POLICIA,"3,49423","-76,46817",OTRA,157.0,PASAJERO,"28,0",MASCULINO,LESIONADO
2022.0,DITRA,CHOQUE,2022-01-13,12:30,TARDE,LUNES,VIA CALI - PALMIRA NORTE,KM 5 + 100 MTS,RURAL,POLICIA,"3,50138","-76,44201",OTRA,157.0,MOTOCICLISTA,"36,0",MASCULINO,LESIONADO
2022.0,DITRA,CHOQUE,2022-01-12,04:30,MADRUGADA,DOMINGO,VIA CALI - PALMIRA NORTE,KM 14 + 400 MTS,RURAL,POLICIA,"3,5204","-76,35871",OTRA,157.0,MOTOCICLISTA,"29,0",MASCULINO,LESIONADO
2022.0,DITRA,CHOQUE,2022-01-12,05:30,MADRUGADA,LUNES,VIA CALI - PALMIRA NORTE,KM 14 + 400 MTS,RURAL,POLICIA,"3,5204","-76,35871",OTRA,157.0,PEATÓN,"55,0",FEMENINO,LESIONADO
2022.0,DITRA,CHOQUE,2022-01-11,06:40,MAÑANA,SÁBADO,VIA CALI - PALMIRA SUR,KM 11+  750 MTS,RURAL,POLICIA,"3,51402","-76,38369",TRANSITAR POR LA CALZADA  PEATON,404.0,CICLISTA,"49,0",MASCULINO,LESIONADO
2022.0,DITRA,CHOQUE,2022-01-11,19:40,NOCHE,SÁBADO,VIA CALI - PALMIRA SUR,KM 8+  100 MTS,RURAL,POLICIA,"3,50701","-76,41536",IMPERICIA EN EL MANEJO,139.0,MOTOCICLISTA,"62,0",MASCULINO,LESIONADO
2022.0,DITRA,CHOQUE,2022-01-11,19:50,NOCHE,SÁBADO,VIA CALI - PALMIRA SUR,KM 8+  400 MTS,RURAL,POLICIA,"3,5074","-76,41388",IMPERICIA EN EL MANEJO,139.0,ACOMPAÑANTE MOTOCICLISTA,"37,0",FEMENINO,LESIONADO
2022.0,DITRA,CHOQUE,2022-01-11,20:00,NOCHE,SÁBADO,VIA CALI - PALMIRA SUR,KM 8+  600 MTS,RURAL,POLICIA,"3,5078","-76,41124",IMPERICIA EN EL MANEJO,139.0,ACOMPAÑANTE CONDUCTOR,"25,0",FEMENINO,LESIONADO
2022.0,DITRA,CHOQUE,2022-01-08,16:10,TARDE,MIÉRCOLES,VIA CANDELARIA - PALMIRA,KM 43+  150 MTS,RURAL,POLICIA,"3,47615","-76,33023",NO MANTENER DISTANCIA SEGURIDAD,121.0,MOTOCICLISTA,"44,0",MASCULINO,LESIONADO
2022.0,DITRA,CHOQUE,2022-01-08,17:00,TARDE,MIÉRCOLES,VIA CANDELARIA - PALMIRA,KM 43+  150 MTS,RURAL,POLICIA,"3,47615","-76,33023",NO MANTENER DISTANCIA SEGURIDAD,121.0,ACOMPAÑANTE MOTOCICLISTA,"47,0",MASCULINO,LESIONADO
2022.0,DITRA,CHOQUE,2022-01-06,17:00,TARDE,LUNES,VIA CALI - PALMIRA NORTE,KM 10 +  280  MTS,RURAL,POLICIA,"3,51181","-76,39693",NO MANTENER DISTANCIA SEGURIDAD,121.0,MOTOCICLISTA,"61,0",MASCULINO,LESIONADO
2022.0,DITRA,CHOQUE,2022-01-03,02:00,MADRUGADA,JUEVES,VIA PALMIRA - AMAIME,KM 29 + 700  MTS,RURAL,POLICIA,"3,59551","-76,27142",DEJAR O MOVILIZAR SEMOVIENTES EN LA VÍA,157.0,MOTOCICLISTA,"59,0",MASCULINO,LESIONADO
2022.0,DITRA,CHOQUE,2022-01-02,02:00,MADRUGADA,VIERNES,VIA PALMIRA - AMAIME,KM 29 + 700  MTS,RURAL,POLICIA,"3,59551","-76,27142",DEJAR O MOVILIZAR SEMOVIENTES EN LA VÍA,157.0,ACOMPAÑANTE MOTOCICLISTA,"21,0",MASCULINO,LESIONADO
2022.0,DITRA,CHOQUE OBJETO FIJO MURO,2022-02-06,14:05,TARDE,DOMINGO,VIA SUCROMIELES - EL CERRITO,KM 47 + 600 MTS,RURAL,POLICIA,"3,5116","-76,33612",PERDIDA DEL CONTROL DEL VEHICULO,157,ACOMPAÑANTE CONDUCTOR,"8,0",FEMENINO,LESIONADO
2022.0,DITRA,CHOQUE,2022-02-28,07:00,MAÑANA,LUNES,VIA  CANDELARIA - PALMIRA,KM 42 + 450 MTS,RURAL,POLICIA,"3,46991","-76,33087",ADELANTAR INVADIENDO CARRIL,104,MOTOCICLISTA,"29,0",MASCULINO,LESIONADO
2022.0,DITRA,CHOQUE,2022-02-24,08:00,MAÑANA,JUEVES,VIA CALI - PALMIRA SUR,KM 0+ 500 MTS,RURAL,POLICIA,"3,49338","-76,47944",FRENAR BRUSCAMENTE,119.0,MOTOCICLISTA,"36,0",MASCULINO,LESIONADO
2022.0,DITRA,CHOQUE,2022-02-24,08:00,MAÑANA,JUEVES,VIA CALI - PALMIRA SUR,KM 0+ 500 MTS,RURAL,POLICIA,"3,49338","-76,47944",FRENAR BRUSCAMENTE,119.0,ACOMPAÑANTE MOTOCICLISTA,"45,0",MASCULINO,LESIONADO
2022.0,DITRA,CHOQUE,2022-02-20,08:20,MAÑANA,DOMINGO,VIA CALI - PALMIRA NORTE,KM 10 +  110 MTS,RURAL,POLICIA,"3,51167","-76,39769",NO MANTENER DISTANCIA SEGURIDAD,121.0,MOTOCICLISTA,"52,0",MASCULINO,LESIONADO
2022.0,DITRA,CHOQUE,2022-02-18,01:50,MADRUGADA,VIERNES,VIA CALI - PALMIRA SUR,KM 11,RURAL,POLICIA,"3,51279","-76,38981",NO MANTENER DISTANCIA SEGURIDAD,121.0,CONDUCTOR,"66,0",FEMENINO,LESIONADO
2022.0,DITRA,CHOQUE,2022-02-18,01:50,MADRUGADA,VIERNES,VIA CALI - PALMIRA SUR,KM 11,RURAL,POLICIA,"3,51279","-76,38981",NO MANTENER DISTANCIA SEGURIDAD,121.0,ACOMPAÑANTE CONDUCTOR,"26,0",MASCULINO,LESIONADO
2022.0,DITRA,CHOQUE,2022-02-16,15:00,TARDE,MIÉRCOLES,VIA SUCROMIELES - EL CERRITO,KM 8,RURAL,POLICIA,"3,59185","-76,318",NO MANTENER DISTANCIA SEGURIDAD,121.0,MOTOCICLISTA,"31,0",MASCULINO,LESIONADO
2022.0,DITRA,CHOQUE,2022-02-16,20:40,NOCHE,MIÉRCOLES,VIA CALI - PALMIRA SUR,KM 16,RURAL,POLICIA,"3,52311","-76,34534",NO MANTENER DISTANCIA SEGURIDAD,121.0,MOTOCICLISTA,"41,0",MASCULINO,LESIONADO
2022.0,DITRA,CHOQUE,2022-02-13,05:10,MADRUGADA,DOMINGO,VIA CALI - PALMIRA SUR,KM 14,RURAL,POLICIA,"3,5187","-76,36351",DEJAR OBSTÁCULOS EN LA VÍA,157.0,MOTOCICLISTA,"32,0",MASCULINO,LESIONADO
2022.0,DITRA,CHOQUE,2022-02-11,11:42,MAÑANA,VIERNES,VIA  CANDELARIA - PALMIRA,KM 43 +100 MTS,RURAL,POLICIA,"3,47488","-76,33023",NO MANTENER DISTANCIA SEGURIDAD,121.0,MOTOCICLISTA,"48,0",FEMENINO,LESIONADO
2022.0,DITRA,CHOQUE,2022-02-10,06:30,MAÑANA,JUEVES,VIA PALMASECA EL CERRITO,KM 7 +  60 MTS,RURAL,POLICIA,"3,56311","-76,41237",NO RESPETAR PRELACIÓN,132.0,MOTOCICLISTA,"55,0",FEMENINO,LESIONADO
2022.0,DITRA,CHOQUE OBJETO FIJO MURO,2022-02-06,06:00,MAÑANA,DOMINGO,VIA CALI - PALMIRA SUR,KM 11,RURAL,POLICIA,"3,51279","-76,38981",DEJAR OBSTÁCULOS EN LA VÍA,157.0,MOTOCICLISTA,"26,0",MASCULINO,LESIONADO
2022.0,DITRA,CHOQUE,2022-02-06,14:05,TARDE,DOMINGO,VIA  CANDELARIA - PALMIRA,KM 47  + 600 MTS,RURAL,POLICIA,"3,5121","-76,33645",OTRA,157.0,ACOMPAÑANTE CONDUCTOR,"34,0",FEMENINO,LESIONADO
2022.0,DITRA,CHOQUE,2022-02-06,14:05,TARDE,DOMINGO,VIA  CANDELARIA - PALMIRA,KM 47 +  600 MTS,RURAL,POLICIA,"3,5121","-76,33645",OTRA,157.0,ACOMPAÑANTE CONDUCTOR,"37,0",MASCULINO,LESIONADO
2022.0,DITRA,CHOQUE,2022-02-04,18:00,NOCHE,VIERNES,VIA  CANDELARIA - PALMIRA,KM 43,RURAL,POLICIA,"3,47462","-76,33025",FRENAR BRUSCAMENTE,119.0,MOTOCICLISTA,"41,0",MASCULINO,LESIONADO
2022.0,DITRA,CHOQUE,2022-02-03,17:00,TARDE,JUEVES,VIA CALI - PALMIRA SUR,KM 16 +  600 MTS,RURAL,POLICIA,"3,52406","-76,33957",NO MANTENER DISTANCIA SEGURIDAD,121.0,CICLISTA,"20,0",FEMENINO,LESIONADO
2022.0,DITRA,CHOQUE,2022-02-03,17:00,TARDE,JUEVES,VIA CALI - PALMIRA SUR,KM 16 +  600 MTS,RURAL,POLICIA,"3,52406","-76,33957",NO MANTENER DISTANCIA SEGURIDAD,121.0,MOTOCICLISTA,"22,0",MASCULINO,LESIONADO
2022.0,DITRA,CHOQUE,2022-02-03,10:30,MAÑANA,JUEVES,VIA CALI - PALMIRA NORTE,KM 12 + 500  MTS,RURAL,POLICIA,"3,51627","-76,37579",OTRA,157.0,CONDUCTOR,"31,0",MASCULINO,LESIONADO
2022.0,DITRA,CHOQUE,2022-02-03,17:00,TARDE,JUEVES,VIA CALI - PALMIRA NORTE,KM 16+  600 MTS,RURAL,POLICIA,"3,52406","-76,33957",NO MANTENER DISTANCIA SEGURIDAD,121.0,ACOMPAÑANTE MOTOCICLISTA,"33,0",FEMENINO,LESIONADO
2022.0,DITRA,CHOQUE,2022-02-03,10:30,MAÑANA,JUEVES,VIA CALI - PALMIRA NORTE,KM 12 +  500 MTS,RURAL,POLICIA,"3,51627","-76,37579",OTRA,157.0,ACOMPAÑANTE CONDUCTOR,"65,0",MASCULINO,LESIONADO
2022.0,DITRA,CHOQUE,2022-04-24,19:30,NOCHE,DOMINGO,VIA PALMIRA - PRADERA,KM 79,RURAL,POLICIA,"3,50293","-76,23968",NO ESTAR PENDIENTE DE LA VIA,157,NO APLICA,"50,0",MASCULINO,NO APLICA
2022.0,DITRA,CHOQUE,2022-03-30,15:00,TARDE,DOMINGO,VIA PALMASECA EL CERRITO,KM 4 + 335 MTS,RURAL,POLICIA,"3,54267","-76,42085",NO HACER USO DE SEÑALES REFLECTIVAS O LUMINOSAS,99.0,CONDUCTOR,"28,0",MASCULINO,LESIONADO
2022.0,DITRA,CHOQUE,2022-03-28,17:20,TARDE,MARTES,VIA CENCAR -AEREOPUERTO,KM 0 +  550 MTS,RURAL,POLICIA,"3,54927","-76,4851",NO MANTENER DISTANCIA SEGURIDAD,121.0,MOTOCICLISTA,"33,0",MASCULINO,LESIONADO
2022.0,DITRA,CHOQUE,2022-03-26,07:40,MAÑANA,SÁBADO,VIA CALI - PALMIRA SUR,KM 9 + 780 MTS,RURAL,POLICIA,"3,51047","-76,40197",NO MANTENER DISTANCIA SEGURIDAD,121.0,ACOMPAÑANTE MOTOCICLISTA,"42,0",FEMENINO,LESIONADO
2022.0,DITRA,CHOQUE,2022-03-25,13:00,TARDE,VIERNES,VIA CALI - PALMIRA NORTE,KM 13 + 50 MTS,RURAL,POLICIA,"3,51668","-76,37201",OTRA,157.0,ACOMPAÑANTE MOTOCICLISTA,"56,0",FEMENINO,LESIONADO
2022.0,DITRA,CHOQUE,2022-03-25,13:00,TARDE,VIERNES,VIA CALI - PALMIRA NORTE,KM 13 + 50 MTS,RURAL,POLICIA,"3,51668","-76,37201",OTRA,157.0,ACOMPAÑANTE MOTOCICLISTA,"38,0",MASCULINO,LESIONADO
2022.0,DITRA,ATROPELLO,2022-03-22,08:00,MAÑANA,MARTES,VIA CENCAR -AEREOPUERTO,KM 13 + 150 MTS,RURAL,POLICIA,"3,5295","-76,39075",CRUZAR SIN OBSERVAR,409.0,PEATÓN,"45,0",FEMENINO,LESIONADO
2022.0,DITRA,CHOQUE,2022-03-21,17:10,TARDE,LUNES,VIA CALI - PALMIRA SUR,KM 18+  200 MTS,RURAL,POLICIA,"3,52654","-76,32828",OTRA,157.0,CONDUCTOR,"22,0",MASCULINO,LESIONADO
2022.0,DITRA,CHOQUE,2022-03-21,12:30,TARDE,LUNES,VIA SUCROMIELES - EL CERRITO,KM 0 + 200 MTS,RURAL,POLICIA,"3,52813","-76,33755",VEHÍCULO MAL ESTACIONADO,157.0,ACOMPAÑANTE CONDUCTOR,"19,0",MASCULINO,LESIONADO
2022.0,DITRA,CHOQUE,2022-03-20,05:20,MADRUGADA,DOMINGO,VIA CALI - PALMIRA NORTE,KM 4 + 700 MTS,RURAL,POLICIA,"3,5003","-76,44582",OTRA,157.0,MOTOCICLISTA,"25,0",FEMENINO,LESIONADO
2022.0,DITRA,CHOQUE,2022-03-19,18:15,NOCHE,SÁBADO,VIA PALMASECA EL CERRITO,KM 10  + 850 MTS,RURAL,POLICIA,"3,5939","-76,40111",ADELANTAR CERRANDO,103.0,MOTOCICLISTA,"47,0",MASCULINO,LESIONADO
2022.0,DITRA,CHOQUE,2022-03-19,18:15,NOCHE,SÁBADO,VIA PALMASECA EL CERRITO,KM 10  + 850 MTS,RURAL,POLICIA,"3,5939","-76,40111",ADELANTAR CERRANDO,103.0,ACOMPAÑANTE MOTOCICLISTA,"38,0",FEMENINO,LESIONADO
2022.0,DITRA,CHOQUE,2022-03-15,19:10,NOCHE,MARTES,VIA CALI - PALMIRA SUR,KM 3 + 350 MTS,RURAL,POLICIA,"3,49732","-76,45779",NO MANTENER DISTANCIA SEGURIDAD,121.0,MOTOCICLISTA,"58,0",MASCULINO,LESIONADO
2022.0,DITRA,CHOQUE,2022-03-15,13:20,TARDE,MARTES,VIA  CANDELARIA - PALMIRA,KM 44 +510 MTS,RURAL,POLICIA,"3,49811","-76,32979",ADELANTAR INVADIENDO CARRIL,104,PASAJERO,"61,0",MASCULINO,LESIONADO
2022.0,DITRA,CHOQUE,2022-03-12,20:00,NOCHE,SÁBADO,VIA CENCAR -AEREOPUERTO,KM 12+  500 MTS,RURAL,POLICIA,"3,53594","-76,39832",NO MANTENER DISTANCIA SEGURIDAD,121.0,MOTOCICLISTA,"62,0",MASCULINO,LESIONADO
2022.0,DITRA,CHOQUE,2022-03-11,15:15,TARDE,VIERNES,VIA PALMASECA EL CERRITO,KM 7+ 450 MTS,RURAL,POLICIA,"3,56777","-76,41076",OTRA,157.0,CONDUCTOR,"64,0",MASCULINO,LESIONADO
2022.0,DITRA,CHOQUE,2022-03-08,11:00,MAÑANA,MARTES,VIA CALI - PALMIRA SUR,KM 9 + 300 MTS,RURAL,POLICIA,"3,50978","-76,40367",OTRA,157.0,MOTOCICLISTA,"25,0",MASCULINO,LESIONADO
2022.0,DITRA,CHOQUE,2022-03-06,07:00,MAÑANA,DOMINGO,VIA CALI - PALMIRA SUR,KM 9 + 300 MTS,RURAL,POLICIA,"3,50978","-76,40367",NO MANTENER DISTANCIA SEGURIDAD,121.0,MOTOCICLISTA,"35,0",MASCULINO,LESIONADO
2022.0,DITRA,CHOQUE,2022-03-03,00:00,MADRUGADA,JUEVES,VIA CALI - PALMIRA NORTE,KM 5 + 540 MTS,RURAL,POLICIA,"3,50282","-76,43633",NO MANTENER DISTANCIA SEGURIDAD,121.0,MOTOCICLISTA,"33,0",MASCULINO,LESIONADO
2022.0,DITRA,CHOQUE,2022-03-02,06:00,MAÑANA,MIÉRCOLES,VIA SUCROMIELES - EL CERRITO,KM 4 + 200 MTS,RURAL,POLICIA,"3,56047","-76,33499",OTRA,157.0,CONDUCTOR,"42,0",MASCULINO,LESIONADO
2022.0,DITRA,ATROPELLO,2022-03-01,20:30,NOCHE,MARTES,VIA  CANDELARIA - PALMIRA,KM 46 + 500 MTS,RURAL,POLICIA,"3,50207","-76,33162",ADELANTAR ZONA PROHIBIDAD,105.0,PEATÓN,"55,0",MASCULINO,LESIONADO
2022.0,DITRA,CHOQUE,2022-05-09,18:30,NOCHE,LUNES,VIA PALMASECA EL CERRITO,KM 6 + 100 MTS,RURAL,POLICIA,"3,55355","-76,41492",NO ESTAR ATENTO A LOS OBSTACULOS SOBRE LA VIA,157,MOTOCICLISTA,"42,0",MASCULINO,MUERTO
2022.0,DITRA,CHOQUE,2022-04-29,18:40,NOCHE,VIERNES,VIA PALMASECA EL CERRITO,KM 9 + 300 MTS,RURAL,POLICIA,"3,58518","-76,40416",ADELANTAR INVADIENDO CARRIL,104,MOTOCICLISTA,"35,0",FEMENINO,LESIONADO
2022.0,DITRA,CHOQUE,2022-04-29,18:40,NOCHE,SÁBADO,VIA PALMASECA EL CERRITO,KM 9 + 300 MTS,RURAL,POLICIA,"3,58518","-76,40416",ADELANTAR INVADIENDO CARRIL,104,ACOMPAÑANTE MOTOCICLISTA,"42,0",MASCULINO,LESIONADO
2022.0,DITRA,CHOQUE,2022-04-26,14:25,TARDE,MARTES,VIA CALI - PALMIRA SUR,KM 12 +  200 MTS,RURAL,POLICIA,"3,5154","-76,37925",NO MANTENER DISTANCIA SEGURIDAD,121.0,MOTOCICLISTA,"19,0",MASCULINO,LESIONADO
2022.0,DITRA,ATROPELLO,2022-04-12,13:10,TARDE,MIÉRCOLES,VIA  CANDELARIA - PALMIRA,KM 41+  760 MTS,RURAL,POLICIA,"3,46297","-76,33398",TRANSITAR POR SU DERECHA EN VÍAS RURALES,403.0,PEATÓN,"22,0",FEMENINO,LESIONADO
2022.0,DITRA,CHOQUE,2022-04-08,16:00,TARDE,VIERNES,VIA CENCAR -AEREOPUERTO,KM 2 +  330 MTS,RURAL,POLICIA,"3,55603","-76,46893",ADELANTAR POR LA DERECHA,102.0,MOTOCICLISTA,"61,0",MASCULINO,LESIONADO
2022.0,DITRA,CHOQUE,2022-04-08,07:40,MAÑANA,SÁBADO,VIA  CANDELARIA - PALMIRA,KM 43 + 400 MTS,RURAL,POLICIA,"3,47784","-76,32988",FRENAR BRUSCAMENTE,119.0,MOTOCICLISTA,"38,0",MASCULINO,LESIONADO
2022.0,DITRA,ATROPELLO,2022-04-05,19:03,NOCHE,MARTES,VIA CALI - PALMIRA SUR,KM 14  + 755 MTS,RURAL,POLICIA,"3,52037","-76,35706",CRUZAR SIN OBSERVAR,409.0,MOTOCICLISTA,"42,0",MASCULINO,LESIONADO
2022.0,DITRA,ATROPELLO,2022-04-05,19:03,NOCHE,MIÉRCOLES,VIA CALI - PALMIRA SUR,KM 14  + 755 MTS,RURAL,POLICIA,"3,52037","-76,35706",CRUZAR SIN OBSERVAR,409.0,ACOMPAÑANTE MOTOCICLISTA,"35,0",FEMENINO,LESIONADO
2022.0,DITRA,ATROPELLO,2022-04-05,19:03,NOCHE,JUEVES,VIA CALI - PALMIRA SUR,KM 14  + 755 MTS,RURAL,POLICIA,"3,52037","-76,35706",CRUZAR SIN OBSERVAR,409.0,PEATÓN,"45,0",MASCULINO,LESIONADO
2022.0,DITRA,CHOQUE,2022-04-05,15:30,TARDE,VIERNES,VIA SUCROMIELES - EL CERRITO,KM 7  + 200 MTS,RURAL,POLICIA,"3,58486","-76,32329",OTRA,157.0,MOTOCICLISTA,"22,0",MASCULINO,LESIONADO
2022.0,DITRA,CHOQUE,2022-04-05,15:30,TARDE,SÁBADO,VIA SUCROMIELES - EL CERRITO,KM 7  + 200 MTS,RURAL,POLICIA,"3,58486","-76,32329",OTRA,157.0,ACOMPAÑANTE MOTOCICLISTA,"28,0",MASCULINO,LESIONADO
2022.0,DITRA,CHOQUE,2022-04-04,00:00,MADRUGADA,LUNES,VIA  CANDELARIA - PALMIRA,KM 43,RURAL,POLICIA,"3,46608","-76,33202",EMBRIAGUEZ APARENTE,115.0,MOTOCICLISTA,"33,0",MASCULINO,LESIONADO
2022.0,DITRA,CHOQUE,2022-04-04,00:00,MADRUGADA,MARTES,VIA  CANDELARIA - PALMIRA,KM 41+  760 MTS,RURAL,POLICIA,"3,46297","-76,33398",EMBRIAGUEZ APARENTE,115.0,ACOMPAÑANTE MOTOCICLISTA,"28,0",FEMENINO,LESIONADO
2022.0,DITRA,CHOQUE,2022-04-04,14:10,TARDE,MIÉRCOLES,VIA CALI - PALMIRA NORTE,KM 0 800 MTS,RURAL,POLICIA,"3,49347","-76,47963",FALLAS EN LA LLANTA,201.0,MOTOCICLISTA,"29,0",FEMENINO,LESIONADO
2022.0,DITRA,CHOQUE,2022-04-03,15:30,TARDE,DOMINGO,VIA CALI - PALMIRA NORTE,KM 0 800 MTS,RURAL,POLICIA,"3,49347","-76,47963",NO MANTENER DISTANCIA SEGURIDAD,121.0,MOTOCICLISTA,"21,0",MASCULINO,LESIONADO
2022.0,DITRA,CHOQUE,2022-05-28,19:40,NOCHE,SÁBADO,VIA PALMIRA - AMAIME,KM 31,RURAL,POLICIA,"3,60827","-76,27093",INVADIR CARRIL SENTIDO CONTRARIO,157,NO APLICA,"55,0",MASCULINO,NO APLICA
2022.0,DITRA,CHOQUE,2022-05-25,07:50,MAÑANA,MIÉRCOLES,VIA PALMASECA EL CERRITO,KM 10 + 905 MTS,RURAL,POLICIA,"3,59615","-76,40092",INVADIR CARRIL SENTIDO CONTRARIO,157,ACOMPAÑANTE MOTOCICLISTA,"36,0",MASCULINO,LESIONADO
2022.0,DITRA,CHOQUE,2022-05-29,05:45,MADRUGADA,DOMINGO,VIA  CANDELARIA - PALMIRA,KM 42,RURAL,POLICIA,"3,46735","-76,33156",TRANSITAR CON LAS PUERTAS ABIERTAS,154.0,PEATÓN,"26,0",MASCULINO,LESIONADO
2022.0,DITRA,CHOQUE,2022-05-28,04:20,MADRUGADA,SÁBADO,VIA  CANDELARIA - PALMIRA,KM 44 +  600 MTS,RURAL,POLICIA,"3,4862","-76,32812",OTRA,157.0,CONDUCTOR,"28,0",MASCULINO,LESIONADO
2022.0,DITRA,CHOQUE,2022-05-26,19:30,NOCHE,JUEVES,VIA PALMASECA EL CERRITO,KM 8 +  600 MTS,RURAL,POLICIA,"3,57645","-76,40773",NO RESPETAR PRELACIÓN,132.0,MOTOCICLISTA,"47,0",MASCULINO,LESIONADO
2022.0,DITRA,CHOQUE,2022-05-26,16:30,TARDE,JUEVES,VIA CALI - PALMIRA SUR,KM 11 +  850 MTS,RURAL,POLICIA,"3,51436","-76,38245",TRANSPORTE DE CARGA SIN SEGURIDAD,151.0,MOTOCICLISTA,"36,0",MASCULINO,LESIONADO
2022.0,DITRA,CHOQUE,2022-05-25,14:30,TARDE,MIÉRCOLES,VIA CALI - PALMIRA SUR,KM 7 +  600 MTS,RURAL,POLICIA,"3,50628","-76,41842",OTRA,157.0,CONDUCTOR,"45,0",MASCULINO,LESIONADO
2022.0,DITRA,CHOQUE,2022-05-24,10:30,MAÑANA,MARTES,VIA PALMASECA EL CERRITO,KM 0 + 870 MTS,RURAL,POLICIA,"3,50914","-76,43267",NO MANTENER DISTANCIA SEGURIDAD,121.0,MOTOCICLISTA,"58,0",MASCULINO,LESIONADO
2022.0,DITRA,CHOQUE,2022-05-18,13:30,TARDE,MIÉRCOLES,VIA CALI - PALMIRA SUR,KM 0 +  800 MTS,RURAL,POLICIA,"3,49326","-76,4785",NO MANTENER DISTANCIA SEGURIDAD,121.0,MOTOCICLISTA,"36,0",FEMENINO,LESIONADO
2022.0,DITRA,CHOQUE,2022-05-18,15:00,TARDE,MIÉRCOLES,VIA PALMASECA EL CERRITO,KM 0,RURAL,POLICIA,"3,5034","-76,43393",NO MANTENER DISTANCIA SEGURIDAD,121.0,CONDUCTOR,"33,0",MASCULINO,LESIONADO
2022.0,DITRA,CHOQUE,2022-05-16,00:03,MADRUGADA,LUNES,VIA CALI - PALMIRA SUR,KM 1 +  800MTS,RURAL,POLICIA,"3,4938","-76,47067",NO MANTENER DISTANCIA SEGURIDAD,121.0,ACOMPAÑANTE MOTOCICLISTA,"47,0",FEMENINO,LESIONADO
2022.0,DITRA,CHOQUE,2022-05-08,02:30,MADRUGADA,DOMINGO,VIA SUCROMIELES - EL CERRITO,KM 5,RURAL,POLICIA,"3,56717","-76,33274",OTRA,157.0,CONDUCTOR,"61,0",MASCULINO,LESIONADO
2022.0,DITRA,CHOQUE,2022-05-08,02:30,MADRUGADA,DOMINGO,VIA SUCROMIELES - EL CERRITO,KM 5,RURAL,POLICIA,"3,56717","-76,33274",OTRA,157.0,ACOMPAÑANTE CONDUCTOR,"29,0",MASCULINO,LESIONADO
2022.0,DITRA,CHOQUE,2022-05-06,19:30,NOCHE,VIERNES,VIA CALI - PALMIRA NORTE,KM 15 +  860 MTS,RURAL,POLICIA,"3,52246","-76,34819",NO MANTENER DISTANCIA SEGURIDAD,121.0,MOTOCICLISTA,"41,0",MASCULINO,LESIONADO
2022.0,DITRA,CHOQUE,2022-05-04,15:15,TARDE,MIÉRCOLES,VIA CALI - PALMIRA SUR,KM 17 +  900 MTS,RURAL,POLICIA,"3,52634","-76,33101",TRANSITAR POR LA CALZADA  PEATON,404.0,MOTOCICLISTA,"57,0",MASCULINO,LESIONADO
2022.0,DITRA,CHOQUE,2022-05-04,15:15,TARDE,MIÉRCOLES,VIA CALI - PALMIRA SUR,KM 17 +  900 MTS,RURAL,POLICIA,"3,52634","-76,33101",TRANSITAR POR LA CALZADA  PEATON,404.0,PEATÓN,"52,0",MASCULINO,LESIONADO
2022.0,DITRA,CHOQUE,2022-06-30,21:00,NOCHE,JUEVES,VIA PALMASECA EL CERRITO,KM 21,RURAL,POLICIA,"3,6703","-76,36003",NO MANTENER DISTANCIA SEGURIDAD,121.0,PASAJERO,"23,0",FEMENINO,LESIONADO
2022.0,DITRA,CHOQUE,2022-06-30,21:00,NOCHE,JUEVES,VIA PALMASECA EL CERRITO,KM 21,RURAL,POLICIA,"3,6703","-76,36003",NO MANTENER DISTANCIA SEGURIDAD,121.0,PASAJERO,"35,0",MASCULINO,LESIONADO
2022.0,DITRA,CHOQUE,2022-06-30,21:00,NOCHE,JUEVES,VIA PALMASECA EL CERRITO,KM 21,RURAL,POLICIA,"3,6703","-76,36003",NO MANTENER DISTANCIA SEGURIDAD,121.0,PASAJERO,"48,0",MASCULINO,LESIONADO
2022.0,DITRA,CHOQUE,2022-06-30,21:00,NOCHE,JUEVES,VIA PALMASECA EL CERRITO,KM 21,RURAL,POLICIA,"3,6703","-76,36003",NO MANTENER DISTANCIA SEGURIDAD,121.0,PASAJERO,"21,0",FEMENINO,LESIONADO
2022.0,DITRA,CHOQUE,2022-06-30,21:00,NOCHE,JUEVES,VIA PALMASECA EL CERRITO,KM 21,RURAL,POLICIA,"3,6703","-76,36003",NO MANTENER DISTANCIA SEGURIDAD,121.0,PASAJERO,"20,0",MASCULINO,LESIONADO
2022.0,DITRA,VOLCAMIENTO,2022-06-27,20:50,NOCHE,LUNES,VIA PALMASECA EL CERRITO,KM 9 +  200 MTS,RURAL,POLICIA,"3,5809","-76,40607",SALIRSE DE LA CALZADA,131.0,CONDUCTOR,"18,0",FEMENINO,LESIONADO