a_o,ipat,clase_siniestro,fecha,hora,jornada,dia_semana,barrios_corregimiento_via,direccion,zona,autoridad,lat,long,hipotesis,codigo,condicion_de_la_victima,edad,genero,lesionados_y_muertos
2022.0,DITRA,CHOQUE,2022-06-27,21:15,NOCHE,LUNES,VIA CALI - PALMIRA SUR,KM 8  + 960 MTS,RURAL,POLICIA,"3,50848","-76,40805",OTRA,157.0,MOTOCICLISTA,"19,0",FEMENINO,LESIONADO
2022.0,DITRA,CHOQUE,2022-06-27,18:30,NOCHE,LUNES,VIA CALI - PALMIRA SUR,KM 3 +  360 MTS,RURAL,POLICIA,"3,49751","-76,45701",NO MANTENER DISTANCIA SEGURIDAD,121.0,MOTOCICLISTA,"47,0",MASCULINO,LESIONADO
2022.0,DITRA,CHOQUE,2022-06-27,18:30,NOCHE,LUNES,VIA CALI - PALMIRA SUR,KM 3 +  360 MTS,RURAL,POLICIA,"3,49751","-76,45701",NO MANTENER DISTANCIA SEGURIDAD,121.0,MOTOCICLISTA,"42,0",MASCULINO,LESIONADO
2022.0,DITRA,CHOQUE,2022-06-25,00:20,MADRUGADA,SÁBADO,VIA PALMIRA - AMAIME,KM 29 +  50 MTS,RURAL,POLICIA,"3,59192","-76,27255",TRANSITAR EN CONTRA VIA,127.0,CONDUCTOR,"65,0",MASCULINO,LESIONADO
2022.0,DITRA,CHOQUE,2022-06-24,21:10,NOCHE,VIERNES,VIA CALI - PALMIRA NORTE,KM 11 +  67  MTS,RURAL,POLICIA,"3,51321","-76,38917",OTRA,157.0,ACOMPAÑANTE MOTOCICLISTA,"48,0",MASCULINO,LESIONADO
2022.0,DITRA,CHOQUE,2022-06-21,17:30,TARDE,MARTES,VIA CALI - PALMIRA SUR,KM 14  + 375 MTS,RURAL,POLICIA,"3,51918","-76,36129",FALTA DE SEÑALES EN VEHÍCULO VARADO,137.0,MOTOCICLISTA,"55,0",MASCULINO,LESIONADO
2022.0,DITRA,CHOQUE,2022-06-18,18:20,NOCHE,SÁBADO,VIA CALI - PALMIRA NORTE,KM 26 +  800  MTS,RURAL,POLICIA,"3,57724","-76,2855","FALTA DE PRECAUCION POR NIEBLA, LLUVIA O HUMO",138.0,MOTOCICLISTA,"51,0",MASCULINO,LESIONADO
2022.0,DITRA,CHOQUE,2022-06-18,18:20,NOCHE,SÁBADO,VIA CALI - PALMIRA NORTE,KM 26 +  800  MTS,RURAL,POLICIA,"3,57724","-76,2855","FALTA DE PRECAUCION POR NIEBLA, LLUVIA O HUMO",138.0,ACOMPAÑANTE MOTOCICLISTA,"24,0",FEMENINO,LESIONADO
2022.0,DITRA,CHOQUE,2022-06-18,18:30,NOCHE,SÁBADO,VIA PALMASECA EL CERRITO,KM 15 +  750 MTS,RURAL,POLICIA,"3,63204","-76,38861",NO RESPETAR PRELACIÓN,132.0,ACOMPAÑANTE MOTOCICLISTA,"21,0",MASCULINO,LESIONADO
2022.0,DITRA,CHOQUE,2022-06-18,16:30,TARDE,SÁBADO,VIA PALMASECA EL CERRITO,KM 20 +  600 MTS,RURAL,POLICIA,"3,66925","-76,36329",OTRA,157.0,CONDUCTOR,"65,0",MASCULINO,LESIONADO
2022.0,DITRA,CHOQUE,2022-06-15,16:10,TARDE,MIÉRCOLES,VIA CALI - PALMIRA SUR,KM 1 +  620 MTS,RURAL,POLICIA,"3,49374","-76,47171",NO MANTENER DISTANCIA SEGURIDAD,121.0,MOTOCICLISTA,"29,0",FEMENINO,LESIONADO
2022.0,DITRA,CHOQUE,2022-06-12,01:00,MADRUGADA,DOMINGO,VIA PALMIRA - AMAIME,KM 25+ 500 MTS,RURAL,POLICIA,"3,56687","-76,29004",GIRAR BRUSCAMENTE,122.0,MOTOCICLISTA,"33,0",MASCULINO,LESIONADO
2022.0,DITRA,CHOQUE,2022-06-07,17:20,TARDE,MARTES,VIA CALI - PALMIRA NORTE,KM 1+  980 MTS,RURAL,POLICIA,"3,49416","-76,4683",TRANSITAR DISTANTE DE LA ACERA U ORILLA DE LA CALZADA.,157.0,CICLISTA,"41,0",MASCULINO,LESIONADO
2022.0,DITRA,CHOQUE,2022-06-05,03:30,MADRUGADA,DOMINGO,VIA CALI - PALMIRA NORTE,KM 11+ 600 MTS,RURAL,POLICIA,"3,51439","-76,38346",NO MANTENER DISTANCIA SEGURIDAD,121.0,CONDUCTOR,"32,0",MASCULINO,LESIONADO
2022.0,DITRA,CHOQUE,2022-06-05,03:30,MADRUGADA,DOMINGO,VIA CALI - PALMIRA NORTE,KM 11+ 600 MTS,RURAL,POLICIA,"3,51439","-76,38346",NO MANTENER DISTANCIA SEGURIDAD,121.0,ACOMPAÑANTE CONDUCTOR,"45,0",FEMENINO,LESIONADO
2022.0,DITRA,CHOQUE,2022-06-04,07:10,MAÑANA,SÁBADO,VIA CALI - PALMIRA SUR,KM 14 +  450 MTS,RURAL,POLICIA,"3,51937","-76,36076",OTRA,157.0,CONDUCTOR,"21,0",MASCULINO,LESIONADO
2022.0,DITRA,CHOQUE,2022-06-04,07:10,MAÑANA,SÁBADO,VIA CALI - PALMIRA SUR,KM 14 +  450 MTS,RURAL,POLICIA,"3,51937","-76,36076",OTRA,157.0,ACOMPAÑANTE CONDUCTOR,"27,0",MASCULINO,LESIONADO
2022.0,DITRA,CHOQUE,2022-06-01,16:10,TARDE,MIÉRCOLES,VIA CALI - PALMIRA SUR,KM 8+  800 MTS,RURAL,POLICIA,"3,50817","-76,40962",NO MANTENER DISTANCIA SEGURIDAD,121.0,MOTOCICLISTA,"55,0",MASCULINO,LESIONADO
2022.0,DITRA,CHOQUE,2022-07-27,19:03,NOCHE,MIÉRCOLES,VIA CALI - PALMIRA SUR,KM 18  + 500 MTS,RURAL,POLICIA,"3,53017","-76,32435",OBSTÁCULOS EN LA VÍA,305.0,MOTOCICLISTA,"42,0",MASCULINO,LESIONADO
2022.0,DITRA,CHOQUE,2022-07-27,19:03,NOCHE,MIÉRCOLES,VIA CALI - PALMIRA SUR,KM 18  + 500 MTS,RURAL,POLICIA,"3,53017","-76,32435",OBSTÁCULOS EN LA VÍA,305.0,ACOMPAÑANTE MOTOCICLISTA,"35,0",MASCULINO,LESIONADO
2022.0,DITRA,CHOQUE,2022-07-26,07:30,MAÑANA,MARTES,VIA CALI - PALMIRA SUR,KM  12 +  295 MTS,RURAL,POLICIA,"3,51522","-76,37892",NO MANTENER DISTANCIA SEGURIDAD,121.0,CICLISTA,"19,0",MASCULINO,LESIONADO
2022.0,DITRA,CHOQUE,2022-07-26,07:30,MAÑANA,MARTES,VIA CALI - PALMIRA SUR,KM  12 +  295 MTS,RURAL,POLICIA,"3,51522","-76,37892",NO MANTENER DISTANCIA SEGURIDAD,121.0,MOTOCICLISTA,"22,0",MASCULINO,LESIONADO
2022.0,DITRA,CHOQUE,2022-07-22,06:30,MAÑANA,VIERNES,VIA PALMIRA CANDELARIA,KM 43 +190 MTS,RURAL,POLICIA,"3,47487","-76,33015",ADELANTAR POR LA DERECHA,102.0,MOTOCICLISTA,"61,0",FEMENINO,LESIONADO
2022.0,DITRA,CHOQUE,2022-07-22,06:30,MAÑANA,VIERNES,VIA PALMIRA CANDELARIA,KM 43 +190 MTS,RURAL,POLICIA,"3,47487","-76,33015",ADELANTAR POR LA DERECHA,102.0,NO APLICA,"57,0",MASCULINO,NO APLICA
2022.0,DITRA,CHOQUE,2022-07-22,06:30,MAÑANA,VIERNES,VIA PALMIRA CANDELARIA,KM 43 +190 MTS,RURAL,POLICIA,"3,47487","-76,33015",ADELANTAR POR LA DERECHA,102.0,NO APLICA,"66,0",MASCULINO,NO APLICA
2022.0,DITRA,CHOQUE,2022-07-17,13:30,TARDE,DOMINGO,VIA PALMIRA CANDELARIA,KM 43 +190 MTS,RURAL,POLICIA,"3,47487","-76,33015",VEHÍCULO MAL ESTACIONADO,141.0,NO APLICA,"33,0",MASCULINO,NO APLICA
2022.0,DITRA,CHOQUE,2022-07-17,13:30,TARDE,DOMINGO,VIA PALMIRA CANDELARIA,KM 43 +190 MTS,RURAL,POLICIA,"3,47487","-76,33015",VEHÍCULO MAL ESTACIONADO,141.0,MOTOCICLISTA,"24,0",MASCULINO,LESIONADO
2022.0,DITRA,CHOQUE,2022-07-17,01:00,MADRUGADA,DOMINGO,VIA CALI - PALMIRA NORTE,KM 18,RURAL,POLICIA,"3,52702","-76,3273",OTRA,157.0,CONDUCTOR,"33,0",FEMENINO,LESIONADO
2022.0,DITRA,CHOQUE,2022-07-17,01:00,MADRUGADA,DOMINGO,VIA CALI - PALMIRA NORTE,KM 18,RURAL,POLICIA,"3,52702","-76,3273",OTRA,157.0,ACOMPAÑANTE CONDUCTOR,"21,0",FEMENINO,LESIONADO
2022.0,DITRA,CHOQUE,2022-07-17,13:30,TARDE,DOMINGO,VIA PALMIRA CANDELARIA,KM 42 + 235 MTS,RURAL,POLICIA,"3,46673","-76,33165",VEHÍCULO MAL ESTACIONADO,141.0,ACOMPAÑANTE MOTOCICLISTA,"28,0",FEMENINO,LESIONADO
2022.0,DITRA,CHOQUE,2022-07-17,13:30,TARDE,DOMINGO,VIA PALMIRA CANDELARIA,KM 42 + 235 MTS,RURAL,POLICIA,"3,46673","-76,33165",VEHÍCULO MAL ESTACIONADO,141.0,ACOMPAÑANTE MOTOCICLISTA,"45,0",MASCULINO,LESIONADO
2022.0,DITRA,CHOQUE,2022-07-15,20:15,NOCHE,VIERNES,VIA CALI - PALMIRA SUR,KM 1  + 500 MTS,RURAL,POLICIA,"3,49371","-76,472",NO MANTENER DISTANCIA SEGURIDAD,121.0,NO APLICA,"48,0",MASCULINO,NO APLICA
2022.0,DITRA,CHOQUE,2022-07-15,20:15,NOCHE,VIERNES,VIA CALI - PALMIRA SUR,KM 1  + 500 MTS,RURAL,POLICIA,"3,49371","-76,472",NO MANTENER DISTANCIA SEGURIDAD,121.0,MOTOCICLISTA,"36,0",MASCULINO,LESIONADO
2022.0,DITRA,CHOQUE,2022-07-15,20:15,NOCHE,VIERNES,VIA CALI - PALMIRA SUR,KM 1  + 500 MTS,RURAL,POLICIA,"3,49371","-76,472",NO MANTENER DISTANCIA SEGURIDAD,121.0,ACOMPAÑANTE MOTOCICLISTA,"22,0",MASCULINO,LESIONADO
2022.0,DITRA,CHOQUE,2022-07-12,17:30,TARDE,MARTES,VIA CALI - PALMIRA NORTE,KM 0  + 750 MTS,RURAL,POLICIA,"3,49351","-76,47929",OTRA,157.0,CICLISTA,"20,0",FEMENINO,LESIONADO
2022.0,DITRA,CHOQUE,2022-07-12,17:30,TARDE,MARTES,VIA CALI - PALMIRA NORTE,KM 0  + 750 MTS,RURAL,POLICIA,"3,49351","-76,47929",OTRA,157.0,NO APLICA,"19,0",FEMENINO,NO APLICA
2022.0,DITRA,CHOQUE,2022-07-11,13:20,TARDE,LUNES,VIA CENCAR -AEREOPUERTO,KM 11 +  500  MTS,RURAL,POLICIA,"3,5356","-76,39755",OTRA,157.0,MOTOCICLISTA,"47,0",FEMENINO,LESIONADO
2022.0,DITRA,CHOQUE,2022-07-11,13:30,TARDE,LUNES,VIA SUCROMIELES - EL CERRITO,KM 13 + 400 MTS,RURAL,POLICIA,"3,63072","-76,29399",OTRA,157.0,NO APLICA,"51,0",MASCULINO,NO APLICA
2022.0,DITRA,CHOQUE,2022-07-11,13:30,TARDE,LUNES,VIA SUCROMIELES - EL CERRITO,KM 13 + 400 MTS,RURAL,POLICIA,"3,63072","-76,29399",OTRA,157.0,ACOMPAÑANTE CONDUCTOR,"38,0",MASCULINO,LESIONADO
2022.0,DITRA,CHOQUE,2022-07-10,08:30,MAÑANA,DOMINGO,VIA CALI - PALMIRA SUR,KM 2 + 350 MTS,RURAL,POLICIA,"3,49469","-76,46605",OTRA,157.0,CICLISTA,"39,0",FEMENINO,LESIONADO
2022.0,DITRA,CHOQUE,2022-07-10,08:30,MAÑANA,DOMINGO,VIA CALI - PALMIRA SUR,KM 2 + 350 MTS,RURAL,POLICIA,"3,49469","-76,46605",OTRA,157.0,MOTOCICLISTA,"41,0",MASCULINO,LESIONADO
2022.0,DITRA,CHOQUE,2022-07-08,11:00,MAÑANA,VIERNES,VIA CALI - PALMIRA SUR,KM 8,RURAL,POLICIA,"3,50676","-76,4162",ARRANCAR SIN PRECAUCION,145.0,NO APLICA,"49,0",MASCULINO,NO APLICA
2022.0,DITRA,CHOQUE,2022-07-08,11:00,MAÑANA,VIERNES,VIA CALI - PALMIRA SUR,KM 8,RURAL,POLICIA,"3,50676","-76,4162",ARRANCAR SIN PRECAUCION,145.0,PEATÓN,"51,0",MASCULINO,LESIONADO
2022.0,DITRA,CHOQUE,2022-07-08,05:25,MADRUGADA,VIERNES,VIA CALI - PALMIRA SUR,KM 13 + 900  MTS,RURAL,POLICIA,"3,50676","-76,4162",OTRA,157.0,CONDUCTOR,"24,0",MASCULINO,LESIONADO
2022.0,DITRA,CHOQUE,2022-07-07,14:40,TARDE,JUEVES,VIA PALMIRA CANDELARIA,KM 46 + 900 MTS,RURAL,POLICIA,"3,50676","-76,33372",OTRA,157.0,MOTOCICLISTA,"29,0",MASCULINO,LESIONADO
2022.0,DITRA,CHOQUE,2022-07-07,14:40,TARDE,JUEVES,VIA PALMIRA CANDELARIA,KM 46 + 900 MTS,RURAL,POLICIA,"3,50676","-76,33372",OTRA,157.0,NO APLICA,"37,0",MASCULINO,NO APLICA
2022.0,DITRA,CHOQUE,2022-07-07,09:00,MAÑANA,JUEVES,VIA CALI - PALMIRA NORTE,KM 7 +  700 MTS,RURAL,POLICIA,"3,50649","-76,41891",REVERSO IMPRUDENTE,134.0,MOTOCICLISTA,"44,0",MASCULINO,LESIONADO
2022.0,DITRA,CHOQUE,2022-07-07,09:00,MAÑANA,JUEVES,VIA CALI - PALMIRA NORTE,KM 7 +  700 MTS,RURAL,POLICIA,"3,50649","-76,41891",REVERSO IMPRUDENTE,134.0,NO APLICA,"54,0",FEMENINO,NO APLICA
2022.0,DITRA,CHOQUE,2022-07-07,16:20,TARDE,JUEVES,VIA CALI - PALMIRA SUR,KM 18 + 300 MTS,RURAL,POLICIA,"3,52824","-76,32571",REVERSO IMPRUDENTE,134.0,MOTOCICLISTA,"25,0",MASCULINO,LESIONADO
2022.0,DITRA,CHOQUE,2022-07-07,16:20,TARDE,JUEVES,VIA CALI - PALMIRA SUR,KM 18 + 300 MTS,RURAL,POLICIA,"3,52824","-76,32571",REVERSO IMPRUDENTE,134.0,NO APLICA,"29,0",MASCULINO,NO APLICA
2022.0,DITRA,CHOQUE,2022-07-06,10:30,MAÑANA,MIÉRCOLES,VIA PALMASECA EL CERRITO,KM 13  + 200  MTS,RURAL,POLICIA,"3,61551","-76,39968",NO RESPETAR PRELACIÓN,132.0,NO APLICA,"64,0",MASCULINO,NO APLICA
2022.0,DITRA,CHOQUE,2022-07-06,10:30,MAÑANA,MIÉRCOLES,VIA PALMASECA EL CERRITO,KM 13  + 200  MTS,RURAL,POLICIA,"3,61551","-76,39968",NO RESPETAR PRELACIÓN,132.0,NO APLICA,"71,0",MASCULINO,NO APLICA
2022.0,DITRA,CHOQUE,2022-07-06,10:30,MAÑANA,MIÉRCOLES,VIA PALMASECA EL CERRITO,KM 13  + 200  MTS,RURAL,POLICIA,"3,61551","-76,39968",NO RESPETAR PRELACIÓN,132.0,ACOMPAÑANTE MOTOCICLISTA,"55,0",FEMENINO,LESIONADO
2022.0,DITRA,CHOQUE,2022-07-05,19:30,NOCHE,MARTES,VIA CALI - PALMIRA SUR,KM 7 +  830 MTS,RURAL,POLICIA,"3,50631","-76,41826",OTRA,157.0,NO APLICA,"62,0",MASCULINO,NO APLICA
2022.0,DITRA,CHOQUE,2022-07-05,19:30,NOCHE,MARTES,VIA CALI - PALMIRA SUR,KM 7 +  830 MTS,RURAL,POLICIA,"3,50631","-76,41826",OTRA,157.0,ACOMPAÑANTE CONDUCTOR,"24,0",FEMENINO,LESIONADO
2022.0,DITRA,CHOQUE,2022-07-01,08:45,MAÑANA,VIERNES,VIA CALI - PALMIRA SUR,KM 6 + 900  MTS,RURAL,POLICIA,"3,50476","-76,42558",CRUZAR SIN OBSERVAR,409.0,MOTOCICLISTA,"31,0",MASCULINO,LESIONADO
2022.0,DITRA,ATROPELLO,2022-08-30,06:00,MAÑANA,MARTES,VIA PALMIRA - AMAIME,KM 29 + 170 MTS,RURAL,POLICIA,"3,59099","-76,27274",TRANSITAR DISTANTE DE LA ACERA U ORILLA DE LA CALZADA.,404.0,PEATÓN,"28,0",MASCULINO,LESIONADO
2022.0,DITRA,CHOQUE,2022-08-28,06:30,MAÑANA,DOMINGO,VIA CALI - PALMIRA SUR,KM 15 + 400 MTS,RURAL,POLICIA,"3,52169","-76,35031",OTRA,157.0,CONDUCTOR,"32,0",MASCULINO,LESIONADO
2022.0,DITRA,CHOQUE,2022-08-26,08:00,MAÑANA,VIERNES,VIA PALMASECA EL CERRITO,KM 10 +  450 MTS,RURAL,POLICIA,"3,592","-76,40112",OTRA,157.0,MOTOCICLISTA,"39,0",MASCULINO,LESIONADO
2022.0,DITRA,CHOQUE,2022-08-23,09:00,MAÑANA,MARTES,VIA PALMIRA - AMAIME,KM 26 + 750 MTS,RURAL,POLICIA,"3,57504","-76,28686",NO RESPETAR PRELACIÓN,132.0,MOTOCICLISTA,"47,0",MASCULINO,LESIONADO
2022.0,DITRA,CHOQUE,2022-08-14,00:05,MADRUGADA,DOMINGO,VIA CENCAR -AEREOPUERTO,KM 14 +  800 MTS,RURAL,POLICIA,"3,52206","-76,39267",NO MANTENER DISTANCIA SEGURIDAD,121.0,MOTOCICLISTA,"41,0",MASCULINO,LESIONADO
2022.0,DITRA,CHOQUE,2022-08-13,18:00,NOCHE,SÁBADO,VIA PALMASECA EL CERRITO,KM 20 + 800 MTS,RURAL,POLICIA,"3,66536","-76,36759",OTRA,157.0,CONDUCTOR,"52,0",MASCULINO,LESIONADO
2022.0,DITRA,CHOQUE,2022-08-13,05:15,MADRUGADA,SÁBADO,VIA PALMASECA EL CERRITO,KM 24 + 550 MTS,RURAL,POLICIA,"3,67719","-76,33088",OTRA,157.0,CONDUCTOR,"56,0",MASCULINO,LESIONADO
2022.0,DITRA,CHOQUE,2022-08-13,05:15,MADRUGADA,SÁBADO,VIA PALMASECA EL CERRITO,KM 24 + 550 MTS,RURAL,POLICIA,"3,67719","-76,33088",OTRA,157.0,ACOMPAÑANTE MOTOCICLISTA,"61,0",FEMENINO,LESIONADO
2022.0,DITRA,CHOQUE,2022-08-13,18:00,NOCHE,SÁBADO,VIA SUCROMIELES - EL CERRITO,KM 5 + 300 MTS,RURAL,POLICIA,"3,57085","-76,33084",POR ESTABLECER,157.0,MOTOCICLISTA,"25,0",MASCULINO,LESIONADO
2022.0,DITRA,CHOQUE,2022-08-13,18:00,NOCHE,SÁBADO,VIA SUCROMIELES - EL CERRITO,KM 5 + 300 MTS,RURAL,POLICIA,"3,57085","-76,33084",POR ESTABLECER,157.0,ACOMPAÑANTE MOTOCICLISTA,"29,0",FEMENINO,LESIONADO
2022.0,DITRA,CHOQUE,2022-08-07,18:00,NOCHE,DOMINGO,VIA PALMIRA - AMAIME,KM 27 + 200 MTS,RURAL,POLICIA,"3,57978","-76,28387",NO MANTENER DISTANCIA SEGURIDAD,121.0,ACOMPAÑANTE MOTOCICLISTA,"33,0",FEMENINO,LESIONADO
2022.0,DITRA,CHOQUE,2022-08-05,21:20,NOCHE,VIERNES,VIA CALI - PALMIRA SUR,KM 10 + 500 MTS,RURAL,POLICIA,"3,51196","-76,39379",NO RESPETAR PRELACIÓN,132.0,MOTOCICLISTA,"45,0",MASCULINO,LESIONADO
2022.0,DITRA,ATROPELLO,2022-09-18,03:30,MADRUGADA,DOMINGO,VIA PALMIRA - AMAIME,KM 28,RURAL,POLICIA,"3,58509","-76,27979",TRANSITAR DISTANTE DE LA ACERA U ORILLA DE LA CALZADA.,157.0,MOTOCICLISTA,"45,0",MASCULINO,LESIONADO
2022.0,DITRA,ATROPELLO,2022-09-18,03:30,MADRUGADA,DOMINGO,VIA PALMIRA - AMAIME,KM 28,RURAL,POLICIA,"3,58509","-76,27979",TRANSITAR DISTANTE DE LA ACERA U ORILLA DE LA CALZADA.,157.0,PEATÓN,"52,0",MASCULINO,LESIONADO
2022.0,DITRA,CHOQUE,2022-09-17,16:20,TARDE,SÁBADO,VIA PALMASECA EL CERRITO,KM 4 +  150 MTS,RURAL,POLICIA,"3,53841","-76,42334",OTRA,157.0,ACOMPAÑANTE CONDUCTOR,"32,0",FEMENINO,LESIONADO
2022.0,DITRA,CHOQUE,2022-09-10,14:00,TARDE,SÁBADO,VIA PALMASECA EL CERRITO,KM 16 +  250 MTS,RURAL,POLICIA,"3,63515","-76,3863",ARRANCAR SIN PRECAUCION,145.0,MOTOCICLISTA,"39,0",FEMENINO,LESIONADO
2022.0,DITRA,CHOQUE,2022-09-10,15:50,TARDE,SÁBADO,VIA PALMIRA - AMAIME,KM 28 +400,RURAL,POLICIA,"3,58688","-76,27724",GIRAR BRUSCAMENTE,122.0,MOTOCICLISTA,"44,0",MASCULINO,LESIONADO
2022.0,DITRA,CHOQUE,2022-09-09,07:30,MAÑANA,VIERNES,VIA PALMIRA - AMAIME,KM 30,RURAL,POLICIA,"3,59931","-76,27101",NO RESPETAR PRELACIÓN,132.0,MOTOCICLISTA,"65,0",MASCULINO,LESIONADO
2022.0,DITRA,CHOQUE,2022-09-09,07:30,MAÑANA,VIERNES,VIA PALMIRA - AMAIME,KM 30,RURAL,POLICIA,"3,59931","-76,27101",NO RESPETAR PRELACIÓN,132.0,MOTOCICLISTA,"42,0",MASCULINO,LESIONADO
2022.0,DITRA,CHOQUE,2022-09-05,08:00,MAÑANA,LUNES,VIA  CANDELARIA - PALMIRA,KM 42  + 500 MTS,RURAL,POLICIA,"3,46978","-76,33072",ADELANTAR INVADIENDO CARRIL,104.0,MOTOCICLISTA,"22,0",MASCULINO,LESIONADO
2022.0,DITRA,CHOQUE,2022-10-25,07:00,MAÑANA,MARTES,VIA PALMASECA EL CERRITO,KM 3,RURAL,POLICIA,"3,5293","-76,42639",NO MANTENER DISTANCIA SEGURIDAD,121,MOTOCICLISTA,"25,0",FEMENINO,LESIONADO
2022.0,DITRA,CHOQUE,2022-10-23,06:25,MAÑANA,DOMINGO,VIA  PALMIRA -AMAIME,KM 25 + 500 MTS,RURAL,POLICIA,"3,56563","-76,29014",ADELANTAR INVADIENDO CARRIL,104,CONDUCTOR,"35,0",MASCULINO,LESIONADO
2022.0,DITRA,CHOQUE,2022-10-10,17:40,TARDE,LUNES,VIA SUCROMIELES - EL CERRITO,KM 11 +  850 MTS,RURAL,POLICIA,"3,61536","-76,30851",OTRA,157,CONDUCTOR,"41,0",MASCULINO,LESIONADO
2022.0,DITRA,CHOQUE,2022-10-10,17:40,TARDE,LUNES,VIA SUCROMIELES - EL CERRITO,KM 11 +  850 MTS,RURAL,POLICIA,"3,61536","-76,30851",OTRA,157,ACOMPAÑANTE CONDUCTOR,"22,0",MASCULINO,LESIONADO
2022.0,DITRA,CHOQUE,2022-10-08,18:00,NOCHE,SÁBADO,VIA SUCROMIELES - EL CERRITO,KM 13 +  700 MTS,RURAL,POLICIA,"3,60508","-76,31314",ADELANTAR INVADIENDO CARRIL,104,MOTOCICLISTA,"38,0",MASCULINO,LESIONADO
2022.0,DITRA,CHOQUE,2022-10-08,18:00,NOCHE,SÁBADO,VIA SUCROMIELES - EL CERRITO,KM 13 +  700 MTS,RURAL,POLICIA,"3,60508","-76,31314",ADELANTAR INVADIENDO CARRIL,104,ACOMPAÑANTE MOTOCICLISTA,"29,0",FEMENINO,LESIONADO
2022.0,DITRA,CHOQUE,2022-10-07,19:03,NOCHE,VIERNES,VIA CALI - PALMIRA SUR,KM 0 +  250 MTS,RURAL,POLICIA,"3,49265","-76,48199",TRANSITAR EN CONTRA VIA,127,ACOMPAÑANTE MOTOCICLISTA,"31,0",FEMENINO,LESIONADO
2022.0,DITRA,CHOQUE,2022-10-03,00:30,MADRUGADA,LUNES,VIA  PALMIRA -AMAIME,KM 27  + 200 MTS,RURAL,POLICIA,"3,5799","-76,28375",IMPERICIA EN EL MANEJO,139,MOTOCICLISTA,"44,0",MASCULINO,LESIONADO
2022.0,DITRA,CHOQUE,2022-10-02,00:05,MADRUGADA,DOMINGO,VIA PALMASECA EL CERRITO,KM 13,RURAL,POLICIA,"3,6277","-76,29508",NO RESPETAR PRELACIÓN,132,MOTOCICLISTA,"51,0",MASCULINO,LESIONADO
2022.0,DITRA,CHOQUE,2022-10-02,00:05,MADRUGADA,DOMINGO,VIA PALMASECA EL CERRITO,KM 13,RURAL,POLICIA,"3,6277","-76,29508",NO RESPETAR PRELACIÓN,132,MOTOCICLISTA,"33,0",MASCULINO,LESIONADO
2022.0,DITRA,CHOQUE,2022-10-02,00:05,MADRUGADA,DOMINGO,VIA PALMASECA EL CERRITO,KM 13,RURAL,POLICIA,"3,6277","-76,29508",NO RESPETAR PRELACIÓN,132,ACOMPAÑANTE MOTOCICLISTA,"19,0",MASCULINO,LESIONADO
2022.0,DITRA,CHOQUE,2022-10-02,00:05,MADRUGADA,DOMINGO,VIA PALMASECA EL CERRITO,KM 13,RURAL,POLICIA,"3,6277","-76,29508",NO RESPETAR PRELACIÓN,132,ACOMPAÑANTE MOTOCICLISTA,"25,0",MASCULINO,LESIONADO
2022.0,8710.0,CHOQUE,2022-03-20,02:10,MADRUGADA,DOMINGO,VERSALLES,CARRERA 28 CALLE 42,URBANA,TECNICO,"3,53807","-76,29738",INVADIR LINEA CONTINUA,157.0,NO APLICA,"19,0",MASCULINO,NO APLICA
2022.0,9016.0,CHOQUE,2022-06-19,16:50,TARDE,DOMINGO,URIBE,CALLE 31 CARRERA 23,URBANA,TECNICO,"3,52745","-76,29461",SEMAFORO EN ROJO,142.0,MOTOCICLISTA,"61,0",MASCULINO,NO APLICA
2022.0,9207.0,ATROPELLO,2022-08-30,13:20,TARDE,MARTES,TRINIDAD,CARRERA 24 CALLE 28-19,URBANA,TECNICO,"3,52504","-76,29575",CRUZAR SIN OBSERVAR,409.0,NO APLICA,"69,0",MASCULINO,NO APLICA
2022.0,9176.0,CHOQUE,2022-08-13,22:15,NOCHE,SÁBADO,CENTRO,CALLE 31 CARRERA 32,URBANA,TECNICO,"3,52853","-76,30228",SEMAFORO EN ROJO,142.0,MOTOCICLISTA,"39,0",MASCULINO,LESIONADO
2022.0,9232.0,CHOQUE,2022-09-13,07:00,MAÑANA,MARTES,COLOMBIA,CALLE 38 CARRERA 29,URBANA,TECNICO,"3,53492","-76,29856",NO RESPETAR PRELACIÓN,132.0,NO APLICA,"49,0",MASCULINO,NO APLICA
2022.0,8610.0,ATROPELLO,2022-02-21,16:15,TARDE,LUNES,SAN PEDRO,CALLE 35 CARRERA 12-09,URBANA,TECNICO,"3,53166","-76,28502",TRANSITAR POR LA CALZADA  PEATON,404.0,PEATÓN,"74,0",FEMENINO,LESIONADO
2022.0,8754.0,CHOQUE,2022-04-02,03:40,MADRUGADA,SÁBADO,TRINIDAD,CALLE 31 CARRERA 20,URBANA,TECNICO,"3,52709","-76,29209",DESOBEDECER SEÑAL DE PARE,112.0,MOTOCICLISTA,"30,0",MASCULINO,LESIONADO