a_o,ipat,clase_siniestro,fecha,hora,jornada,dia_semana,barrios_corregimiento_via,direccion,zona,autoridad,lat,long,hipotesis,codigo,condicion_de_la_victima,edad,genero,lesionados_y_muertos
2022.0,9171.0,CHOQUE,2022-08-08,14:40,TARDE,LUNES,SESQUI,CALLE 10 CARRERA 25A,URBANA,TECNICO,"3,50902","-76,29924",NO ESTAR PENDIENTE DE LA VIA,157.0,ACOMPAÑANTE MOTOCICLISTA,"48,0",MASCULINO,LESIONADO
2022.0,HOSPITALARIO,VOLCAMIENTO,2022-03-27,16:00,TARDE,DOMINGO,NO APLICA,NO APLICA,URBANA,TECNICO,,,POR ESTABLECER,157,ACOMPAÑANTE MOTOCICLISTA,"56,0",FEMENINO,MUERTO
2022.0,9157.0,ATROPELLO,2022-08-02,16:00,TARDE,MIÉRCOLES,SANTA RITA,CALLE 33 CARRERA 27,URBANA,TECNICO,"3,53018","-76,29743",FALLAS EN LA DIRECCION,203.0,NO APLICA,"79,0",MASCULINO,NO APLICA
2022.0,9182.0,CHOQUE,2022-08-14,15:12,TARDE,DOMINGO,MERCEDES,CALLE 54 CARRERA 25,URBANA,TECNICO,"3,54613","-76,2904",SEMAFORO EN ROJO,142.0,ACOMPAÑANTE MOTOCICLISTA,"56,0",MASCULINO,LESIONADO
2022.0,8555.0,CHOQUE,2022-02-07,18:00,NOCHE,LUNES,BARRIO NUEVO,CALLE 27 CARRERA 32,URBANA,TECNICO,"3,52498","-76,30279",ARRANCAR SIN PRECAUCION,145.0,NO APLICA,"75,0",MASCULINO,NO APLICA
2022.0,DITRA,CHOQUE,2022-08-16,16:50,TARDE,MARTES,VIA PRODESAL - LA TINAJA,KM 10 + 380 MTS,RURAL,POLICIA,"3,57902","-76,43115",NO MANTENER DISTANCIA SEGURIDAD,121,MOTOCICLISTA,"50,0",MASCULINO,MUERTO
2022.0,8866.0,CHOQUE,2022-05-06,21:00,NOCHE,VIERNES,INDUSTRIAL,CALLE 42 CARRERA 35,URBANA,TECNICO,"3,53896","-76,30653",PONER EN MARCHA UN VEHICULO SIN LAS MEDIDAS DE PRECAUCION,143,MOTOCICLISTA,"17,0",MASCULINO,LESIONADO
2022.0,9300.0,CHOQUE,2022-10-14,09:00,MAÑANA,VIERNES,EMILIA,CALLE 34A CARRERA 36,URBANA,TECNICO,"3,53236","-76,30626",DESOBEDECER SEÑAL DE PARE,112.0,ACOMPAÑANTE MOTOCICLISTA,"77,0",MASCULINO,LESIONADO
2022.0,8966.0,CHOQUE,2022-06-03,20:30,NOCHE,VIERNES,OBRERO,CALLE 37 CARRERA 25,URBANA,TECNICO,"3,53324","-76,29526",DESOBEDECER SEÑAL DE PARE,112.0,MOTOCICLISTA,"65,0",MASCULINO,LESIONADO
2022.0,8906.0,CHOQUE,2022-05-18,16:00,TARDE,MIÉRCOLES,CHAPINERO SUR,CARRERA 32 DIAGONAL 4,URBANA,TECNICO,"3,50558","-76,31452",NO ESTAR PENDIENTE DE LA VIA,157,NO APLICA,"62,0",MASCULINO,NO APLICA
2022.0,9167.0,CHOQUE,2022-08-05,18:45,NOCHE,VIERNES,CENTRO,CALLE 30 CARRERA 32,URBANA,TECNICO,"3,52745","-76,30245",TRANSITAR EN CONTRA VIA,127,NO APLICA,"21,0",MASCULINO,NO APLICA
2022.0,8872.0,ATROPELLO,2022-05-08,07:40,MAÑANA,DOMINGO,PRADO,CALLE 42 CARRERA 39,URBANA,TECNICO,"3,53885","-76,30986",CRUZAR SIN OBSERVAR,409,NO APLICA,"38,0",MASCULINO,NO APLICA
2022.0,8831.0,CHOQUE,2022-04-27,13:40,TARDE,MIÉRCOLES,BARRIO NUEVO,CARRERA 29 CALLE 24,URBANA,TECNICO,"3,52204","-76,30057",DESOBEDECER SEÑAL DE PARE,112,MOTOCICLISTA,"65,0",MASCULINO,LESIONADO
2022.0,8671.0,CHOQUE,2022-03-10,05:50,MADRUGADA,JUEVES,URIBE,CALLE 34 CARRERA 21,URBANA,TECNICO,"3,5303","-76,29253",DESOBEDECER SEÑAL DE PARE,112.0,MOTOCICLISTA,"52,0",MASCULINO,LESIONADO
2022.0,8672.0,CHOQUE,2022-03-12,17:30,TARDE,SÁBADO,RINCON DEL BOSQUE,CALLE 31 CARRERA 7-8,URBANA,TECNICO,"3,52571","-76,28203",NO MANTENER DISTANCIA SEGURIDAD,121.0,NO APLICA,"66,0",MASCULINO,NO APLICA
2022.0,8551.0,ATROPELLO,2022-02-05,16:50,TARDE,SÁBADO,CENTRO,CARRERA 29 CALLE 26,URBANA,TECNICO,"3,52372","-76,30033",CRUZAR SIN OBSERVAR,409.0,NO APLICA,"25,0",MASCULINO,NO APLICA
2022.0,8590.0,VOLCAMIENTO,2022-02-16,10:15,MAÑANA,MIÉRCOLES,VERSALLES,CALLE 42 CARRERA 30,URBANA,TECNICO,"3,53806","-76,2988",PERDIDA DEL CONTROL DEL VEHICULO,157.0,MOTOCICLISTA,"40,0",MASCULINO,LESIONADO
2022.0,9054.0,CHOQUE,2022-06-29,16:30,TARDE,MIÉRCOLES,VERSALLES,CALLE 42 CARRERA 30-103,URBANA,TECNICO,"3,53824","-76,29918",NO ESTAR PENDIENTE DE LA VIA,157.0,NO APLICA,"59,0",MASCULINO,NO APLICA
2022.0,9171.0,CHOQUE,2022-08-08,14:40,TARDE,LUNES,SESQUI,CALLE 10 CARRERA 25A,URBANA,TECNICO,"3,50902","-76,29924",NO ESTAR PENDIENTE DE LA VIA,157.0,MOTOCICLISTA,"41,0",MASCULINO,LESIONADO
2022.0,9072.0,CHOQUE,2022-07-05,04:45,MADRUGADA,MARTES,VERSALLES,CALLE 42 CARRERA 26-31,URBANA,TECNICO,"3,53772","-76,29578",CAMBIO DE CARRIL CON O SIN INDICACION,157.0,MOTOCICLISTA,"53,0",MASCULINO,LESIONADO
2022.0,8761.0,CHOQUE,2022-04-04,07:10,MAÑANA,LUNES,IGNACIO TORRES,CALLE 51 CARRERA 36B-38,URBANA,TECNICO,"3,54456","-76,30907",ADELANTAR CERRANDO,103.0,NO APLICA,"47,0",MASCULINO,NO APLICA
2022.0,8700.0,CHOQUE,2022-03-17,16:30,TARDE,JUEVES,CENTRO POBLADO POTRERILLO,AVENIDAD 4 CALLE 3,RURAL,TECNICO,"3,55493","-76,20109",NO RESPETAR PRELACIÓN,132.0,MOTOCICLISTA,"82,0",MASCULINO,LESIONADO
2022.0,8723.0,CHOQUE,2022-03-23,11:00,MAÑANA,MIÉRCOLES,VIA PALMIRA LA ZAPATA,KM 11 + 400 MTS,RURAL,TECNICO,"3,54824","-76,19262",NO ESTAR PENDIENTE DE LA VIA,157.0,ACOMPAÑANTE MOTOCICLISTA,"55,0",MASCULINO,LESIONADO
2022.0,8850.0,CHOQUE,2022-05-02,14:30,TARDE,LUNES,BIZERTA,CALLE 36 CARRERA 21,URBANA,TECNICO,"3,53203","-76,29231",ARRANCAR SIN PRECAUCION,145,NO APLICA,"43,0",FEMENINO,NO APLICA
2022.0,9068.0,CHOQUE,2022-07-03,00:30,MADRUGADA,DOMINGO,SAN PEDRO,CALLE 36 CARRERA 17,URBANA,TECNICO,"3,532","-76,2889",TRANSITAR EN CONTRA VIA,127.0,ACOMPAÑANTE MOTOCICLISTA,"23,0",FEMENINO,LESIONADO
2022.0,9284.0,CHOQUE,2022-10-05,17:30,TARDE,MIÉRCOLES,RECREO,CALLE 21 CARRERA 28,URBANA,TECNICO,"3,51949","-76,30003",DESOBEDECER SEÑAL DE PARE,112.0,MOTOCICLISTA,"29,0",MASCULINO,LESIONADO
2022.0,8744.0,CHOQUE,2022-03-29,17:50,TARDE,MARTES,CAMPESTRE,CALLE 42 CARRERA 9-8,URBANA,TECNICO,"3,53687","-76,28204",INVADIR CARRIL SENTIDO CONTRARIO,157.0,ACOMPAÑANTE MOTOCICLISTA,"34,0",MASCULINO,LESIONADO
2022.0,8811.0,CHOQUE,2022-04-20,19:03,NOCHE,MIÉRCOLES,MUNICIPAL,CARRERA 1 CALLE 31,URBANA,TECNICO,"3,52513","-76,27813",NO ESTAR PENDIENTE DE LA VIA,157,MOTOCICLISTA,"43,0",FEMENINO,LESIONADO
2022.0,9174.0,CHOQUE,2022-08-12,17:15,TARDE,VIERNES,SAN PEDRO,CALLE 34 CARRERA 17,URBANA,TECNICO,"3,53004","-76,28864",ARRANCAR SIN PRECAUCION,145.0,MOTOCICLISTA,"42,0",FEMENINO,LESIONADO
2022.0,8558.0,ATROPELLO,2022-02-08,18:20,NOCHE,MARTES,CENTRO,CARRERA 28 CALLE 27-64,URBANA,TECNICO,"3,52477","-76,29929",CRUZAR SIN OBSERVAR,409.0,PEATÓN,"43,0",FEMENINO,LESIONADO
2022.0,8869.0,CHOQUE,2022-05-07,07:55,MAÑANA,LUNES,ESTONIA,CARRERA 30 CALLE 43,URBANA,TECNICO,"3,53886","-76,29868",TRANSITAR EN CONTRA VIA,127,MOTOCICLISTA,"52,0",FEMENINO,LESIONADO
2022.0,9175.0,CHOQUE,2022-08-12,14:40,TARDE,VIERNES,ZAMORANO,CARRERA 28 CALLE 69,URBANA,TECNICO,"3,55546","-76,29191",GIRAR BRUSCAMENTE,122.0,MOTOCICLISTA,"57,0",FEMENINO,LESIONADO
2022.0,8909.0,CHOQUE,2022-05-19,15:20,TARDE,JUEVES,LOS ROBLES,CARRERA 33A CALLE 19A,URBANA,TECNICO,"3,51883","-76,30533",FRENAR BRUSCAMENTE,119.0,MOTOCICLISTA,"38,0",FEMENINO,LESIONADO
2022.0,8952.0,CHOQUE,2022-06-01,20:00,NOCHE,MIÉRCOLES,AMERICAS,CALLE 14 CARRERA 28,URBANA,TECNICO,"3,51327","-76,30101",ARRANCAR SIN PRECAUCION,145.0,ACOMPAÑANTE MOTOCICLISTA,"32,0",FEMENINO,LESIONADO
2022.0,8965.0,CHOQUE,2022-06-03,12:10,TARDE,VIERNES,COLOMBIA,CALLE 35 CARRERA 31,URBANA,TECNICO,"3,53235","-76,30078",DESOBEDECER SEÑAL DE PARE,112.0,NO APLICA,"54,0",MASCULINO,NO APLICA
2022.0,8648.0,CHOQUE,2022-03-02,17:40,TARDE,MIÉRCOLES,COLOMBINA,CARRERA 16 CALLE 28,URBANA,TECNICO,"3,52411","-76,289",DESOBEDECER SEÑAL DE PARE,112.0,NO APLICA,"63,0",MASCULINO,NO APLICA
2022.0,8542.0,CHOQUE,2022-02-02,12:00,TARDE,MIÉRCOLES,RIVERA ESCOBAR,CALLE 31 CARRERA 34-35,URBANA,TECNICO,"3,52888","-76,30521",ABRIR LA PUERTA SIN MEDIDAS DE PRECAUCION,506.0,MOTOCICLISTA,"63,0",MASCULINO,LESIONADO
2022.0,9209.0,CHOQUE,2022-08-31,15:40,TARDE,MIÉRCOLES,SESQUI,CALLE 10 CARRERA 25A,URBANA,TECNICO,"3,50903","-76,29922",ARRANCAR SIN PRECAUCION,145.0,NO APLICA,"78,0",MASCULINO,NO APLICA
2022.0,8606.0,CHOQUE,2022-02-21,10:30,MAÑANA,LUNES,GUAYACANES DEL INGENIO,CARRERA 17 CALLE 26,URBANA,TECNICO,"3,52271","-76,28997",FRENAR BRUSCAMENTE,119.0,NO APLICA,"56,0",MASCULINO,NO APLICA
2022.0,9328.0,CHOQUE,2022-10-30,16:50,TARDE,DOMINGO,PRIMERO DE MAYO,CALLE 42 CARRERA 15,URBANA,TECNICO,"3,53708","-76,28776",FALLAS EN LA LLANTA,201.0,ACOMPAÑANTE CONDUCTOR,"50,0",MASCULINO,LESIONADO
2022.0,8618.0,CHOQUE,2022-02-23,14:20,TARDE,MIÉRCOLES,SESQUI,CARRERA 32 CALLE 10,URBANA,TECNICO,"3,50973","-76,30751",PONER EN MARCHA UN VEHICULO SIN LAS MEDIDAS DE PRECAUCION,143.0,NO APLICA,"48,0",MASCULINO,NO APLICA
2022.0,8581.0,CHOQUE,2022-02-12,14:05,TARDE,SÁBADO,RIVERA ESCOBAR,CARRERA 35 CALLE 32 A,URBANA,TECNICO,"3,53036","-76,3054",PONER EN MARCHA UN VEHICULO SIN LAS MEDIDAS DE PRECAUCION,143.0,NO APLICA,"50,0",MASCULINO,NO APLICA
2022.0,9132.0,CHOQUE,2022-07-26,06:15,MAÑANA,MARTES,SAN PEDRO,CALLE 37 CARRERA 18,URBANA,TECNICO,"3,53283","-76,28983",PONER EN MARCHA UN VEHICULO SIN LAS MEDIDAS DE PRECAUCION,143.0,NO APLICA,"34,0",MASCULINO,NO APLICA
2022.0,8599.0,CHOQUE,2022-02-19,10:45,MAÑANA,SÁBADO,RIVERA ESCOBAR,CALLE 31 CARRERA 31-74,URBANA,TECNICO,"3,52841","-76,30179",ADELANTAR ZONA PROHIBIDAD,105.0,NO APLICA,"35,0",MASCULINO,NO APLICA
2022.0,DITRA,ATROPELLO,2022-01-01,20:00,NOCHE,SÁBADO,VIA CALI - PALMIRA NORTE,KM 8 + 50 MTS,RURAL,POLICIA,"3,50726","-76,41567",TRANSITAR POR LA CALZADA  PEATON,404.0,PEATÓN,"66,0",MASCULINO,MUERTO
2022.0,9131.0,CHOQUE,2022-07-24,22:40,NOCHE,DOMINGO,VIA PALMIRA GUAYABAL,KM 3+ 300 MTS,RURAL,TECNICO,"3,54504","-76,2661",INVADIR CARRIL SENTIDO CONTRARIO,157.0,NO APLICA,"48,0",MASCULINO,NO APLICA
2022.0,9200.0,CHOQUE,2022-08-23,11:15,MAÑANA,MARTES,URIBE,CALLE 33 CARRERA 23,URBANA,TECNICO,"3,52971","-76,29425",DESOBEDECER SEÑAL DE PARE,112.0,MOTOCICLISTA,"42,0",MASCULINO,LESIONADO
2022.0,8814.0,CHOQUE,2022-04-22,19:45,NOCHE,VIERNES,SANTA RITA,CALLLE 36 CARRERA 29,URBANA,TECNICO,"3,53295","-76,29886",SEMAFORO EN ROJO,142,MOTOCICLISTA,"27,0",MASCULINO,LESIONADO
2022.0,8549.0,ATROPELLO,2022-02-05,05:30,MADRUGADA,SÁBADO,ITALIA,TRASNVERSAL 30 CALLE 7E-8E,URBANA,TECNICO,"3,5061","-76,30292",CRUZAR SIN OBSERVAR,409.0,PEATÓN,"27,0",MASCULINO,LESIONADO
2022.0,9190.0,CHOQUE,2022-08-17,05:00,MADRUGADA,MIÉRCOLES,CUIDAD DEL CAMPO,CALLE 100 CARRERA 16-126,RURAL,TECNICO,"3,4563","-76,46926",REALIZAR MAL USO DEL CARRIL,157,PASAJERO,"25,0",MASCULINO,LESIONADO
2022.0,9180.0,CHOQUE,2022-08-14,05:45,MADRUGADA,DOMINGO,RECREO,CARRERA 28 CALLE 22,URBANA,TECNICO,"3,52024","-76,29992",DESOBEDECER SEÑAL DE PARE,112.0,MOTOCICLISTA,"39,0",MASCULINO,LESIONADO
2022.0,8826.0,CHOQUE,2022-04-26,10:00,MAÑANA,MARTES,RECREO,CALLE 21 CARRERA 27,URBANA,TECNICO,"3,51939","-76,29917",DESOBEDECER SEÑAL DE PARE,112,NO APLICA,"24,0",MASCULINO,NO APLICA
2022.0,9220.0,ATROPELLO,2022-09-07,11:20,MAÑANA,MIÉRCOLES,TREBOL,CARRERA 18 CALLE 26-18,URBANA,TECNICO,"3,52303","-76,29082",IMPERICIA EN EL MANEJO,139.0,PEATÓN,"59,0",MASCULINO,LESIONADO
2022.0,8956.0,CHOQUE,2022-06-02,06:40,MAÑANA,JUEVES,RECREO,CARRERA 26 CALLE 18,URBANA,TECNICO,"3,51702","-76,30042",DESOBEDECER SEÑAL DE PARE,112.0,MOTOCICLISTA,"45,0",FEMENINO,LESIONADO
2022.0,9209.0,CHOQUE,2022-08-31,15:40,TARDE,MIÉRCOLES,SESQUI,CALLE 10 CARRERA 25A,URBANA,TECNICO,"3,50903","-76,29922",ARRANCAR SIN PRECAUCION,145.0,MOTOCICLISTA,"52,0",MASCULINO,LESIONADO
2022.0,9093.0,CHOQUE,2022-07-12,20:30,NOCHE,MARTES,GUAYACANES DEL INGENIO,CARRERA 18 CALLE 26,URBANA,TECNICO,"3,52276","-76,29514",DESOBEDECER SEÑAL DE PARE,112.0,NO APLICA,"53,0",MASCULINO,NO APLICA
2022.0,9656.0,CHOQUE,2022-03-05,05:30,MADRUGADA,SÁBADO,ALAMEDA,CALLE 69 CARRERA 26-162,URBANA,TECNICO,"3,55469","-76,2895",ARRANCAR SIN PRECAUCION,145.0,NO APLICA,"27,0",MASCULINO,NO APLICA
2022.0,DITRA,CHOQUE,2022-03-04,16:44,TARDE,VIERNES,VIA PALMIRA - PRADERA,KM 82 + 500 MTS,RURAL,POLICIA,"3,51298","-76,26921",FALLAS EN LA LLANTA,201,MOTOCICLISTA,"52,0",MASCULINO,MUERTO
2022.0,8670.0,CHOQUE,2022-03-09,19:40,NOCHE,MIÉRCOLES,SANTA RITA,CARRERA 27 CALLE 38,URBANA,TECNICO,"3,53466","-76,29674",ARRANCAR SIN PRECAUCION,145.0,NO APLICA,"26,0",MASCULINO,NO APLICA
2022.0,9001.0,CHOQUE OBJETO FIJO ARBOL,2022-06-14,05:30,MADRUGADA,MARTES,VIA PALMIRA BARRANCAS,KM 4+ 500 MTS,RURAL,TECNICO,"3,54879","-76,24882",POR ESTABLECER,157.0,NO APLICA,"36,0",MASCULINO,NO APLICA
2022.0,8790.0,CHOQUE,2022-04-16,08:50,MAÑANA,SÁBADO,BARRIO NUEVO,CARRERA 31 CALLE 24,URBANA,TECNICO,"3,52754","-76,29545",ARRANCAR SIN PRECAUCION,145,MOTOCICLISTA,"19,0",MASCULINO,LESIONADO
2022.0,8577.0,CHOQUE,2022-02-12,15:00,TARDE,SÁBADO,EMILIA,CALLE 34A CARRERA 36,URBANA,TECNICO,"3,53234","-76,30626",DESOBEDECER SEÑAL DE PARE,112.0,MOTOCICLISTA,"27,0",MASCULINO,LESIONADO
2022.0,8670.0,CHOQUE,2022-03-09,19:40,NOCHE,MIÉRCOLES,SANTA RITA,CARRERA 27 CALLE 38,URBANA,TECNICO,"3,53466","-76,29674",ARRANCAR SIN PRECAUCION,145.0,MOTOCICLISTA,"24,0",MASCULINO,LESIONADO
2022.0,8613.0,CHOQUE,2022-02-22,10:00,MAÑANA,MARTES,CHAPINERO SUR,DIAGONAL 4 CARRERA 31A-90,URBANA,TECNICO,"3,50188","-76,31075",ARRANCAR SIN PRECAUCION,145.0,NO APLICA,"23,0",MASCULINO,NO APLICA
2022.0,8882.0,CHOQUE,2022-05-10,19:03,NOCHE,MARTES,SEMBRADOR,CARRERA 17 CALLE 27,URBANA,TECNICO,"3,52334","-76,28993",DESOBEDECER SEÑAL DE PARE,112,MOTOCICLISTA,"54,0",FEMENINO,LESIONADO
2022.0,8739.0,CHOQUE,2022-03-28,12:00,TARDE,LUNES,BIZERTA,CALLE 36 CARRERA 22,URBANA,TECNICO,"3,53219","-76,29315",IMPERICIA EN EL MANEJO,139.0,NO APLICA,"81,0",MASCULINO,NO APLICA
2022.0,8644.0,CHOQUE,2022-03-01,18:00,NOCHE,MARTES,INDUSTRIAL,CALLE 42 CARRERA 43-44,URBANA,TECNICO,"3,53879","-76,31307",POR ESTABLECER,157.0,MOTOCICLISTA,"54,0",MASCULINO,LESIONADO
2022.0,8737.0,CHOQUE,2022-03-26,14:30,TARDE,SÁBADO,CENTRO,CALLE 28 CARRERA 31,URBANA,TECNICO,"3,52574","-76,30195",SEMAFORO EN ROJO,142.0,MOTOCICLISTA,"29,0",MASCULINO,LESIONADO
2022.0,8884.0,CHOQUE,2022-05-10,22:30,NOCHE,MARTES,RINCON DEL BOSQUE,CALLE 31 CARRERA 9,URBANA,TECNICO,"3,52591","-76,28335",REVERSO IMPRUDENTE,134,NO APLICA,"62,0",MASCULINO,NO APLICA
2022.0,8844.0,CHOQUE,2022-05-01,11:10,MAÑANA,DOMINGO,URIBE,CALLE 33 CARRERA 23,URBANA,TECNICO,"3,52971","-76,29425",DESOBEDECER SEÑAL DE PARE,112,PASAJERO,"41,0",FEMENINO,LESIONADO
2022.0,8874.0,CHOQUE,2022-05-08,12:30,TARDE,DOMINGO,ZAMORANO,CALLE 67 CARRERA 31,URBANA,TECNICO,"3,55594","-76,29687",REALIZAR MANIOBRAS PELIGROSAS,157,MOTOCICLISTA,"18,0",MASCULINO,LESIONADO
2022.0,DITRA,CHOQUE,2022-04-03,21:40,NOCHE,DOMINGO,VIA CALI - PALMIRA SUR,KM 18 + 150 MTS,RURAL,POLICIA,"3,52699","-76,32713",PERDIDA DEL CONTROL DEL VEHICULO,157.0,ACOMPAÑANTE CONDUCTOR,"41,0",FEMENINO,LESIONADO
2022.0,8683.0,CHOQUE,2022-03-12,23:30,NOCHE,SÁBADO,COLOMBINA,CALLE 31 CARRERA 18,URBANA,TECNICO,"3,52685","-76,2904",DESOBEDECER SEÑAL DE PARE,112.0,CONDUCTOR,"54,0",FEMENINO,LESIONADO
2022.0,8688.0,CHOQUE,2022-03-13,23:30,NOCHE,DOMINGO,BARRIO NUEVO,CARRERA 30 CALLE 21,URBANA,TECNICO,"3,51975","-76,30206",DESOBEDECER SEÑAL DE PARE,112.0,MOTOCICLISTA,"23,0",FEMENINO,LESIONADO
2022.0,9051.0,CHOQUE,2022-06-28,13:30,TARDE,MARTES,SANTA RITA,CARRERA 27 CALLE 34,URBANA,TECNICO,"3,53101","-76,29734",DESOBEDECER SEÑAL DE PARE,112.0,NO APLICA,"30,0",MASCULINO,NO APLICA
2022.0,8907.0,CHOQUE,2022-05-19,06:30,MAÑANA,JUEVES,ESTONIA,CARRERA 32 CALLE 44,URBANA,TECNICO,"3,53979","-76,30069",DESOBEDECER SEÑAL DE PARE,112,ACOMPAÑANTE MOTOCICLISTA,"6,0",MASCULINO,LESIONADO
2022.0,9210.0,CHOQUE,2022-09-01,20:20,NOCHE,JUEVES,TRINIDAD,CALLE 29 CARRERA 24,URBANA,TECNICO,"3,52562","-76,29569",SEMAFORO EN ROJO,142.0,ACOMPAÑANTE MOTOCICLISTA,"9,0",MASCULINO,LESIONADO
2022.0,8866.0,CHOQUE,2022-05-06,21:00,NOCHE,VIERNES,INDUSTRIAL,CALLE 42 CARRERA 35,URBANA,TECNICO,"3,53896","-76,30653",PONER EN MARCHA UN VEHICULO SIN LAS MEDIDAS DE PRECAUCION,143,MOTOCICLISTA,"48,0",FEMENINO,LESIONADO
2022.0,9212.0,CHOQUE,2022-09-02,18:30,NOCHE,VIERNES,OBRERO,CALLE 35 CARRERA 24,URBANA,TECNICO,"3,53154","-76,29495",DESOBEDECER SEÑAL DE PARE,112.0,NO APLICA,"34,0",FEMENINO,NO APLICA
2022.0,9272.0,CHOQUE,2022-10-01,13:30,TARDE,SÁBADO,OBRERO,CALLE 33 CARRERA 24,URBANA,TECNICO,"3,52988","-76,29518",DESOBEDECER SEÑAL DE PARE,112.0,ACOMPAÑANTE MOTOCICLISTA,"34,0",MASCULINO,LESIONADO
2022.0,9214.0,CHOQUE,2022-09-03,12:30,TARDE,SÁBADO,COLOMBIA,CALLE 36 CARRERA 30-72,URBANA,TECNICO,"3,5331","-76,30006",NO MANTENER DISTANCIA SEGURIDAD,121.0,PASAJERO,"40,0",FEMENINO,LESIONADO
2022.0,8679.0,CHOQUE,2022-03-12,14:00,TARDE,SÁBADO,BARRIO NUEVO,CARRERA 32 CALLE 26,URBANA,TECNICO,"3,52408","-76,30303",DESOBEDECER SEÑAL DE PARE,112.0,ACOMPAÑANTE MOTOCICLISTA,"35,0",MASCULINO,LESIONADO
2022.0,8756.0,CHOQUE,2022-04-02,20:40,NOCHE,SÁBADO,GUAYACANES DEL INGENIO,CARRERA 19 CALLE 27,URBANA,TECNICO,"3,52348","-76,29158",DESOBEDECER SEÑAL DE PARE,112.0,ACOMPAÑANTE MOTOCICLISTA,"19,0",MASCULINO,LESIONADO
2022.0,8803.0,CHOQUE,2022-04-19,09:00,MAÑANA,MARTES,OLIMPICO,CARRERA 36 CALLE 23,URBANA,TECNICO,"3,52202","-76,30761",DESOBEDECER SEÑAL DE PARE,112,MOTOCICLISTA,"18,0",MASCULINO,LESIONADO
2022.0,8863.0,CHOQUE,2022-05-05,18:20,NOCHE,JUEVES,SEMBRADOR,CARRERA 23 CALLE 18,URBANA,TECNICO,"3,52076","-76,29097",DESOBEDECER SEÑAL DE PARE,112,MOTOCICLISTA,"18,0",MASCULINO,LESIONADO
2022.0,8874.0,CHOQUE,2022-05-08,12:30,TARDE,DOMINGO,ZAMORANO,CALLE 67 CARRERA 31,URBANA,TECNICO,"3,55594","-76,29687",REALIZAR MANIOBRAS PELIGROSAS,157,ACOMPAÑANTE MOTOCICLISTA,"3,0",MASCULINO,LESIONADO
2022.0,9127.0,CHOQUE,2022-07-23,15:28,TARDE,SÁBADO,DANUBIO,CALLE 34 A CARRERA 14,URBANA,TECNICO,"3,53101","-76,28628",PASAR VEHICULO EN MOVIMIENTO SIN LAS MEDIDAS DE PRECAUCION,145.0,MOTOCICLISTA,"23,0",MASCULINO,LESIONADO
2022.0,9165.0,CHOQUE,2022-08-04,21:45,NOCHE,JUEVES,ZAMORANO,DIAGONAL 64 CARRERA 28,URBANA,TECNICO,"3,55239","-76,29348",SEMAFORO EN ROJO,142.0,MOTOCICLISTA,"23,0",MASCULINO,LESIONADO
2022.0,9175.0,CHOQUE,2022-08-12,14:40,TARDE,VIERNES,ZAMORANO,CARRERA 28 CALLE 69,URBANA,TECNICO,"3,55546","-76,29191",GIRAR BRUSCAMENTE,122.0,ACOMPAÑANTE MOTOCICLISTA,"14,0",MASCULINO,LESIONADO
2022.0,DITRA,CHOQUE,2022-06-24,22:10,NOCHE,VIERNES,VIA PALMIRA -AMAIME,KM 29 + 050 MTS,RURAL,POLICIA,"3,59089","-76,27278",TRANSITAR EN CONTRA VIA,127,CONDUCTOR,"24,0",MASCULINO,MUERTO
2022.0,OFICIO,CHOQUE,2022-07-02,04:55,MADRUGADA,SÁBADO,COLOMBIA,CALLE 35 CARRERA 32,URBANA,TECNICO,"3,53249","-76,30178",POR ESTABLECER,157.0,MOTOCICLISTA,"26,0",MASCULINO,MUERTO
2022.0,9300.0,CHOQUE,2022-10-14,09:00,MAÑANA,VIERNES,EMILIA,CALLE 34A CARRERA 36,URBANA,TECNICO,"3,53236","-76,30626",DESOBEDECER SEÑAL DE PARE,112.0,MOTOCICLISTA,"26,0",MASCULINO,LESIONADO
2022.0,8704.0,CHOQUE OBJETO FIJO ARBOL,2022-03-18,19:03,NOCHE,VIERNES,VIA CORONADO ROZO,KM 4 + 600 MTS,RURAL,TECNICO,"3,56912","-76,31375",HUECOS EN LA VIA,306.0,ACOMPAÑANTE CONDUCTOR,"4,0",FEMENINO,LESIONADO
2022.0,8699.0,ATROPELLO,2022-03-17,09:40,MAÑANA,JUEVES,BARRIO NUEVO,CARRERA 29 CALLE 21,URBANA,TECNICO,"3,5196","-76,30088",CRUZAR SIN OBSERVAR,409.0,PEATÓN,"20,0",FEMENINO,LESIONADO