a_o,ipat,clase_siniestro,fecha,hora,jornada,dia_semana,barrios_corregimiento_via,direccion,zona,autoridad,lat,long,hipotesis,codigo,condicion_de_la_victima,edad,genero,lesionados_y_muertos
2022.0,9191.0,CHOQUE,2022-08-17,16:00,TARDE,MIÉRCOLES,CENTRO,CALLE 31 CARRERA 32,URBANA,TECNICO,"3,52851","-76,30231",NO HACER USO DE SEÑALES REFLECTIVAS O LUMINOSAS,157.0,ACOMPAÑANTE MOTOCICLISTA,"12,0",FEMENINO,LESIONADO
2022.0,8549.0,ATROPELLO,2022-02-05,05:30,MADRUGADA,SÁBADO,ITALIA,TRASNVERSAL 30 CALLE 7E-8E,URBANA,TECNICO,"3,5061","-76,30292",CRUZAR SIN OBSERVAR,409.0,MOTOCICLISTA,"22,0",MASCULINO,LESIONADO
2022.0,8697.0,CHOQUE,2022-03-16,07:30,MAÑANA,MIÉRCOLES,SAN CAYETANO,CALLE 40 CARRERA 21,URBANA,TECNICO,"3,53561","-76,29182",DESOBEDECER SEÑAL DE PARE,112.0,MOTOCICLISTA,"20,0",MASCULINO,LESIONADO
2022.0,8704.0,CHOQUE OBJETO FIJO ARBOL,2022-03-18,19:03,NOCHE,VIERNES,VIA CORONADO ROZO,KM 4 + 600 MTS,RURAL,TECNICO,"3,56912","-76,31375",HUECOS EN LA VIA,306.0,ACOMPAÑANTE CONDUCTOR,"8,0",MASCULINO,LESIONADO
2022.0,8789.0,CHOQUE,2022-04-15,20:59,NOCHE,VIERNES,PRIMERO DE MAYO,CALLE 41 CARRERA 13,URBANA,TECNICO,"3,53637","-76,28575",TRANSITAR EN CONTRA VIA,127,NO APLICA,"22,0",MASCULINO,NO APLICA
2022.0,8962.0,CHOQUE,2022-06-03,06:10,MAÑANA,VIERNES,CENTRO POBLADO POTRERILLO,AVENIDAD 4 CALLE 5,RURAL,TECNICO,"3,55422","-76,20129",FRENAR BRUSCAMENTE,119.0,MOTOCICLISTA,"22,0",MASCULINO,LESIONADO
2022.0,9018.0,CHOQUE,2022-06-19,22:30,NOCHE,DOMINGO,COLOMBIA,CALLE 36 CARRERA 32,URBANA,TECNICO,"3,53336","-76,30163",NO RESPETAR PRELACIÓN,132.0,NO APLICA,"27,0",MASCULINO,NO APLICA
2022.0,9165.0,CHOQUE,2022-08-04,21:45,NOCHE,JUEVES,ZAMORANO,DIAGONAL 64 CARRERA 28,URBANA,TECNICO,"3,55239","-76,29348",SEMAFORO EN ROJO,142.0,NO APLICA,"21,0",MASCULINO,NO APLICA
2022.0,9175.0,CHOQUE,2022-08-12,14:40,TARDE,VIERNES,ZAMORANO,CARRERA 28 CALLE 69,URBANA,TECNICO,"3,55546","-76,29191",GIRAR BRUSCAMENTE,122.0,ACOMPAÑANTE MOTOCICLISTA,"5,0",MASCULINO,LESIONADO
2022.0,9265.0,CHOQUE,2022-09-28,08:00,MAÑANA,MIÉRCOLES,FRAY LUIS,CALLE 42 CARRERA 42,URBANA,TECNICO,"3,53878","-76,31228",CAMBIO DE CARRIL CON O SIN INDICACION,157.0,MOTOCICLISTA,"36,0",MASCULINO,LESIONADO
2022.0,9309.0,CHOQUE,2022-10-21,11:40,MAÑANA,VIERNES,CENTRO,CARRERA 32 CALLE 29-15,URBANA,TECNICO,"3,52687","-76,30259",PERDIDA DEL CONTROL DEL VEHICULO,157.0,ACOMPAÑANTE MOTOCICLISTA,"8,0",MASCULINO,LESIONADO
2022.0,DITRA,CHOQUE,2022-08-13,11:50,MAÑANA,SÁBADO,VIA CALI - PALMIRA SUR,KM 10,RURAL,POLICIA,"3,50749","-76,41293",NO MANTENER DISTANCIA SEGURIDAD,121.0,MOTOCICLISTA,"33,0",MASCULINO,MUERTO
2022.0,8882.0,CHOQUE,2022-05-10,19:03,NOCHE,MARTES,SEMBRADOR,CARRERA 17 CALLE 27,URBANA,TECNICO,"3,52334","-76,28993",DESOBEDECER SEÑAL DE PARE,112,ACOMPAÑANTE MOTOCICLISTA,"12,0",FEMENINO,LESIONADO
2022.0,9286.0,CHOQUE,2022-10-05,20:20,NOCHE,MIÉRCOLES,SEMBRADOR,CALLE 22 CARRERA 23-14,URBANA,TECNICO,"3,51969","-76,29535",POR ESTABLECER,157.0,NO APLICA,"16,0",MASCULINO,NO APLICA
2022.0,8881.0,CHOQUE,2022-05-10,12:22,TARDE,MARTES,VIA PALMIRA CANDELARIA,HOTEL LAS VICTORIAS,URBANA,TECNICO,"3,50878","-76,30906",FRENAR BRUSCAMENTE,119.0,NO APLICA,"24,0",FEMENINO,NO APLICA
2022.0,9266.0,CHOQUE,2022-09-28,13:50,TARDE,MIÉRCOLES,SEMBRADOR,CALLE 23 CARRERA 23,URBANA,TECNICO,"3,52071","-76,29499",PONER EN MARCHA UN VEHICULO SIN LAS MEDIDAS DE PRECAUCION,143.0,MOTOCICLISTA,"22,0",MASCULINO,LESIONADO
2022.0,OFICIO,VOLCAMIENTO,2022-03-26,22:15,NOCHE,SÁBADO,ZAMORANO,CARRERA 28 CALLE 65,URBANA,TECNICO,"3,55225","-76,29357",POR ESTABLECER,157,CICLISTA,"53,0",MASCULINO,MUERTO
2022.0,9185.0,CHOQUE,2022-08-15,14:45,TARDE,LUNES,BARRIO NUEVO,CALLE 26 CARRERA 32,URBANA,TECNICO,"3,52409","-76,30304",DESOBEDECER SEÑAL DE PARE,112.0,NO APLICA,"54,0",MASCULINO,NO APLICA
2022.0,9117.0,CHOQUE,2022-07-20,13:20,TARDE,MIÉRCOLES,PRIMERO DE MAYO,CALLE 41 CARRERA 9,URBANA,TECNICO,"3,53629","-76,28231",DESOBEDECER SEÑAL DE PARE,112.0,MOTOCICLISTA,"59,0",FEMENINO,LESIONADO
2022.0,8585.0,CHOQUE,2022-02-12,22:20,NOCHE,SÁBADO,COLOMBIA,CALLE 36 CARRERA 31,URBANA,TECNICO,"3,5332","-76,30065",NO RESPETAR PRELACIÓN,132.0,ACOMPAÑANTE MOTOCICLISTA,"11,0",FEMENINO,LESIONADO
2022.0,9197.0,CHOQUE,2022-08-20,22:40,NOCHE,SÁBADO,PRIMERO DE MAYO,CALLE 41 CARRERA 13,URBANA,TECNICO,"3,53636","-76,28573",TRANSITAR EN CONTRA VIA,127,NO APLICA,"27,0",FEMENINO,NO APLICA
2022.0,8872.0,ATROPELLO,2022-05-08,07:40,MAÑANA,DOMINGO,PRADO,CALLE 42 CARRERA 39,URBANA,TECNICO,"3,53885","-76,30986",CRUZAR SIN OBSERVAR,409,PEATÓN,"56,0",FEMENINO,LESIONADO
2022.0,9317.0,CHOQUE,2022-10-25,07:15,MAÑANA,MARTES,URIBE,CALLE 36 CARRERA 22,URBANA,TECNICO,"3,53215","-76,29314",DESOBEDECER SEÑAL DE PARE,112.0,MOTOCICLISTA,"32,0",MASCULINO,LESIONADO
2022.0,DITRA,CHOQUE OBJETO FIJO BARANDA,2022-10-20,14:30,TARDE,JUEVES,VIA CALI - PALMIRA SUR,KM 10,RURAL,POLICIA,"3,5108","-76,39604",PERDIDA DEL CONTROL DEL VEHICULO,157,MOTOCICLISTA,"39,0",MASCULINO,MUERTO
2022.0,8558.0,ATROPELLO,2022-02-08,18:20,NOCHE,MARTES,CENTRO,CARRERA 28 CALLE 27-64,URBANA,TECNICO,"3,52477","-76,29929",CRUZAR SIN OBSERVAR,409.0,NO APLICA,"28,0",MASCULINO,NO APLICA
2022.0,8565.0,CHOQUE,2022-02-09,20:30,NOCHE,MIÉRCOLES,BARRIO NUEVO,CARRERA 28 CALLE 24,URBANA,TECNICO,"3,5219","-76,29966",DESOBEDECER SEÑAL DE PARE,112.0,MOTOCICLISTA,"26,0",MASCULINO,LESIONADO
2022.0,9049.0,CHOQUE,2022-06-28,08:20,MAÑANA,MARTES,SESQUICENTENARIO,CALLE 10 DIAGONAL 29,URBANA,TECNICO,"3,50902","-76,30258",DESOBEDECER SEÑAL DE PARE,112.0,CICLISTA,"20,0",FEMENINO,LESIONADO
2022.0,8718.0,CHOQUE,2022-03-21,23:20,NOCHE,LUNES,ZAMORANO,CALLE 69B CARRERA 28A,URBANA,TECNICO,"3,5566","-76,29231",DESOBEDECER SEÑAL DE PARE,112.0,ACOMPAÑANTE MOTOCICLISTA,"7,0",FEMENINO,LESIONADO
2022.0,8874.0,CHOQUE,2022-05-08,12:30,TARDE,DOMINGO,ZAMORANO,CALLE 67 CARRERA 31,URBANA,TECNICO,"3,55594","-76,29687",REALIZAR MANIOBRAS PELIGROSAS,157,ACOMPAÑANTE MOTOCICLISTA,"12,0",FEMENINO,LESIONADO
2022.0,9169.0,CHOQUE,2022-08-07,22:10,NOCHE,DOMINGO,SANTA RITA,CARRERA 28 CALLE 33,URBANA,TECNICO,"3,53031","-76,29837",SEMAFORO EN ROJO,142.0,ACOMPAÑANTE MOTOCICLISTA,"25,0",FEMENINO,LESIONADO
2022.0,9177.0,CHOQUE,2022-08-13,05:50,MADRUGADA,SÁBADO,VIA PALMIRA CALI,KM 7 ESTADIO DEPORTIVO CALI,RURAL,TECNICO,"3,5147","-76,41348",IMPERICIA EN EL MANEJO,139.0,MOTOCICLISTA,"23,0",FEMENINO,LESIONADO
2022.0,8716.0,CHOQUE,2022-03-21,14:30,TARDE,LUNES,CORONADO,CALLE 58 CARRERA 35,URBANA,TECNICO,"3,54764","-76,30999",FRENAR BRUSCAMENTE,119.0,ACOMPAÑANTE MOTOCICLISTA,"25,0",FEMENINO,LESIONADO
2022.0,9127.0,CHOQUE,2022-07-23,15:28,TARDE,SÁBADO,DANUBIO,CALLE 34 A CARRERA 14,URBANA,TECNICO,"3,53101","-76,28628",PASAR VEHICULO EN MOVIMIENTO SIN LAS MEDIDAS DE PRECAUCION,145.0,NO APLICA,"36,0",FEMENINO,NO APLICA
2022.0,8732.0,CHOQUE,2022-03-26,09:10,MAÑANA,SÁBADO,OBRERO,CALLE 34 CARRERA26,URBANA,TECNICO,"3,53088","-76,29663",ARRANCAR SIN PRECAUCION,145.0,ACOMPAÑANTE MOTOCICLISTA,"29,0",FEMENINO,LESIONADO
2022.0,8626.0,CHOQUE,2022-02-25,18:50,NOCHE,VIERNES,PRADO,CALLE 42 CARRERA 39-42,URBANA,TECNICO,"3,53716","-76,31972",POR ESTABLECER,157.0,MOTOCICLISTA,"34,0",FEMENINO,LESIONADO
2022.0,8683.0,CHOQUE,2022-03-12,23:30,NOCHE,SÁBADO,COLOMBINA,CALLE 31 CARRERA 18,URBANA,TECNICO,"3,52685","-76,2904",DESOBEDECER SEÑAL DE PARE,112.0,ACOMPAÑANTE MOTOCICLISTA,"36,0",FEMENINO,LESIONADO
2022.0,8704.0,CHOQUE OBJETO FIJO ARBOL,2022-03-18,19:03,NOCHE,VIERNES,VIA CORONADO ROZO,KM 4 + 600 MTS,RURAL,TECNICO,"3,56912","-76,31375",HUECOS EN LA VIA,306.0,ACOMPAÑANTE CONDUCTOR,"29,0",FEMENINO,LESIONADO
2022.0,9246.0,CHOQUE,2022-09-20,12:40,TARDE,MARTES,GUAYACANES DEL INGENIO,CARRERA 18 CALLE 26,URBANA,TECNICO,"3,52257","-76,29088",DESOBEDECER SEÑAL DE PARE,112.0,CONDUCTOR,"32,0",FEMENINO,LESIONADO
2022.0,9135.0,CHOQUE,2022-07-26,14:30,TARDE,MARTES,RECREO,CALLE 23 CARRERA 24,URBANA,TECNICO,"3,52065","-76,29588",SEMAFORO EN ROJO,142.0,MOTOCICLISTA,"21,0",FEMENINO,LESIONADO
2022.0,8655.0,CHOQUE,2022-03-04,19:30,NOCHE,VIERNES,GUAYACANES DEL INGENIO,CARRERA 19 CALLE 26A,URBANA,TECNICO,"3,52304","-76,29162",EMBRIAGUEZ APARENTE,115.0,MOTOCICLISTA,"50,0",MASCULINO,LESIONADO
2022.0,8655.0,CHOQUE,2022-03-04,19:30,NOCHE,VIERNES,GUAYACANES DEL INGENIO,CARRERA 19 CALLE 26A,URBANA,TECNICO,"3,52304","-76,29162",EMBRIAGUEZ APARENTE,115.0,NO APLICA,"36,0",MASCULINO,NO APLICA
2022.0,8974.0,CHOQUE,2022-06-05,20:10,NOCHE,DOMINGO,OBRERO,CARRERA 27 CALLE 37,URBANA,TECNICO,"3,53348","-76,29696",DESOBEDECER SEÑAL DE PARE,112.0,MOTOCICLISTA,"36,0",MASCULINO,LESIONADO
2022.0,9089.0,CHOQUE,2022-07-12,11:50,MAÑANA,MARTES,CENTRO,CALLE 32 CARRERA 25,URBANA,TECNICO,"3,52848","-76,29611",DESOBEDECER SEÑAL DE PARE,112.0,NO APLICA,"60,0",MASCULINO,NO APLICA
2022.0,9024.0,CHOQUE,2022-06-21,17:00,TARDE,MARTES,CENTRO,CARRERA 29 CALLE 29-13,URBANA,TECNICO,"3,52622","-76,3",ABRIR LA PUERTA SIN MEDIDAS DE PRECAUCION,506.0,NO APLICA,"59,0",MASCULINO,NO APLICA
2022.0,8787.0,CHOQUE,2022-04-13,16:50,TARDE,MIÉRCOLES,EMILIA,CALLE 36 CARRERA 37,URBANA,TECNICO,"3,53375","-76,30736",ARRANCAR SIN PRECAUCION,145,NO APLICA,"22,0",MASCULINO,NO APLICA
2022.0,9217.0,CHOQUE,2022-09-04,02:30,MADRUGADA,DOMINGO,LOS PINOS,CALLE 42 CARRERA 24,URBANA,TECNICO,"3,53748","-76,29398",ADELANTAR INVADIENDO CARRIL,106.0,MOTOCICLISTA,"45,0",MASCULINO,LESIONADO
2022.0,9120.0,CHOQUE,2022-07-21,13:30,TARDE,JUEVES,ALTAMIRA,CARRERA 19 CALLE 46-47,URBANA,TECNICO,"3,54305","-76,29096",NO RESPETAR PRELACIÓN,123.0,CONDUCTOR,"26,0",FEMENINO,LESIONADO
2022.0,9152.0,CHOQUE,2022-07-31,21:55,NOCHE,DOMINGO,COLOMBIA,CALLE 33 CARRERA 32,URBANA,TECNICO,"3,53091","-76,30203",TRANSITAR EN CONTRA VIA,127.0,ACOMPAÑANTE CONDUCTOR,"34,0",FEMENINO,LESIONADO
2022.0,8696.0,CHOQUE,2022-03-15,17:20,TARDE,MARTES,BIZERTA,CALLE 37 CARRERA 22,URBANA,TECNICO,"3,53301","-76,29302",DESOBEDECER SEÑAL DE PARE,112.0,NO APLICA,"58,0",FEMENINO,NO APLICA
2022.0,8744.0,CHOQUE,2022-03-29,17:50,TARDE,MARTES,CAMPESTRE,CALLE 42 CARRERA 9-8,URBANA,TECNICO,"3,53687","-76,28204",INVADIR CARRIL SENTIDO CONTRARIO,157.0,NO APLICA,"58,0",MASCULINO,NO APLICA
2022.0,8912.0,CHOQUE,2022-05-20,06:20,MAÑANA,VIERNES,FRAY LUIS,CALLE 42 CARRERA 43-10,URBANA,TECNICO,"3,53878","-76,31347",NO MANTENER DISTANCIA SEGURIDAD,121,ACOMPAÑANTE MOTOCICLISTA,"28,0",FEMENINO,LESIONADO
2022.0,8974.0,CHOQUE,2022-06-05,20:10,NOCHE,DOMINGO,OBRERO,CARRERA 27 CALLE 37,URBANA,TECNICO,"3,53348","-76,29696",DESOBEDECER SEÑAL DE PARE,112.0,MOTOCICLISTA,"35,0",FEMENINO,LESIONADO
2022.0,9181.0,CHOQUE,2022-08-14,11:40,MAÑANA,DOMINGO,MIRRIÑAO,CALLE 54 CARRERA 31,URBANA,TECNICO,"3,54759","-76,29832",ARRANCAR SIN PRECAUCION,145.0,ACOMPAÑANTE MOTOCICLISTA,"17,0",FEMENINO,LESIONADO
2022.0,8947.0,CHOQUE,2022-05-31,13:20,TARDE,MARTES,SESQUI,CARRERA 32 CALLE 12,URBANA,TECNICO,"3,51188","-76,30657",ARRANCAR SIN PRECAUCION,145,MOTOCICLISTA,"25,0",MASCULINO,LESIONADO
2022.0,9287.0,CHOQUE,2022-10-06,12:05,TARDE,JUEVES,RECREO,CALLE 18 CARRERA 25A-17,URBANA,TECNICO,"3,51686","-76,2986",NO ESTAR PENDIENTE DE LA VIA,157.0,NO APLICA,"59,0",MASCULINO,NO APLICA
2022.0,8744.0,CHOQUE,2022-03-29,17:50,TARDE,MARTES,CAMPESTRE,CALLE 42 CARRERA 9-8,URBANA,TECNICO,"3,53687","-76,28204",INVADIR CARRIL SENTIDO CONTRARIO,157.0,MOTOCICLISTA,"43,0",MASCULINO,LESIONADO
2022.0,9198.0,CHOQUE,2022-08-21,04:20,MADRUGADA,DOMINGO,BARRIO NUEVO,CARRERA 33A CALLE 19,URBANA,TECNICO,"3,51859","-76,30537",EMBRIAGUEZ,115,MOTOCICLISTA,"42,0",MASCULINO,LESIONADO
2022.0,9292.0,CHOQUE,2022-10-09,23:20,NOCHE,DOMINGO,COLOMBINA,CALLE 31 CARRERA 19,URBANA,TECNICO,"3,52684","-76,29037",NO RESPETAR PRELACIÓN,132.0,MOTOCICLISTA,"16,0",MASCULINO,LESIONADO
2022.0,9328.0,CHOQUE,2022-10-30,16:50,TARDE,DOMINGO,PRIMERO DE MAYO,CALLE 42 CARRERA 15,URBANA,TECNICO,"3,53708","-76,28776",FALLAS EN LA LLANTA,201.0,NO APLICA,"57,0",MASCULINO,NO APLICA
2022.0,DITRA,CHOQUE OBJETO FIJO ARBOL,2022-01-23,04:30,MADRUGADA,DOMINGO,VIA PALMIRA - PRADERA,KM 76 + 500 MTS,RURAL,POLICIA,"3,47329","-76,23987",PERDIDA DEL CONTROL DEL VEHICULO,157,CONDUCTOR,"64,0",MASCULINO,MUERTO
2022.0,9068.0,CHOQUE,2022-07-03,00:30,MADRUGADA,DOMINGO,SAN PEDRO,CALLE 36 CARRERA 17,URBANA,TECNICO,"3,532","-76,2889",TRANSITAR EN CONTRA VIA,127.0,NO APLICA,"20,0",MASCULINO,NO APLICA
2022.0,8804.0,CHOQUE,2022-04-19,12:10,TARDE,MARTES,CORONADO,CARRERA 35 CALLE 55,URBANA,TECNICO,"3,54673","-76,31018",ARRANCAR SIN PRECAUCION,145,MOTOCICLISTA,"49,0",MASCULINO,LESIONADO
2022.0,9292.0,CHOQUE,2022-10-09,23:20,NOCHE,DOMINGO,COLOMBINA,CALLE 31 CARRERA 19,URBANA,TECNICO,"3,52684","-76,29037",NO RESPETAR PRELACIÓN,132.0,MOTOCICLISTA,"40,0",MASCULINO,LESIONADO
2022.0,DITRA,CHOQUE OBJETO FIJO ARBOL,2022-03-06,05:30,MADRUGADA,DOMINGO,VIA CALI - PALMIRA NORTE,KM 9 + 625 MTS,RURAL,POLICIA,"3,5082","-76,41099",PERDIDA DEL CONTROL DEL VEHICULO,157,CONDUCTOR,"29,0",MASCULINO,MUERTO
2022.0,8927.0,CHOQUE,2022-05-24,16:10,TARDE,MARTES,DANUBIO,CARRERA 18 CALLE 33-24,URBANA,TECNICO,"3,52925","-76,29041",NO MANTENER DISTANCIA SEGURIDAD,121,NO APLICA,"72,0",MASCULINO,NO APLICA
2022.0,8959.0,CHOQUE,2022-06-02,16:30,TARDE,JUEVES,CORONADO,CALLE 63A CARRERA 34,URBANA,TECNICO,"3,5533","-76,30276",INVADIR CARRIL SENTIDO CONTRARIO,157.0,NO APLICA,"58,0",MASCULINO,NO APLICA
2022.0,9122.0,CHOQUE,2022-07-22,13:00,TARDE,VIERNES,GUAYACANES DEL SUR,CARRERA 33A CALLE 15-33,URBANA,TECNICO,"3,51588","-76,30576",GIRAR BRUSCAMENTE,122.0,MOTOCICLISTA,"54,0",MASCULINO,LESIONADO
2022.0,9148.0,CHOQUE,2022-07-30,11:10,MAÑANA,SÁBADO,VERSALLES,CALLE 42 CARRERA 30-20,URBANA,TECNICO,"3,53819","-76,29917",NO ESTAR PENDIENTE DE LA VIA,157.0,NO APLICA,"47,0",MASCULINO,NO APLICA
2022.0,8630.0,CHOQUE,2022-02-26,17:20,TARDE,SÁBADO,SANTA ISABEL,CARRERA 28 CALLE 44,URBANA,TECNICO,"3,53935","-76,297",PERDIDA DEL CONTROL DEL VEHICULO,157.0,CICLISTA,"61,0",MASCULINO,LESIONADO
2022.0,8715.0,CHOQUE,2022-03-21,14:30,TARDE,LUNES,SANTA BARBARA,CALLE 31 CARRERA 45A,URBANA,TECNICO,"3,52965","-76,31525",FRENAR BRUSCAMENTE,119.0,ACOMPAÑANTE MOTOCICLISTA,"25,0",FEMENINO,LESIONADO
2022.0,8683.0,CHOQUE,2022-03-12,23:30,NOCHE,SÁBADO,COLOMBINA,CALLE 31 CARRERA 18,URBANA,TECNICO,"3,52685","-76,2904",DESOBEDECER SEÑAL DE PARE,112.0,NO APLICA,"47,0",FEMENINO,NO APLICA
2022.0,9163.0,CHOQUE,2022-08-04,15:00,TARDE,JUEVES,INDEPENDENCIA,CARRERA 31 CALLE 18,URBANA,TECNICO,"3,5171","-76,30349",DESOBEDECER SEÑAL DE PARE,112.0,NO APLICA,"53,0",FEMENINO,NO APLICA
2022.0,8673.0,CHOQUE,2022-03-11,07:30,MAÑANA,VIERNES,SANTA BARBARA,CALLE 26 CARRERA 44-45,URBANA,TECNICO,"3,52579","-76,31449",NO ESTAR PENDIENTE DE LA VIA,157.0,NO APLICA,"44,0",FEMENINO,NO APLICA
2022.0,8830.0,CHOQUE,2022-04-27,13:10,TARDE,MIÉRCOLES,LUIS CARLOS GALAN,CARRERA 32 CALLE -10-11,URBANA,TECNICO,"3,50942","-76,30792",NO ESTAR PENDIENTE DE LA VIA,157,NO APLICA,"44,0",FEMENINO,NO APLICA
2022.0,9262.0,CHOQUE,2022-09-27,14:00,TARDE,MARTES,FRAY LUIS,CALLE 42 CARRERA 49,URBANA,TECNICO,"3,53618","-76,32011",NO RESPETAR PRELACIÓN,132.0,ACOMPAÑANTE MOTOCICLISTA,"25,0",FEMENINO,LESIONADO
2022.0,8850.0,CHOQUE,2022-05-02,14:30,TARDE,LUNES,BIZERTA,CALLE 36 CARRERA 21,URBANA,TECNICO,"3,53203","-76,29231",ARRANCAR SIN PRECAUCION,145,MOTOCICLISTA,"31,0",MASCULINO,LESIONADO
2022.0,9239.0,CHOQUE,2022-09-17,22:30,NOCHE,SÁBADO,CAMPESTRE,CALLE 42 CARRERA 11-57,URBANA,TECNICO,"3,53693","-76,28459",NO MANTENER DISTANCIA SEGURIDAD,121.0,MOTOCICLISTA,"21,0",MASCULINO,LESIONADO
2022.0,9229.0,CHOQUE,2022-09-12,16:15,TARDE,LUNES,SAN PEDRO,CALLE 34A CARRERA 17,URBANA,TECNICO,"3,53069","-76,2887",DESOBEDECER SEÑAL DE PARE,112.0,MOTOCICLISTA,"27,0",MASCULINO,LESIONADO
2022.0,9017.0,CHOQUE,2022-06-19,20:50,NOCHE,DOMINGO,CORONADO,CARRERA 38 CALLE 63,URBANA,TECNICO,"3,55365","-76,30954",DESOBEDECER SEÑAL DE PARE,112.0,NO APLICA,"33,0",MASCULINO,NO APLICA
2022.0,9045.0,CHOQUE,2022-06-26,21:30,NOCHE,DOMINGO,CENTRO,CALLE 29 CARRERA 23,URBANA,TECNICO,"3,52552","-76,2949",DESOBEDECER SEÑAL DE PARE,112.0,MOTOCICLISTA,"22,0",FEMENINO,LESIONADO
2022.0,8963.0,CHOQUE,2022-06-03,09:50,MAÑANA,VIERNES,SANTA RITA,CALLE 34 CARRERA 27,URBANA,TECNICO,"3,531","-76,29734",DESOBEDECER SEÑAL DE PARE,112.0,MOTOCICLISTA,"28,0",FEMENINO,LESIONADO
2022.0,9298.0,CHOQUE,2022-10-12,18:50,NOCHE,MIÉRCOLES,URIBE,CALLE 33 CARRERA 21,URBANA,TECNICO,"3,52947","-76,29263",DESOBEDECER SEÑAL DE PARE,112.0,ACOMPAÑANTE MOTOCICLISTA,"20,0",MASCULINO,NO APLICA
2022.0,9215.0,CHOQUE,2022-09-03,22:30,NOCHE,SÁBADO,AMERICAS,CARRERA 25 CALLE 12A,URBANA,TECNICO,"3,51125","-76,29826",DESOBEDECER SEÑAL DE PARE,112.0,MOTOCICLISTA,"22,0",MASCULINO,LESIONADO
2022.0,8936.0,CHOQUE,2022-05-27,15:30,TARDE,VIERNES,VIA CORONADO ROZO,KM 4 PUENTE MALINBU,RURAL,TECNICO,"3,57997","-76,3276",DESOBEDECER SEÑAL DE PARE,112,NO APLICA,"35,0",FEMENINO,NO APLICA
2022.0,9249.0,CHOQUE,2022-09-23,15:30,TARDE,VIERNES,PRIMERO DE MAYO,CALLE 41 CARRERA 13,URBANA,TECNICO,"3,53637","-76,28573",DESOBEDECER SEÑAL DE PARE,112.0,MOTOCICLISTA,"20,0",FEMENINO,LESIONADO
2022.0,8761.0,CHOQUE,2022-04-04,07:10,MAÑANA,LUNES,IGNACIO TORRES,CALLE 51 CARRERA 36B-38,URBANA,TECNICO,"3,54456","-76,30907",ADELANTAR CERRANDO,103.0,MOTOCICLISTA,"38,0",MASCULINO,LESIONADO
2022.0,9018.0,CHOQUE,2022-06-19,22:30,NOCHE,DOMINGO,COLOMBIA,CALLE 36 CARRERA 32,URBANA,TECNICO,"3,53336","-76,30163",NO RESPETAR PRELACIÓN,132.0,MOTOCICLISTA,"23,0",MASCULINO,LESIONADO
2022.0,9153.0,CHOQUE,2022-08-01,14:10,TARDE,LUNES,EMILIA,CALLE 36 CARRERA 37,URBANA,TECNICO,"3,53375","-76,30738",DESOBEDECER SEÑAL DE PARE,112.0,CONDUCTOR,"24,0",FEMENINO,LESIONADO
2022.0,9188.0,CHOQUE,2022-08-16,06:40,MAÑANA,MARTES,ESTONIA,CALLE 46 CARRERA 33,URBANA,TECNICO,"3,54157","-76,30162",CRUCE REPENTNO DESTINADO PARA PEAONES,157,MOTOCICLISTA,"43,0",FEMENINO,LESIONADO
2022.0,8648.0,CHOQUE,2022-03-02,17:40,TARDE,MIÉRCOLES,COLOMBINA,CARRERA 16 CALLE 28,URBANA,TECNICO,"3,52411","-76,289",DESOBEDECER SEÑAL DE PARE,112.0,MOTOCICLISTA,"26,0",FEMENINO,LESIONADO
2022.0,9135.0,CHOQUE,2022-07-26,14:30,TARDE,MARTES,RECREO,CALLE 23 CARRERA 24,URBANA,TECNICO,"3,52065","-76,29588",SEMAFORO EN ROJO,142.0,ACOMPAÑANTE MOTOCICLISTA,"20,0",FEMENINO,LESIONADO
2022.0,9254.0,CHOQUE,2022-09-25,12:20,TARDE,DOMINGO,SAMANES,CALLE 47 CARRERA 28,URBANA,TECNICO,"3,54212","-76,29663",SEMAFORO EN ROJO,142.0,ACOMPAÑANTE MOTOCICLISTA,"34,0",FEMENINO,LESIONADO
2022.0,9297.0,CHOQUE,2022-10-12,16:40,TARDE,MIÉRCOLES,IGNACIO TORRES,CARRERA 39 CALLE 49,URBANA,TECNICO,"3,54376","-76,31084",PONER EN MARCHA UN VEHICULO SIN LAS MEDIDAS DE PRECAUCION,143.0,MOTOCICLISTA,"33,0",MASCULINO,LESIONADO
2022.0,8565.0,CHOQUE,2022-02-09,20:30,NOCHE,MIÉRCOLES,BARRIO NUEVO,CARRERA 28 CALLE 24,URBANA,TECNICO,"3,5219","-76,29966",DESOBEDECER SEÑAL DE PARE,112.0,ACOMPAÑANTE MOTOCICLISTA,"21,0",FEMENINO,LESIONADO
2022.0,DITRA,CHOQUE,2022-04-01,01:00,MADRUGADA,VIERNES,VIA CALI - PALMIRA SUR,KM 2+ 700 MTS,RURAL,POLICIA,"3,49634","-76,46227",TRANSITAR EN CONTRA VIA,127.0,ACOMPAÑANTE MOTOCICLISTA,"28,0",FEMENINO,MUERTO