a_o,ipat,clase_siniestro,fecha,hora,jornada,dia_semana,barrios_corregimiento_via,direccion,zona,autoridad,lat,long,hipotesis,codigo,condicion_de_la_victima,edad,genero,lesionados_y_muertos
2022.0,8746.0,CHOQUE,2022-03-30,18:00,NOCHE,MIÉRCOLES,EMILIA,CALLE 36 CARRERA 36,URBANA,TECNICO,"3,53391","-76,30657",DESOBEDECER SEÑAL DE PARE,112.0,MOTOCICLISTA,"57,0",MASCULINO,LESIONADO
2022.0,8912.0,CHOQUE,2022-05-20,06:20,MAÑANA,VIERNES,FRAY LUIS,CALLE 42 CARRERA 43-10,URBANA,TECNICO,"3,53878","-76,31347",NO MANTENER DISTANCIA SEGURIDAD,121,NO APLICA,"30,0",FEMENINO,NO APLICA
2022.0,9390.0,CHOQUE,2022-12-01,12:10,TARDE,JUEVES,CENTRO,CALLE 32 CARRERA 26,URBANA,TECNICO,"3,52846","-76,29694",DESOBEDECER SEÑAL DE PARE,112.0,MOTOCICLISTA,"50,0",FEMENINO,LESIONADO
2022.0,9390.0,CHOQUE,2022-12-01,12:10,TARDE,JUEVES,CENTRO,CALLE 32 CARRERA 26,URBANA,TECNICO,"3,52846","-76,29694",DESOBEDECER SEÑAL DE PARE,112.0,MOTOCICLISTA,"52,0",FEMENINO,LESIONADO
2022.0,9390.0,CHOQUE,2022-12-01,12:10,TARDE,JUEVES,CENTRO,CALLE 32 CARRERA 26,URBANA,TECNICO,"3,52846","-76,29694",DESOBEDECER SEÑAL DE PARE,112.0,NO APLICA,"60,0",FEMENINO,NO APLICA
2022.0,9391.0,CHOQUE,2022-12-01,15:45,TARDE,JUEVES,PRADO,CARRERA 41 CALLE 36,URBANA,TECNICO,"3,53324","-76,31136",DESOBEDECER SEÑAL DE PARE,112.0,MOTOCICLISTA,"25,0",FEMENINO,LESIONADO
2022.0,9391.0,CHOQUE,2022-12-01,15:45,TARDE,JUEVES,PRADO,CARRERA 41 CALLE 36,URBANA,TECNICO,"3,53324","-76,31136",DESOBEDECER SEÑAL DE PARE,112.0,NO APLICA,"49,0",MASCULINO,NO APLICA
2022.0,9391.0,CHOQUE,2022-12-01,15:45,TARDE,JUEVES,PRADO,CARRERA 41 CALLE 36,URBANA,TECNICO,"3,53324","-76,31136",DESOBEDECER SEÑAL DE PARE,112.0,ACOMPAÑANTE MOTOCICLISTA,"9,0",MASCULINO,LESIONADO
2022.0,9392.0,CHOQUE,2022-12-02,11:30,MAÑANA,VIERNES,POBLADO COMFAUNION,CALLE 47A CARRERA 15A,URBANA,TECNICO,"3,54308","-76,28795",GIRAR BRUSCAMENTE,122.0,MOTOCICLISTA,"59,0",MASCULINO,LESIONADO
2022.0,9392.0,CHOQUE,2022-12-02,11:30,MAÑANA,VIERNES,POBLADO COMFAUNION,CALLE 47A CARRERA 15A,URBANA,TECNICO,"3,54308","-76,28795",GIRAR BRUSCAMENTE,122.0,NO APLICA,"33,0",MASCULINO,NO APLICA
2022.0,9393.0,CHOQUE,2022-12-02,13:55,TARDE,VIERNES,COLOMBIA,CARRERA 30 CALLE 35,URBANA,TECNICO,"3,53222","-76,29974",DESOBEDECER SEÑAL DE PARE,112.0,NO APLICA,"35,0",MASCULINO,NO APLICA
2022.0,9393.0,CHOQUE,2022-12-02,13:55,TARDE,VIERNES,COLOMBIA,CARRERA 30 CALLE 35,URBANA,TECNICO,"3,53222","-76,29974",DESOBEDECER SEÑAL DE PARE,112.0,NO APLICA,"47,0",MASCULINO,NO APLICA
2022.0,9393.0,CHOQUE,2022-12-02,13:55,TARDE,VIERNES,COLOMBIA,CARRERA 30 CALLE 35,URBANA,TECNICO,"3,53222","-76,29974",DESOBEDECER SEÑAL DE PARE,112.0,ACOMPAÑANTE MOTOCICLISTA,"23,0",FEMENINO,LESIONADO
2022.0,9394.0,CHOQUE,2022-12-02,18:30,NOCHE,VIERNES,BRISAS DEL BOLO,CARRERA 35 CALLE 32A,URBANA,TECNICO,"3,53035","-76,30539",NO RESPETAR PRELACIÓN,132.0,MOTOCICLISTA,"18,0",MASCULINO,LESIONADO
2022.0,9394.0,CHOQUE,2022-12-02,18:30,NOCHE,VIERNES,BRISAS DEL BOLO,CARRERA 35 CALLE 32A,URBANA,TECNICO,"3,53035","-76,30539",NO RESPETAR PRELACIÓN,132.0,MOTOCICLISTA,"15,0",MASCULINO,LESIONADO
2022.0,9395.0,CHOQUE,2022-12-02,23:20,NOCHE,VIERNES,SANTA BARBARA,CALLE 26 CARRERA 42,URBANA,TECNICO,"3,52525","-76,31237",DESOBEDECER SEÑAL DE PARE,112.0,MOTOCICLISTA,"42,0",FEMENINO,LESIONADO
2022.0,9395.0,CHOQUE,2022-12-02,23:20,NOCHE,VIERNES,SANTA BARBARA,CALLE 26 CARRERA 42,URBANA,TECNICO,"3,52525","-76,31237",DESOBEDECER SEÑAL DE PARE,112.0,ACOMPAÑANTE MOTOCICLISTA,"38,0",FEMENINO,LESIONADO
2022.0,9396.0,CHOQUE,2022-12-03,06:15,MAÑANA,SÁBADO,OBRERO,CALLE 33 CARRERA 24,URBANA,TECNICO,"3,52987","-76,29518",DESOBEDECER SEÑAL DE PARE,112.0,MOTOCICLISTA,"52,0",MASCULINO,LESIONADO
2022.0,9396.0,CHOQUE,2022-12-03,06:15,MAÑANA,SÁBADO,OBRERO,CALLE 33 CARRERA 24,URBANA,TECNICO,"3,52987","-76,29518",DESOBEDECER SEÑAL DE PARE,112.0,NO APLICA,"61,0",MASCULINO,NO APLICA
2022.0,9398.0,CHOQUE,2022-12-03,19:03,NOCHE,SÁBADO,SANTA RITA,CALLE 38 CARRERA 27,URBANA,TECNICO,"3,53468","-76,29674",DESOBEDECER SEÑAL DE PARE,112.0,MOTOCICLISTA,"28,0",MASCULINO,LESIONADO
2022.0,9398.0,CHOQUE,2022-12-03,19:03,NOCHE,SÁBADO,SANTA RITA,CALLE 38 CARRERA 27,URBANA,TECNICO,"3,53468","-76,29674",DESOBEDECER SEÑAL DE PARE,112.0,MOTOCICLISTA,"35,0",MASCULINO,LESIONADO
2022.0,9398.0,CHOQUE,2022-12-03,19:03,NOCHE,SÁBADO,SANTA RITA,CALLE 38 CARRERA 27,URBANA,TECNICO,"3,53468","-76,29674",DESOBEDECER SEÑAL DE PARE,112.0,ACOMPAÑANTE MOTOCICLISTA,"37,0",FEMENINO,LESIONADO
2022.0,9399.0,CHOQUE,2022-12-04,07:55,MAÑANA,DOMINGO,DELICIAS,CALLE 27 CARRERA 23,URBANA,TECNICO,"3,52386","-76,29506",DESOBEDECER SEÑAL DE PARE,112.0,NO APLICA,"32,0",MASCULINO,NO APLICA
2022.0,9399.0,CHOQUE,2022-12-04,07:55,MAÑANA,DOMINGO,DELICIAS,CALLE 27 CARRERA 23,URBANA,TECNICO,"3,52386","-76,29506",DESOBEDECER SEÑAL DE PARE,112.0,NO APLICA,"23,0",MASCULINO,NO APLICA
2022.0,9399.0,CHOQUE,2022-12-04,07:55,MAÑANA,DOMINGO,DELICIAS,CALLE 27 CARRERA 23,URBANA,TECNICO,"3,52386","-76,29506",DESOBEDECER SEÑAL DE PARE,112.0,ACOMPAÑANTE MOTOCICLISTA,"36,0",FEMENINO,LESIONADO
2022.0,9400.0,CHOQUE,2022-12-04,09:15,MAÑANA,DOMINGO,SAN CAYETANO,CARRERA 25 CALLE 41,URBANA,TECNICO,"3,53673","-76,29462",DESOBEDECER SEÑAL DE PARE,112.0,MOTOCICLISTA,"67,0",MASCULINO,LESIONADO
2022.0,9400.0,CHOQUE,2022-12-04,09:15,MAÑANA,DOMINGO,SAN CAYETANO,CARRERA 25 CALLE 41,URBANA,TECNICO,"3,53673","-76,29462",DESOBEDECER SEÑAL DE PARE,112.0,NO APLICA,"29,0",FEMENINO,NO APLICA
2022.0,9401.0,CHOQUE,2022-12-05,07:15,MAÑANA,LUNES,CENTRO,CALLE 29 CARRERA 28,URBANA,TECNICO,"3,52604","-76,29909",SEMAFORO EN ROJO,142.0,NO APLICA,"25,0",MASCULINO,NO APLICA
2022.0,9401.0,CHOQUE,2022-12-05,07:15,MAÑANA,LUNES,CENTRO,CALLE 29 CARRERA 28,URBANA,TECNICO,"3,52604","-76,29909",SEMAFORO EN ROJO,142.0,MOTOCICLISTA,"66,0",MASCULINO,MUERTO
2022.0,9403.0,CHOQUE,2022-12-08,01:00,MADRUGADA,JUEVES,ITALIA,DIAGONAL 28A CALLE 6-26,URBANA,TECNICO,"3,50558","-76,29968",NO MANTENER DISTANCIA SEGURIDAD,121.0,MOTOCICLISTA,"19,0",MASCULINO,LESIONADO
2022.0,9406.0,CHOQUE,2022-12-09,18:20,NOCHE,VIERNES,SANTA RITA,CALLE 33 CARRERA 26,URBANA,TECNICO,"3,53008","-76,29675",DESOBEDECER SEÑAL DE PARE,112.0,MOTOCICLISTA,"61,0",MASCULINO,MUERTO
2022.0,9406.0,CHOQUE,2022-12-09,18:20,NOCHE,VIERNES,SANTA RITA,CALLE 33 CARRERA 26,URBANA,TECNICO,"3,53008","-76,29675",DESOBEDECER SEÑAL DE PARE,112.0,NO APLICA,"25,0",MASCULINO,NO APLICA
2022.0,9407.0,CHOQUE,2022-12-10,14:40,TARDE,SÁBADO,SANTA BARBARA,CALLE 31 CARRERA 41-44,URBANA,TECNICO,"3,53003","-76,31394",GIRAR BRUSCAMENTE,122.0,CICLISTA,"21,0",MASCULINO,LESIONADO
2022.0,9407.0,CHOQUE,2022-12-10,14:40,TARDE,SÁBADO,SANTA BARBARA,CALLE 31 CARRERA 41-44,URBANA,TECNICO,"3,53003","-76,31394",GIRAR BRUSCAMENTE,122.0,MOTOCICLISTA,"21,0",MASCULINO,LESIONADO
2022.0,9408.0,ATROPELLO,2022-12-10,19:50,NOCHE,SÁBADO,COLOMBINA,CALLE 31 CARRERA 13,URBANA,TECNICO,"3,52631","-76,28611",CRUZAR SIN OBSERVAR,410.0,NO APLICA,"25,0",MASCULINO,NO APLICA
2022.0,9408.0,ATROPELLO,2022-12-10,19:50,NOCHE,SÁBADO,COLOMBINA,CALLE 31 CARRERA 13,URBANA,TECNICO,"3,52631","-76,28611",CRUZAR SIN OBSERVAR,410.0,PEATÓN,"62,0",MASCULINO,LESIONADO
2022.0,9409.0,CHOQUE,2022-12-09,10:40,MAÑANA,VIERNES,ZAMORANO,CARRERA 28 CALLE 66,URBANA,TECNICO,"3,55325","-76,29301",MAL USO DEL CARRIL,157.0,CONDUCTOR,"30,0",MASCULINO,LESIONADO
2022.0,9409.0,CHOQUE,2022-12-09,10:40,MAÑANA,VIERNES,ZAMORANO,CARRERA 28 CALLE 66,URBANA,TECNICO,"3,55325","-76,29301",MAL USO DEL CARRIL,157.0,CONDUCTOR,"47,0",MASCULINO,LESIONADO
2022.0,9410.0,CHOQUE OBJETO FIJO ARBOL,2022-12-11,06:50,MAÑANA,DOMINGO,AMERICAS,CALLE 16 CARRERA 24A-35,URBANA,TECNICO,"3,51475","-76,29737",PERDIDA DEL CONTROL DEL VEHICULO,157.0,MOTOCICLISTA,"37,0",MASCULINO,MUERTO
2022.0,9411.0,CHOQUE,2022-12-11,17:20,TARDE,DOMINGO,RECREO,CARRERA 28 CALLE 24,URBANA,TECNICO,"3,52189","-76,29965",DESOBEDECER SEÑAL DE PARE,112.0,MOTOCICLISTA,"23,0",MASCULINO,LESIONADO
2022.0,9411.0,CHOQUE,2022-12-11,17:20,TARDE,DOMINGO,RECREO,CARRERA 28 CALLE 24,URBANA,TECNICO,"3,52189","-76,29965",DESOBEDECER SEÑAL DE PARE,112.0,NO APLICA,"63,0",MASCULINO,NO APLICA
2022.0,9411.0,CHOQUE,2022-12-11,17:20,TARDE,DOMINGO,RECREO,CARRERA 28 CALLE 24,URBANA,TECNICO,"3,52189","-76,29965",DESOBEDECER SEÑAL DE PARE,112.0,ACOMPAÑANTE MOTOCICLISTA,"61,0",FEMENINO,LESIONADO
2022.0,9412.0,CHOQUE,2022-12-11,02:10,MADRUGADA,DOMINGO,CENTRO,CARRERA 33A CALLE 30 -31,URBANA,TECNICO,"3,52816","-76,30438",TRANSITAR EN CONTRA VIA,127.0,MOTOCICLISTA,"23,0",MASCULINO,LESIONADO
2022.0,9412.0,CHOQUE,2022-12-11,02:10,MADRUGADA,DOMINGO,CENTRO,CARRERA 33A CALLE 30 -31,URBANA,TECNICO,"3,52816","-76,30438",TRANSITAR EN CONTRA VIA,127.0,MOTOCICLISTA,"41,0",MASCULINO,LESIONADO
2022.0,9412.0,CHOQUE,2022-12-11,02:10,MADRUGADA,DOMINGO,CENTRO,CARRERA 33A CALLE 30 -31,URBANA,TECNICO,"3,52816","-76,30438",TRANSITAR EN CONTRA VIA,127.0,NO APLICA,"18,0",MASCULINO,NO APLICA
2022.0,9413.0,CHOQUE,2022-12-06,05:40,MADRUGADA,MARTES,CENTRO POBLA ROZO,CALLE 10 CARRERA 14A,RURAL,TECNICO,"3,61493","-76,39018",NO RESPETAR PRELACIÓN,123.0,MOTOCICLISTA,"28,0",MASCULINO,LESIONADO
2022.0,9413.0,CHOQUE,2022-12-06,05:40,MADRUGADA,MARTES,CENTRO POBLA ROZO,CALLE 10 CARRERA 14A,RURAL,TECNICO,"3,61493","-76,39018",NO RESPETAR PRELACIÓN,123.0,MOTOCICLISTA,"48,0",MASCULINO,LESIONADO
2022.0,9413A,CHOQUE,2022-12-12,17:05,TARDE,LUNES,ESTONIA,CALLE 42 CARRERA 32,URBANA,TECNICO,"3,53842","-76,30088",SEMAFORO EN ROJO,142.0,MOTOCICLISTA,"21,0",FEMENINO,LESIONADO
2022.0,9413A,CHOQUE,2022-12-12,17:05,TARDE,LUNES,ESTONIA,CALLE 42 CARRERA 32,URBANA,TECNICO,"3,53842","-76,30088",SEMAFORO EN ROJO,142.0,MOTOCICLISTA,"19,0",MASCULINO,LESIONADO
2022.0,9413A,CHOQUE,2022-12-12,17:05,TARDE,LUNES,ESTONIA,CALLE 42 CARRERA 32,URBANA,TECNICO,"3,53842","-76,30088",SEMAFORO EN ROJO,142.0,ACOMPAÑANTE MOTOCICLISTA,"37,0",FEMENINO,LESIONADO
2022.0,9413A,CHOQUE,2022-12-12,17:05,TARDE,LUNES,ESTONIA,CALLE 42 CARRERA 32,URBANA,TECNICO,"3,53842","-76,30088",SEMAFORO EN ROJO,142.0,ACOMPAÑANTE MOTOCICLISTA,"21,0",FEMENINO,LESIONADO
2022.0,9414.0,CHOQUE,2022-12-06,10:40,MAÑANA,MARTES,MERCEDES,CARRERA 28 CALLE 54,URBANA,TECNICO,"3,54668","-76,29575",SEMAFORO EN ROJO,142.0,MOTOCICLISTA,"20,0",MASCULINO,LESIONADO
2022.0,9414.0,CHOQUE,2022-12-06,10:40,MAÑANA,MARTES,MERCEDES,CARRERA 28 CALLE 54,URBANA,TECNICO,"3,54668","-76,29575",SEMAFORO EN ROJO,142.0,NO APLICA,"39,0",MASCULINO,NO APLICA
2022.0,9415.0,CHOQUE,2022-12-07,12:25,TARDE,MIÉRCOLES,BIZERTA,CALLE 37 CARRRA 21,URBANA,TECNICO,"3,5329","-76,29217",DESOBEDECER SEÑAL DE PARE,112.0,MOTOCICLISTA,"34,0",FEMENINO,MUERTO
2022.0,9415.0,CHOQUE,2022-12-07,12:25,TARDE,MIÉRCOLES,BIZERTA,CALLE 37 CARRRA 21,URBANA,TECNICO,"3,5329","-76,29217",DESOBEDECER SEÑAL DE PARE,112.0,MOTOCICLISTA,"27,0",MASCULINO,NO APLICA
2022.0,9416.0,CHOQUE,2022-12-07,12:30,TARDE,MIÉRCOLES,SANTA RITA,CALLE 33 CARRERA 26,URBANA,TECNICO,"3,53007","-76,29675",DESOBEDECER SEÑAL DE PARE,112.0,MOTOCICLISTA,"55,0",MASCULINO,LESIONADO
2022.0,9416.0,CHOQUE,2022-12-07,12:30,TARDE,MIÉRCOLES,SANTA RITA,CALLE 33 CARRERA 26,URBANA,TECNICO,"3,53007","-76,29675",DESOBEDECER SEÑAL DE PARE,112.0,MOTOCICLISTA,"57,0",MASCULINO,LESIONADO
2022.0,9416.0,CHOQUE,2022-12-07,12:30,TARDE,MIÉRCOLES,SANTA RITA,CALLE 33 CARRERA 26,URBANA,TECNICO,"3,53007","-76,29675",DESOBEDECER SEÑAL DE PARE,112.0,ACOMPAÑANTE MOTOCICLISTA,"59,0",FEMENINO,LESIONADO
2022.0,9417.0,CHOQUE,2022-12-07,13:00,TARDE,MIÉRCOLES,SANTA RITA,CALLE 33 CARRERA 27,URBANA,TECNICO,"3,53019","-76,29745",DESOBEDECER SEÑAL DE PARE,112.0,MOTOCICLISTA,"23,0",MASCULINO,LESIONADO
2022.0,9417.0,CHOQUE,2022-12-07,13:00,TARDE,MIÉRCOLES,SANTA RITA,CALLE 33 CARRERA 27,URBANA,TECNICO,"3,53019","-76,29745",DESOBEDECER SEÑAL DE PARE,112.0,NO APLICA,"27,0",MASCULINO,NO APLICA
2022.0,9418.0,CHOQUE,2022-12-07,16:15,TARDE,MIÉRCOLES,BARRIO NUEVO,CALLE 18 CARRERA 31,URBANA,TECNICO,"3,51711","-76,30345",DESOBEDECER SEÑAL DE PARE,112.0,MOTOCICLISTA,"38,0",MASCULINO,LESIONADO
2022.0,9418.0,CHOQUE,2022-12-07,16:15,TARDE,MIÉRCOLES,BARRIO NUEVO,CALLE 18 CARRERA 31,URBANA,TECNICO,"3,51711","-76,30345",DESOBEDECER SEÑAL DE PARE,112.0,NO APLICA,"56,0",MASCULINO,NO APLICA
2022.0,9419.0,CHOQUE,2022-12-07,17:30,TARDE,MIÉRCOLES,RIVERA ESCOBAR,CALLE 31 CARRERA 35,URBANA,TECNICO,"3,52898","-76,30578",ADELANTAR ZONA PROHIBIDAD,105.0,MOTOCICLISTA,"28,0",MASCULINO,LESIONADO
2022.0,9419.0,CHOQUE,2022-12-07,17:30,TARDE,MIÉRCOLES,RIVERA ESCOBAR,CALLE 31 CARRERA 35,URBANA,TECNICO,"3,52898","-76,30578",ADELANTAR ZONA PROHIBIDAD,105.0,NO APLICA,"34,0",MASCULINO,NO APLICA
2022.0,9420.0,ATROPELLO,2022-12-07,20:00,NOCHE,MIÉRCOLES,OLIMPICO,CARRERA 37 CALLE 25B,URBANA,TECNICO,"3,52377","-76,30883",IMPERICIA EN EL MANEJO,139.0,MOTOCICLISTA,"15,0",MASCULINO,LESIONADO
2022.0,9420.0,ATROPELLO,2022-12-07,20:00,NOCHE,MIÉRCOLES,OLIMPICO,CARRERA 37 CALLE 25B,URBANA,TECNICO,"3,52377","-76,30883",IMPERICIA EN EL MANEJO,139.0,PEATÓN,"71,0",FEMENINO,LESIONADO
2022.0,9423.0,CHOQUE,2022-12-12,06:10,MAÑANA,LUNES,SANTA BARBARA,CALLE 31 CARRERA 44-45,URBANA,TECNICO,"3,52949","-76,31608",TRANSITAR EN CONTRA VIA,127.0,NO APLICA,"27,0",MASCULINO,NO APLICA
2022.0,9423.0,CHOQUE,2022-12-12,06:10,MAÑANA,LUNES,SANTA BARBARA,CALLE 31 CARRERA 44-45,URBANA,TECNICO,"3,52949","-76,31608",TRANSITAR EN CONTRA VIA,127.0,MOTOCICLISTA,"21,0",MASCULINO,LESIONADO
2022.0,9424.0,CHOQUE,2022-12-19,09:50,MAÑANA,LUNES,CENTRO,CARRERA 33 CALLE 27,URBANA,TECNICO,"3,52506","-76,30352",DESOBEDECER SEÑAL DE PARE,112.0,MOTOCICLISTA,"43,0",FEMENINO,LESIONADO
2022.0,9424.0,CHOQUE,2022-12-19,09:50,MAÑANA,LUNES,CENTRO,CARRERA 33 CALLE 27,URBANA,TECNICO,"3,52506","-76,30352",DESOBEDECER SEÑAL DE PARE,112.0,NO APLICA,"38,0",MASCULINO,NO APLICA
2022.0,9424.0,CHOQUE,2022-12-19,09:50,MAÑANA,LUNES,CENTRO,CARRERA 33 CALLE 27,URBANA,TECNICO,"3,52506","-76,30352",DESOBEDECER SEÑAL DE PARE,112.0,ACOMPAÑANTE MOTOCICLISTA,"38,0",FEMENINO,LESIONADO
2022.0,9427.0,CHOQUE,2022-12-12,14:30,TARDE,LUNES,ESPERANZA,CALLE 56 CARRERA 34B,URBANA,TECNICO,"3,54689","-76,30335",GIRAR BRUSCAMENTE,122.0,MOTOCICLISTA,"24,0",MASCULINO,LESIONADO
2022.0,9427.0,CHOQUE,2022-12-12,14:30,TARDE,LUNES,ESPERANZA,CALLE 56 CARRERA 34B,URBANA,TECNICO,"3,54689","-76,30335",GIRAR BRUSCAMENTE,122.0,NO APLICA,"42,0",MASCULINO,NO APLICA
2022.0,9430.0,CHOQUE,2022-12-16,23:00,NOCHE,VIERNES,SANTA ANA,CALLE 35 CARRERA 44,URBANA,TECNICO,"3,53221","-76,3149",DESOBEDECER SEÑAL DE PARE,112.0,NO APLICA,"32,0",MASCULINO,NO APLICA
2022.0,9430.0,CHOQUE,2022-12-16,23:00,NOCHE,VIERNES,SANTA ANA,CALLE 35 CARRERA 44,URBANA,TECNICO,"3,53221","-76,3149",DESOBEDECER SEÑAL DE PARE,112.0,MOTOCICLISTA,"30,0",MASCULINO,LESIONADO
2022.0,9430.0,CHOQUE,2022-12-16,23:00,NOCHE,VIERNES,SANTA ANA,CALLE 35 CARRERA 44,URBANA,TECNICO,"3,53221","-76,3149",DESOBEDECER SEÑAL DE PARE,112.0,ACOMPAÑANTE MOTOCICLISTA,"28,0",FEMENINO,LESIONADO
2022.0,9430.0,CHOQUE,2022-12-16,23:00,NOCHE,VIERNES,SANTA ANA,CALLE 35 CARRERA 44,URBANA,TECNICO,"3,53221","-76,3149",DESOBEDECER SEÑAL DE PARE,112.0,ACOMPAÑANTE MOTOCICLISTA,"1,0",MASCULINO,LESIONADO
2022.0,OFICIO,CHOQUE,2022-12-16,12:30,TARDE,VIERNES,RECREO,CALLE 22 CARRERA 27,URBANA,TECNICO,"3,52015","-76,29908",POR ESTABLECER,157.0,MOTOCICLISTA,"62,0",MASCULINO,MUERTO
2022.0,9431.0,CHOQUE,2022-12-17,10:30,MAÑANA,SÁBADO,VIA CORONADO ROZO,KM 5 + 35MTS,RURAL,TECNICO,"3,57074","-76,31477",FRENAR BRUSCAMENTE,119.0,NO APLICA,"29,0",MASCULINO,NO APLICA
2022.0,9431.0,CHOQUE,2022-12-17,10:30,MAÑANA,SÁBADO,VIA CORONADO ROZO,KM 5 + 35MTS,RURAL,TECNICO,"3,57074","-76,31477",FRENAR BRUSCAMENTE,119.0,NO APLICA,"43,0",MASCULINO,NO APLICA
2022.0,9431.0,CHOQUE,2022-12-17,10:30,MAÑANA,SÁBADO,VIA CORONADO ROZO,KM 5 + 35MTS,RURAL,TECNICO,"3,57074","-76,31477",FRENAR BRUSCAMENTE,119.0,ACOMPAÑANTE MOTOCICLISTA,"56,0",FEMENINO,LESIONADO
2022.0,9432.0,CHOQUE,2022-12-17,11:40,MAÑANA,SÁBADO,FRAY LUIS,CALLE 42 CARRERA 44-53,URBANA,TECNICO,"3,53885","-76,31439",CRUZAR SIN OBSERVAR,157.0,CICLISTA,"75,0",MASCULINO,LESIONADO
2022.0,9432.0,CHOQUE,2022-12-17,11:40,MAÑANA,SÁBADO,FRAY LUIS,CALLE 42 CARRERA 44-53,URBANA,TECNICO,"3,53885","-76,31439",CRUZAR SIN OBSERVAR,157.0,NO APLICA,"32,0",MASCULINO,NO APLICA
2022.0,9433.0,CHOQUE,2022-12-18,09:45,MAÑANA,DOMINGO,EMILIA,CARRERA 38 CALLE 35,URBANA,TECNICO,"3,53282","-76,30799",DESOBEDECER SEÑAL DE PARE,112.0,NO APLICA,"27,0",MASCULINO,NO APLICA
2022.0,9433.0,CHOQUE,2022-12-18,09:45,MAÑANA,DOMINGO,EMILIA,CARRERA 38 CALLE 35,URBANA,TECNICO,"3,53282","-76,30799",DESOBEDECER SEÑAL DE PARE,112.0,MOTOCICLISTA,"66,0",MASCULINO,LESIONADO
2022.0,9433.0,CHOQUE,2022-12-18,09:45,MAÑANA,DOMINGO,EMILIA,CARRERA 38 CALLE 35,URBANA,TECNICO,"3,53282","-76,30799",DESOBEDECER SEÑAL DE PARE,112.0,ACOMPAÑANTE MOTOCICLISTA,"34,0",FEMENINO,LESIONADO
2022.0,9334.0,CHOQUE,2022-12-18,10:20,MAÑANA,DOMINGO,COLOMBIA,CARRERA 32 CALLE 35,URBANA,TECNICO,"3,53249","-76,30178",DESOBEDECER SEÑAL DE PARE,112.0,MOTOCICLISTA,"23,0",MASCULINO,LESIONADO
2022.0,9334.0,CHOQUE,2022-12-18,10:20,MAÑANA,DOMINGO,COLOMBIA,CARRERA 32 CALLE 35,URBANA,TECNICO,"3,53249","-76,30178",DESOBEDECER SEÑAL DE PARE,112.0,MOTOCICLISTA,"41,0",MASCULINO,LESIONADO
2022.0,9334.0,CHOQUE,2022-12-18,10:20,MAÑANA,DOMINGO,COLOMBIA,CARRERA 32 CALLE 35,URBANA,TECNICO,"3,53249","-76,30178",DESOBEDECER SEÑAL DE PARE,112.0,ACOMPAÑANTE MOTOCICLISTA,"23,0",FEMENINO,LESIONADO
2022.0,9436.0,CHOQUE,2022-12-23,05:20,MADRUGADA,VIERNES,ESTONIA,CALLE 42 CARRERA 32,URBANA,TECNICO,"3,53842","-76,30088",SEMAFORO EN ROJO,142.0,MOTOCICLISTA,"20,0",FEMENINO,LESIONADO
2022.0,9436.0,CHOQUE,2022-12-23,05:20,MADRUGADA,VIERNES,ESTONIA,CALLE 42 CARRERA 32,URBANA,TECNICO,"3,53842","-76,30088",SEMAFORO EN ROJO,142.0,NO APLICA,"22,0",MASCULINO,NO APLICA
2022.0,9438.0,CHOQUE OBJETO FIJO ARBOL,2022-12-23,13:00,TARDE,VIERNES,VIA PALMIRA BOLO,KM 10,URBANA,TECNICO,"3,49504","-76,32246",PERDIDA DEL CONTROL DEL VEHICULO,157.0,CONDUCTOR,"62,0",MASCULINO,LESIONADO
2022.0,9438.0,CHOQUE OBJETO FIJO ARBOL,2022-12-23,13:00,TARDE,VIERNES,VIA PALMIRA BOLO,KM 10,URBANA,TECNICO,"3,49504","-76,32246",PERDIDA DEL CONTROL DEL VEHICULO,157.0,CONDUCTOR,"43,0",MASCULINO,LESIONADO
2022.0,9439.0,CHOQUE,2022-12-24,16:00,TARDE,SÁBADO,BARRIO NUEVO,CALLE 27 CARRERA 32,URBANA,TECNICO,"3,52495","-76,30289",DESOBEDECER SEÑAL DE PARE,112.0,MOTOCICLISTA,"21,0",FEMENINO,LESIONADO
2022.0,9439.0,CHOQUE,2022-12-24,16:00,TARDE,SÁBADO,BARRIO NUEVO,CALLE 27 CARRERA 32,URBANA,TECNICO,"3,52495","-76,30289",DESOBEDECER SEÑAL DE PARE,112.0,NO APLICA,"37,0",FEMENINO,NO APLICA
2022.0,9440.0,CHOQUE,2022-12-24,22:50,NOCHE,SÁBADO,ZAMORANO,DIAGONAL 66 CARRERA 31,URBANA,TECNICO,"3,55574","-76,29701",DESOBEDECER SEÑAL DE PARE,112.0,MOTOCICLISTA,"15,0",MASCULINO,LESIONADO