a_o,ipat,clase_siniestro,fecha,hora,jornada,dia_semana,barrios_corregimiento_via,direccion,zona,autoridad,lat,long,hipotesis,codigo,condicion_de_la_victima,edad,genero,lesionados_y_muertos
2023.0,9504.0,CHOQUE,2023-01-29,11:15,MAÑANA,DOMINGO,TRINIDAD,CALLE 28 CARRRA 23,URBANA,TECNICO,"3,52474","-76,295002",ARRANCAR SIN PRECAUCION,145.0,NO APLICA,"27,0",MASCULINO,NO APLICA
2023.0,9504.0,CHOQUE,2023-01-29,11:15,MAÑANA,DOMINGO,TRINIDAD,CALLE 28 CARRRA 23,URBANA,TECNICO,"3,52474","-76,295002",ARRANCAR SIN PRECAUCION,145.0,ACOMPAÑANTE MOTOCICLISTA,"11,0",FEMENINO,LESIONADO
2023.0,9505.0,CHOQUE,2023-01-29,13:00,TARDE,DOMINGO,LOS CRISTALES,CALLE 44 CARRERA 7 -15,URBANA,TECNICO,"3,540242","-76,281695",EMBRIAGUEZ APARENTE,115.0,MOTOCICLISTA,"56,0",MASCULINO,LESIONADO
2023.0,9505.0,CHOQUE,2023-01-29,13:00,TARDE,DOMINGO,LOS CRISTALES,CALLE 44 CARRERA 7 -15,URBANA,TECNICO,"3,540242","-76,281695",EMBRIAGUEZ APARENTE,115.0,MOTOCICLISTA,"59,0",MASCULINO,LESIONADO
2023.0,9505.0,CHOQUE,2023-01-29,13:00,TARDE,DOMINGO,LOS CRISTALES,CALLE 44 CARRERA 7 -15,URBANA,TECNICO,"3,540242","-76,281695",EMBRIAGUEZ APARENTE,115.0,ACOMPAÑANTE MOTOCICLISTA,"39,0",FEMENINO,LESIONADO
2023.0,9506.0,CHOQUE,2023-01-29,17:30,TARDE,DOMINGO,CENTRO POBLADO LA TORRE,CALLE 10 N 17-443,RURAL,TECNICO,"3,617195","-76,410526",EMBRIAGUEZ APARENTE,115.0,NO APLICA,"32,0",MASCULINO,NO APLICA
2023.0,9506.0,CHOQUE,2023-01-29,17:30,TARDE,DOMINGO,CENTRO POBLADO LA TORRE,CALLE 10 N 17-443,RURAL,TECNICO,"3,617195","-76,410526",EMBRIAGUEZ APARENTE,115.0,MOTOCICLISTA,"30,0",MASCULINO,LESIONADO
2023.0,9506.0,CHOQUE,2023-01-29,17:30,TARDE,DOMINGO,CENTRO POBLADO LA TORRE,CALLE 10 N 17-443,RURAL,TECNICO,"3,617195","-76,410526",EMBRIAGUEZ APARENTE,115.0,ACOMPAÑANTE MOTOCICLISTA,"30,0",FEMENINO,LESIONADO
2023.0,9507.0,CHOQUE,2023-01-29,21:50,NOCHE,DOMINGO,RECREO,CALLE 23 CARRERA 27,URBANA,TECNICO,"3,520871","-76,299037",DESOBEDECER SEÑALES O NORMAS DE TRANSITO,112.0,MOTOCICLISTA,"23,0",MASCULINO,LESIONADO
2023.0,9507.0,CHOQUE,2023-01-29,21:50,NOCHE,DOMINGO,RECREO,CALLE 23 CARRERA 27,URBANA,TECNICO,"3,520871","-76,299037",DESOBEDECER SEÑALES O NORMAS DE TRANSITO,112.0,MOTOCICLISTA,"29,0",MASCULINO,LESIONADO
2023.0,9507.0,CHOQUE,2023-01-29,21:50,NOCHE,DOMINGO,RECREO,CALLE 23 CARRERA 27,URBANA,TECNICO,"3,520871","-76,299037",DESOBEDECER SEÑALES O NORMAS DE TRANSITO,112.0,ACOMPAÑANTE MOTOCICLISTA,"22,0",FEMENINO,LESIONADO
2023.0,9507.0,CHOQUE,2023-01-29,21:50,NOCHE,DOMINGO,RECREO,CALLE 23 CARRERA 27,URBANA,TECNICO,"3,520871","-76,299037",DESOBEDECER SEÑALES O NORMAS DE TRANSITO,112.0,ACOMPAÑANTE MOTOCICLISTA,"3,0",MASCULINO,LESIONADO
2023.0,OFICIO,CHOQUE OBJETO FIJO ARBOL,2023-01-31,06:30,MAÑANA,MARTES,VIA PALMIRA TIENDA NUEVA,KM 7,RURAL,TECNICO,"3,54924","-76,24688",PERDIDA DEL CONTROL DEL VEHICULO,157.0,MOTOCICLISTA,"20,0",MASCULINO,MUERTO
2023.0,DITRA,CHOQUE,2023-01-26,15:00,TARDE,JUEVES,VIA CENCAR -AEREOPUERTO,KM 12  + 600 MTS,RURAL,POLICIA,,,NO MANTENER DISTANCIA SEGURIDAD,121.0,MOTOCICLISTA,"25,0",FEMENINO,LESIONADO
2023.0,DITRA,CHOQUE,2023-01-26,15:00,TARDE,JUEVES,VIA CENCAR -AEREOPUERTO,KM 12  + 600 MTS,RURAL,POLICIA,,,NO MANTENER DISTANCIA SEGURIDAD,121.0,ACOMPAÑANTE MOTOCICLISTA,"32,0",MASCULINO,LESIONADO
2023.0,DITRA,CHOQUE,2023-01-14,11:15,MAÑANA,MARTES,VIA CALI - PALMIRA SUR,CL 16 +  350 MTS,RURAL,POLICIA,,,OTRA,157.0,ACOMPAÑANTE CONDUCTOR,"47,0",MASCULINO,LESIONADO
2023.0,DITRA,CHOQUE,2023-01-14,11:15,MAÑANA,MARTES,VIA CALI - PALMIRA SUR,CL 16 +  350 MTS,RURAL,POLICIA,,,OTRA,157.0,ACOMPAÑANTE CONDUCTOR,"25,0",MASCULINO,LESIONADO
2023.0,DITRA,CHOQUE,2023-01-08,07:40,MAÑANA,MIÉRCOLES,VIA  PALMIRA -  CANDELARIA,KM 46 + 300 MTS,RURAL,POLICIA,,,TRANSITAR EN CONTRAVIA,127.0,MOTOCICLISTA,"55,0",MASCULINO,LESIONADO
2023.0,DITRA,CHOQUE,2023-01-08,07:40,MAÑANA,MIÉRCOLES,VIA  PALMIRA -  CANDELARIA,KM 46 + 300 MTS,RURAL,POLICIA,,,TRANSITAR EN CONTRAVIA,127.0,ACOMPAÑANTE MOTOCICLISTA,"41,0",MASCULINO,LESIONADO
2023.0,DITRA,CHOQUE,2023-01-06,15:05,TARDE,LUNES,VIA CENCAR -AEREOPUERTO,KM 10,RURAL,POLICIA,,,VEHÍCULO MAL ESTACIONADO,,MOTOCICLISTA,"33,0",MASCULINO,LESIONADO
2023.0,DITRA,CHOQUE,2023-01-03,14:45,TARDE,VIERNES,VIA PALMASECA EL CERRITO,KM 8 + 615 MTS,RURAL,POLICIA,,,IMPERICIA EN EL MANEJO,,MOTOCICLISTA,"29,0",MASCULINO,LESIONADO
2023.0,DITRA,CHOQUE,2023-01-01,05:45,MADRUGADA,MIÉRCOLES,VIA CENCAR -AEREOPUERTO,KM 11 + 500 MTS,RURAL,POLICIA,,,EMBRIAGUEZ APARENTE,115.0,CONDUCTOR,"41,0",MASCULINO,LESIONADO
2023.0,DITRA,CHOQUE,2023-01-01,05:45,MADRUGADA,MIÉRCOLES,VIA CENCAR -AEREOPUERTO,KM 11 + 500 MTS,RURAL,POLICIA,,,EMBRIAGUEZ APARENTE,115.0,ACOMPAÑANTE CONDUCTOR,"46,0",MASCULINO,LESIONADO
2024.0,100113.0,NO APLICA,2024-01-30,,TARDE,MARTES,VERSALLES,CARRERA 27 CALLE 43,URBANA,TECNICO,"3,5386","-76,2961",DESOBEDECER SEÑALES O NORMAS DE TRANSITO,112.0,NO APLICA,"30,0",MASCULINO,NO APLICA
2024.0,100113.0,NO APLICA,2024-01-30,,TARDE,MARTES,VERSALLES,CARRERA 27 CALLE 43,URBANA,TECNICO,"3,5386","-76,2961",DESOBEDECER SEÑALES O NORMAS DE TRANSITO,112.0,MOTOCICLISTA,"37,0",FEMENINO,LESIONADO
2024.0,10074.0,NO APLICA,2024-01-01,,MAÑANA,LUNES,VIA PALMIRA TIENDA NUEVA,KM 9+ 576 MTS,RURAL,POLICIA,"3,5944","-76,2026",EMBRIAGUEZ O SUSTANCIAS ALUCINOGENAS,115.0,PEATÓN,"45,0",MASCULINO,LESIONADO
2024.0,10074.0,NO APLICA,2024-01-01,,MAÑANA,LUNES,VIA PALMIRA TIENDA NUEVA,KM 9+ 576 MTS,RURAL,POLICIA,"3,5944","-76,2026",EMBRIAGUEZ O SUSTANCIAS ALUCINOGENAS,115.0,CONDUCTOR,"25,0",FEMENINO,NO APLICA
2024.0,10075.0,NO APLICA,2024-01-01,,NOCHE,LUNES,SANTA RITA,CARRERA 28 CALLE 40,URBANA,TECNICO,"3,5363","-76,2974",GIRAR BRUSCAMENTE,122.0,MOTOCICLISTA,"32,0",MASCULINO,LESIONADO
2024.0,10075.0,NO APLICA,2024-01-01,,NOCHE,LUNES,SANTA RITA,CARRERA 28 CALLE 40,URBANA,TECNICO,"3,5363","-76,2974",GIRAR BRUSCAMENTE,122.0,CONDUCTOR,"39,0",MASCULINO,NO APLICA
2024.0,10076.0,NO APLICA,2024-01-02,,MAÑANA,MARTES,SANTA TERESITA,CALLE 46 CARRERA 42,URBANA,TECNICO,"3,5415","-76,3131",GIRAR BRUSCAMENTE,122.0,MOTOCICLISTA,"27,0",MASCULINO,LESIONADO
2024.0,10076.0,NO APLICA,2024-01-02,,MAÑANA,MARTES,SANTA TERESITA,CALLE 46 CARRERA 42,URBANA,TECNICO,"3,5415","-76,3131",GIRAR BRUSCAMENTE,122.0,CONDUCTOR,"47,0",FEMENINO,NO APLICA
2024.0,10077.0,NO APLICA,2024-01-03,,TARDE,MIÉRCOLES,SANTA MARIA DEL PALMAR,CALLE 42 CARRERA 2,URBANA,TECNICO,"3,5369","-76,2798",SEMAFORO EN ROJO,142.0,CONDUCTOR,"43,0",MASCULINO,NO APLICA
2024.0,10077.0,NO APLICA,2024-01-03,,TARDE,MIÉRCOLES,SANTA MARIA DEL PALMAR,CALLE 42 CARRERA 2,URBANA,TECNICO,"3,5369","-76,2798",SEMAFORO EN ROJO,142.0,MOTOCICLISTA,"20,0",MASCULINO,LESIONADO
2024.0,10078.0,NO APLICA,2024-01-05,,TARDE,VIERNES,CHAPINERO SUR,DIAGONAL 4 CARRERA 31-49,URBANA,TECNICO,"3,5027","-76,3112",Otras.,308.0,MOTOCICLISTA,"29,0",MASCULINO,NO APLICA
2024.0,10079.0,NO APLICA,2024-01-06,,MAÑANA,SÁBADO,SANTA ANA,CALLE 36 CARRERA 12,URBANA,TECNICO,"3,5325","-76,2848",NO RESPETAR PRELACIÓN,132.0,CONDUCTOR,"42,0",MASCULINO,NO APLICA
2024.0,10079.0,NO APLICA,2024-01-06,,MAÑANA,SÁBADO,SANTA ANA,CALLE 36 CARRERA 12,URBANA,TECNICO,"3,5325","-76,2848",NO RESPETAR PRELACIÓN,132.0,MOTOCICLISTA,"38,0",MASCULINO,LESIONADO
2024.0,10080.0,NO APLICA,2024-01-06,,MAÑANA,SÁBADO,SAN PEDRO,CARRERA 19 CALLE 36,URBANA,TECNICO,"3,5318","-76,2905",Otra.,157.0,PEATÓN,"21,0",MASCULINO,LESIONADO
2024.0,10080.0,NO APLICA,2024-01-06,,MAÑANA,SÁBADO,SAN PEDRO,CARRERA 19 CALLE 36,URBANA,TECNICO,"3,5318","-76,2905",Otra.,157.0,MOTOCICLISTA,"19,0",MASCULINO,LESIONADO
2024.0,10082.0,NO APLICA,2024-01-09,,MADRUGADA,MARTES,TRINIDAD,CALLE 29 CARRERA 23,URBANA,TECNICO,"3,5255","-76,2949",DESOBEDECER SEÑALES O NORMAS DE TRANSITO,112.0,MOTOCICLISTA,"18,0",MASCULINO,LESIONADO
2024.0,10082.0,NO APLICA,2024-01-09,,MADRUGADA,MARTES,TRINIDAD,CALLE 29 CARRERA 23,URBANA,TECNICO,"3,5255","-76,2949",DESOBEDECER SEÑALES O NORMAS DE TRANSITO,112.0,CONDUCTOR,"40,0",MASCULINO,NO APLICA
2024.0,10082.0,NO APLICA,2024-01-09,,MADRUGADA,MARTES,TRINIDAD,CALLE 29 CARRERA 23,URBANA,TECNICO,"3,5255","-76,2949",DESOBEDECER SEÑALES O NORMAS DE TRANSITO,112.0,MOTOCICLISTA,"20,0",MASCULINO,LESIONADO
2024.0,10083.0,NO APLICA,2024-03-09,,MAÑANA,SÁBADO,FRAY LUIS,VIA PALMIRA - CALI ALQUERIA,URBANA,TECNICO,"3,5369","-76,3197",GIRAR BRUSCAMENTE,122.0,MOTOCICLISTA,"44,0",MASCULINO,LESIONADO
2024.0,10083.0,NO APLICA,2024-03-09,,MAÑANA,SÁBADO,FRAY LUIS,VIA PALMIRA - CALI ALQUERIA,URBANA,TECNICO,"3,5369","-76,3197",GIRAR BRUSCAMENTE,122.0,CONDUCTOR,"53,0",MASCULINO,NO APLICA
2024.0,10084.0,NO APLICA,2024-01-09,,TARDE,MARTES,FRAY LUIS,CALLE 42 CARRERA 43 -10,URBANA,TECNICO,"3,5388","-76,315",Subirse al andén o vías peatonales.,133.0,ACOMPAÑANTE MOTOCICLISTA,"22,0",FEMENINO,LESIONADO
2024.0,10084.0,NO APLICA,2024-01-09,,TARDE,MARTES,FRAY LUIS,CALLE 42 CARRERA 43 -10,URBANA,TECNICO,"3,5388","-76,315",Subirse al andén o vías peatonales.,133.0,MOTOCICLISTA,"22,0",MASCULINO,MUERTO
2024.0,10085.0,NO APLICA,2024-01-10,,MAÑANA,MIÉRCOLES,GUAYACANES DEL SUR,CARRERA 33A CALLE 19,URBANA,TECNICO,"3,5186","-76,3054",ADELANTAR POR LA DERECHA,102.0,NO APLICA,"58,0",MASCULINO,NO APLICA
2024.0,10085.0,NO APLICA,2024-01-10,,MAÑANA,MIÉRCOLES,GUAYACANES DEL SUR,CARRERA 33A CALLE 19,URBANA,TECNICO,"3,5186","-76,3054",ADELANTAR POR LA DERECHA,102.0,MOTOCICLISTA,"26,0",MASCULINO,LESIONADO
2024.0,10086.0,NO APLICA,2024-01-10,,MAÑANA,MIÉRCOLES,MUNICIPAL,CARRERA 1 CALLE 33C,URBANA,TECNICO,"3,5298","-76,2773",TRANSITAR EN CONTRAVIA,127.0,MOTOCICLISTA,"26,0",MASCULINO,LESIONADO
2024.0,10086.0,NO APLICA,2024-01-10,,MAÑANA,MIÉRCOLES,MUNICIPAL,CARRERA 1 CALLE 33C,URBANA,TECNICO,"3,5298","-76,2773",TRANSITAR EN CONTRAVIA,127.0,ACOMPAÑANTE MOTOCICLISTA,"27,0",MASCULINO,LESIONADO
2024.0,10086.0,NO APLICA,2024-01-10,,MAÑANA,MIÉRCOLES,MUNICIPAL,CARRERA 1 CALLE 33C,URBANA,TECNICO,"3,5298","-76,2773",TRANSITAR EN CONTRAVIA,127.0,CONDUCTOR,"35,0",MASCULINO,NO APLICA
2024.0,10087.0,NO APLICA,2024-01-09,,MAÑANA,MARTES,URIBE,CALLE 35 CARRERA 21,URBANA,TECNICO,"3,5312","-76,2924",DESOBEDECER SEÑALES O NORMAS DE TRANSITO,112.0,MOTOCICLISTA,"36,0",FEMENINO,LESIONADO
2024.0,10088.0,NO APLICA,2024-01-11,,MAÑANA,JUEVES,PRADO,CARRERA 41 CALLE 35-10,URBANA,TECNICO,"3,5326","-76,3113",Otra.,157.0,NO APLICA,"39,0",MASCULINO,NO APLICA
2024.0,10089.0,NO APLICA,2024-01-11,,TARDE,JUEVES,CENTRO,CALLE 28 CARRERA 33,URBANA,TECNICO,"3,526","-76,3035",DESOBEDECER SEÑALES O NORMAS DE TRANSITO,112.0,MOTOCICLISTA,"58,0",FEMENINO,LESIONADO
2024.0,10089.0,NO APLICA,2024-01-11,,TARDE,JUEVES,CENTRO,CALLE 28 CARRERA 33,URBANA,TECNICO,"3,526","-76,3035",DESOBEDECER SEÑALES O NORMAS DE TRANSITO,112.0,MOTOCICLISTA,"57,0",MASCULINO,LESIONADO
2024.0,10089.0,NO APLICA,2024-01-11,,TARDE,JUEVES,CENTRO,CALLE 28 CARRERA 33,URBANA,TECNICO,"3,526","-76,3035",DESOBEDECER SEÑALES O NORMAS DE TRANSITO,112.0,NO APLICA,"63,0",MASCULINO,NO APLICA
2024.0,10090.0,NO APLICA,2024-01-12,,MAÑANA,VIERNES,RESERVA DE ZAMORANO,CALLE 60 CARRERA 35,URBANA,TECNICO,"3,5505","-76,3056",Otra.,157.0,ACOMPAÑANTE MOTOCICLISTA,"51,0",MASCULINO,LESIONADO
2024.0,10090.0,NO APLICA,2024-01-12,,MAÑANA,VIERNES,RESERVA DE ZAMORANO,CALLE 60 CARRERA 35,URBANA,TECNICO,"3,5505","-76,3056",Otra.,157.0,MOTOCICLISTA,"50,0",MASCULINO,LESIONADO
2024.0,10090.0,NO APLICA,2024-01-12,,MAÑANA,VIERNES,RESERVA DE ZAMORANO,CALLE 60 CARRERA 35,URBANA,TECNICO,"3,5505","-76,3056",Otra.,157.0,NO APLICA,"34,0",MASCULINO,NO APLICA
2024.0,10091.0,NO APLICA,2024-01-13,,MAÑANA,SÁBADO,ALTAMIRA,CALLE 47 CARRERA 25B,URBANA,TECNICO,"3,5421","-76,2946",Otra.,157.0,ACOMPAÑANTE CONDUCTOR,"35,0",MASCULINO,LESIONADO
2024.0,10091.0,NO APLICA,2024-01-13,,MAÑANA,SÁBADO,ALTAMIRA,CALLE 47 CARRERA 25B,URBANA,TECNICO,"3,5421","-76,2946",Otra.,157.0,NO APLICA,"39,0",MASCULINO,NO APLICA
2024.0,10092.0,NO APLICA,2024-01-13,,TARDE,SÁBADO,OBRERO,CALLE 36 CARRERA 26,URBANA,TECNICO,"3,5325","-76,2963",DESOBEDECER SEÑALES O NORMAS DE TRANSITO,112.0,NO APLICA,"38,0",MASCULINO,NO APLICA
2024.0,10092.0,NO APLICA,2024-01-13,,TARDE,SÁBADO,OBRERO,CALLE 36 CARRERA 26,URBANA,TECNICO,"3,5325","-76,2963",DESOBEDECER SEÑALES O NORMAS DE TRANSITO,112.0,MOTOCICLISTA,"25,0",MASCULINO,LESIONADO
2024.0,10093.0,NO APLICA,2024-01-14,,MADRUGADA,DOMINGO,BARRIO NUEVO,CARRERA 31 CALLE 25,URBANA,TECNICO,"3,5231","-76,3024",DESOBEDECER SEÑALES O NORMAS DE TRANSITO,112.0,MOTOCICLISTA,"38,0",MASCULINO,LESIONADO
2024.0,10093.0,NO APLICA,2024-01-14,,MADRUGADA,DOMINGO,BARRIO NUEVO,CARRERA 31 CALLE 25,URBANA,TECNICO,"3,5231","-76,3024",DESOBEDECER SEÑALES O NORMAS DE TRANSITO,112.0,NO APLICA,"21,0",MASCULINO,NO APLICA
2024.0,10093.0,NO APLICA,2024-01-14,,MADRUGADA,DOMINGO,BARRIO NUEVO,CARRERA 31 CALLE 25,URBANA,TECNICO,"3,5231","-76,3024",DESOBEDECER SEÑALES O NORMAS DE TRANSITO,112.0,ACOMPAÑANTE MOTOCICLISTA,"28,0",FEMENINO,LESIONADO
2024.0,10094.0,NO APLICA,2024-01-14,,NOCHE,DOMINGO,CHAPINERO SUR,VIA PALMIRA BOLO KM 5,RURAL,TECNICO,"3,4957","-76,3219",Otra.,157.0,MOTOCICLISTA,"28,0",MASCULINO,LESIONADO
2024.0,10094.0,NO APLICA,2024-01-14,,NOCHE,DOMINGO,CHAPINERO SUR,VIA PALMIRA BOLO KM 5,RURAL,TECNICO,"3,4957","-76,3219",Otra.,157.0,NO APLICA,"25,0",MASCULINO,NO APLICA
2024.0,10095.0,NO APLICA,2024-01-15,,MAÑANA,LUNES,URIBE,CALLE 33 CARRERA 21,URBANA,TECNICO,"3,5295","-76,2926",DESOBEDECER SEÑALES O NORMAS DE TRANSITO,112.0,NO APLICA,"32,0",MASCULINO,NO APLICA
2024.0,10096.0,NO APLICA,2024-01-16,,MAÑANA,MARTES,COLOMBIA,CARRERA 32 CALLE 35,URBANA,TECNICO,"3,5325","-76,3018",DESOBEDECER SEÑALES O NORMAS DE TRANSITO,112.0,MOTOCICLISTA,"62,0",MASCULINO,LESIONADO
2024.0,10096.0,NO APLICA,2024-01-16,,MAÑANA,MARTES,COLOMBIA,CARRERA 32 CALLE 35,URBANA,TECNICO,"3,5325","-76,3018",DESOBEDECER SEÑALES O NORMAS DE TRANSITO,112.0,NO APLICA,"41,0",MASCULINO,NO APLICA
2024.0,10097.0,NO APLICA,2024-01-16,,TARDE,MARTES,PRIMERO DE MAYO,CALLE 42 CARRERA 8-98,URBANA,TECNICO,"3,537","-76,282",CRUZAR SIN OBSERVAR,409.0,MOTOCICLISTA,"26,0",MASCULINO,LESIONADO
2024.0,10097.0,NO APLICA,2024-01-16,,TARDE,MARTES,PRIMERO DE MAYO,CALLE 42 CARRERA 8-98,URBANA,TECNICO,"3,537","-76,282",CRUZAR SIN OBSERVAR,409.0,PEATÓN,"79,0",FEMENINO,LESIONADO
2024.0,10098.0,NO APLICA,2024-01-17,,NOCHE,MIÉRCOLES,SANTA RITA,CALLE 36 CARRERA 29,URBANA,TECNICO,"3,5329","-76,2989",SEMAFORO EN ROJO,142.0,CONDUCTOR,"47,0",MASCULINO,LESIONADO
2024.0,10099.0,NO APLICA,2024-01-18,,MAÑANA,JUEVES,CENTRO,CALLE 32 CARRERA 30-29,URBANA,TECNICO,"3,5292","-76,3008",Otra.,157.0,NO APLICA,"70,0",MASCULINO,NO APLICA
2024.0,10099.0,NO APLICA,2024-01-18,,MAÑANA,JUEVES,CENTRO,CALLE 32 CARRERA 30-29,URBANA,TECNICO,"3,5292","-76,3008",Otra.,157.0,MOTOCICLISTA,"28,0",FEMENINO,LESIONADO
2024.0,10100.0,NO APLICA,2024-02-02,,MAÑANA,VIERNES,OLIMPICO,CALLE 23 CARRERA 35-36A,URBANA,TECNICO,"3,5215","-76,3082",Otra.,157.0,CONDUCTOR,"43,0",FEMENINO,NO APLICA
2024.0,10101.0,NO APLICA,2024-01-21,,NOCHE,DOMINGO,SEMBRADOR,CALLE 22 CARRERA 21,URBANA,TECNICO,"3,5197","-76,2935",GIRAR BRUSCAMENTE,122.0,MOTOCICLISTA,"28,0",FEMENINO,LESIONADO
2024.0,10101.0,NO APLICA,2024-01-21,,NOCHE,DOMINGO,SEMBRADOR,CALLE 22 CARRERA 21,URBANA,TECNICO,"3,5197","-76,2935",GIRAR BRUSCAMENTE,122.0,MOTOCICLISTA,"20,0",MASCULINO,LESIONADO
2024.0,10101.0,NO APLICA,2024-01-21,,NOCHE,DOMINGO,SEMBRADOR,CALLE 22 CARRERA 21,URBANA,TECNICO,"3,5197","-76,2935",GIRAR BRUSCAMENTE,122.0,ACOMPAÑANTE MOTOCICLISTA,"66,0",FEMENINO,LESIONADO
2024.0,10103.0,NO APLICA,2024-01-21,,MADRUGADA,DOMINGO,SEMBRADOR,CALLE 18 CARRERA 21,URBANA,TECNICO,"3,5169","-76,2934",DESOBEDECER SEÑALES O NORMAS DE TRANSITO,112.0,NO APLICA,,NO APLICA,NO APLICA
2024.0,10104.0,NO APLICA,2024-01-22,,MAÑANA,LUNES,FRAY LUIS,CALLE 49 CARRERA 49,URBANA,TECNICO,"3,537","-76,3198",Otra.,157.0,MOTOCICLISTA,"30,0",MASCULINO,LESIONADO
2024.0,10104.0,NO APLICA,2024-01-22,,MAÑANA,LUNES,FRAY LUIS,CALLE 49 CARRERA 49,URBANA,TECNICO,"3,537","-76,3198",Otra.,157.0,ACOMPAÑANTE MOTOCICLISTA,"28,0",FEMENINO,LESIONADO
2024.0,10104.0,NO APLICA,2024-01-22,,MAÑANA,LUNES,FRAY LUIS,CALLE 49 CARRERA 49,URBANA,TECNICO,"3,537","-76,3198",Otra.,157.0,MOTOCICLISTA,"26,0",MASCULINO,LESIONADO
2024.0,10105.0,NO APLICA,2024-01-22,,NOCHE,LUNES,CENTRO,CALLE 29 CARRERA 30,URBANA,TECNICO,"3,5264","-76,3009",SEMAFORO EN ROJO,142.0,ACOMPAÑANTE MOTOCICLISTA,"15,0",FEMENINO,LESIONADO
2024.0,10105.0,NO APLICA,2024-01-22,,NOCHE,LUNES,CENTRO,CALLE 29 CARRERA 30,URBANA,TECNICO,"3,5264","-76,3009",SEMAFORO EN ROJO,142.0,NO APLICA,"51,0",MASCULINO,NO APLICA
2024.0,10106.0,NO APLICA,2024-01-24,,MAÑANA,MIÉRCOLES,COLOMBIA,CALLE 33 CARRERA 32,URBANA,TECNICO,"3,5309","-76,302",SEMAFORO EN ROJO,142.0,MOTOCICLISTA,"43,0",MASCULINO,LESIONADO
2024.0,10106.0,NO APLICA,2024-01-24,,MAÑANA,MIÉRCOLES,COLOMBIA,CALLE 33 CARRERA 32,URBANA,TECNICO,"3,5309","-76,302",SEMAFORO EN ROJO,142.0,MOTOCICLISTA,"28,0",MASCULINO,LESIONADO
2024.0,10107.0,NO APLICA,2024-01-24,,MAÑANA,MIÉRCOLES,BENEDICTA,CARRERA 34B CALLE 49,URBANA,TECNICO,"3,544","-76,3035",GIRAR BRUSCAMENTE,122.0,NO APLICA,"31,0",MASCULINO,NO APLICA
2024.0,10107.0,NO APLICA,2024-01-24,,MAÑANA,MIÉRCOLES,BENEDICTA,CARRERA 34B CALLE 49,URBANA,TECNICO,"3,544","-76,3035",GIRAR BRUSCAMENTE,122.0,NO APLICA,"33,0",MASCULINO,NO APLICA
2024.0,10108.0,NO APLICA,2024-01-26,,NOCHE,VIERNES,SEMBRADOR,CALLE 18 CARRERA 18,URBANA,TECNICO,"3,5169","-76,2909",PONER EN MARCHA UN VEHICULO SIN LAS MEDIDAS DE PRECAUCION,143.0,MOTOCICLISTA,"17,0",MASCULINO,LESIONADO
2024.0,10108.0,NO APLICA,2024-01-26,,NOCHE,VIERNES,SEMBRADOR,CALLE 18 CARRERA 18,URBANA,TECNICO,"3,5169","-76,2909",PONER EN MARCHA UN VEHICULO SIN LAS MEDIDAS DE PRECAUCION,143.0,MOTOCICLISTA,"34,0",FEMENINO,LESIONADO
2024.0,10109.0,NO APLICA,2024-01-26,,TARDE,VIERNES,INDUSTRIAL,CALE 42 CARRERA 35,URBANA,TECNICO,"3,5388","-76,3073",NO MANTENER DISTANCIA SEGURIDAD,121.0,NO APLICA,"43,0",MASCULINO,NO APLICA
2024.0,10109.0,NO APLICA,2024-01-26,,TARDE,VIERNES,INDUSTRIAL,CALE 42 CARRERA 35,URBANA,TECNICO,"3,5388","-76,3073",NO MANTENER DISTANCIA SEGURIDAD,121.0,NO APLICA,"36,0",MASCULINO,NO APLICA
2024.0,10110.0,NO APLICA,2024-01-26,,NOCHE,VIERNES,CIUDAD DEL CAMPO,CALLE 94 CARRERA 7U,RURAL,POLICIA,"3,4547","-76,4711",Otras.,308.0,MOTOCICLISTA,"28,0",MASCULINO,LESIONADO
2024.0,10111.0,NO APLICA,2024-01-28,,MAÑANA,DOMINGO,URIBE,CALLE 34 CARRERA 20,URBANA,TECNICO,"3,5302","-76,2917",DESOBEDECER SEÑALES O NORMAS DE TRANSITO,112.0,ACOMPAÑANTE MOTOCICLISTA,"22,0",FEMENINO,LESIONADO
2024.0,10111.0,NO APLICA,2024-01-28,,MAÑANA,DOMINGO,URIBE,CALLE 34 CARRERA 20,URBANA,TECNICO,"3,5302","-76,2917",DESOBEDECER SEÑALES O NORMAS DE TRANSITO,112.0,NO APLICA,"46,0",MASCULINO,NO APLICA
2024.0,10111.0,NO APLICA,2024-01-28,,MAÑANA,DOMINGO,URIBE,CALLE 34 CARRERA 20,URBANA,TECNICO,"3,5302","-76,2917",DESOBEDECER SEÑALES O NORMAS DE TRANSITO,112.0,MOTOCICLISTA,"23,0",FEMENINO,LESIONADO