a_o,ipat,clase_siniestro,fecha,hora,jornada,dia_semana,barrios_corregimiento_via,direccion,zona,autoridad,lat,long,hipotesis,codigo,condicion_de_la_victima,edad,genero,lesionados_y_muertos
2024.0,10163.0,NO APLICA,2024-03-11,,MAÑANA,LUNES,PARQUES DE BELÉN,CALLE 68 CARRERA 18,URBANA,TECNICO,"3,5544","-76,2843",NO RESPETAR PRELACIÓN,132.0,MOTOCICLISTA,"22,0",MASCULINO,LESIONADO
2024.0,10163.0,NO APLICA,2024-03-11,,MAÑANA,LUNES,PARQUES DE BELÉN,CALLE 68 CARRERA 18,URBANA,TECNICO,"3,5544","-76,2843",NO RESPETAR PRELACIÓN,132.0,NO APLICA,"55,0",MASCULINO,NO APLICA
2024.0,10164.0,NO APLICA,2024-03-11,,MAÑANA,LUNES,URIBE,CALLE 32 CARRERA 23,URBANA,TECNICO,"3,5283","-76,2945",DESOBEDECER SEÑALES O NORMAS DE TRANSITO,112.0,MOTOCICLISTA,"41,0",MASCULINO,LESIONADO
2024.0,10164.0,NO APLICA,2024-03-11,,MAÑANA,LUNES,URIBE,CALLE 32 CARRERA 23,URBANA,TECNICO,"3,5283","-76,2945",DESOBEDECER SEÑALES O NORMAS DE TRANSITO,112.0,NO APLICA,"49,0",MASCULINO,NO APLICA
2024.0,10165.0,NO APLICA,2024-03-09,,MAÑANA,SÁBADO,EMILIA,CARRERA 39 CALLE 42-100,URBANA,TECNICO,"3,5385","-76,318",Otra.,157.0,MOTOCICLISTA,"52,0",FEMENINO,LESIONADO
2024.0,10166.0,NO APLICA,2024-03-10,,TARDE,DOMINGO,TRINIDAD,CALLE 29 CARRERA 23,URBANA,TECNICO,"3,5255","-76,2949",DESOBEDECER SEÑALES O NORMAS DE TRANSITO,112.0,MOTOCICLISTA,"52,0",MASCULINO,LESIONADO
2024.0,10166.0,NO APLICA,2024-03-10,,TARDE,DOMINGO,TRINIDAD,CALLE 29 CARRERA 23,URBANA,TECNICO,"3,5255","-76,2949",DESOBEDECER SEÑALES O NORMAS DE TRANSITO,112.0,NO APLICA,"61,0",MASCULINO,NO APLICA
2024.0,10167.0,NO APLICA,2024-03-12,,MAÑANA,MARTES,CHAPINERO SUR,CARRERA 32 CALLE 5,URBANA,TECNICO,"3,5069","-76,3125",ADELANTAR EN ZONA PROHIBIDA,105.0,NO APLICA,"31,0",MASCULINO,NO APLICA
2024.0,10167.0,NO APLICA,2024-03-12,,MAÑANA,MARTES,CHAPINERO SUR,CARRERA 32 CALLE 5,URBANA,TECNICO,"3,5069","-76,3125",ADELANTAR EN ZONA PROHIBIDA,105.0,NO APLICA,"43,0",MASCULINO,NO APLICA
2024.0,10167.0,NO APLICA,2024-03-12,,MAÑANA,MARTES,CHAPINERO SUR,CARRERA 32 CALLE 5,URBANA,TECNICO,"3,5069","-76,3125",ADELANTAR EN ZONA PROHIBIDA,105.0,NO APLICA,"43,0",FEMENINO,NO APLICA
2024.0,10168.0,NO APLICA,2024-03-14,,TARDE,JUEVES,PRADO,CALLE 42 CARRERA 44,URBANA,TECNICO,"3,5388","-76,3139",Otra.,157.0,NO APLICA,"37,0",MASCULINO,NO APLICA
2024.0,10168.0,NO APLICA,2024-03-14,,TARDE,JUEVES,PRADO,CALLE 42 CARRERA 44,URBANA,TECNICO,"3,5388","-76,3139",Otra.,157.0,MOTOCICLISTA,"29,0",FEMENINO,LESIONADO
2024.0,10169.0,NO APLICA,2024-03-14,,MAÑANA,JUEVES,CENTRO,CARRARA 30 CALLE 30-35,URBANA,TECNICO,"3,5273","-76,3007",Otra.,157.0,NO APLICA,"59,0",MASCULINO,NO APLICA
2024.0,10169.0,NO APLICA,2024-03-14,,MAÑANA,JUEVES,CENTRO,CARRARA 30 CALLE 30-35,URBANA,TECNICO,"3,5273","-76,3007",Otra.,157.0,MOTOCICLISTA,"29,0",MASCULINO,LESIONADO
2024.0,10170.0,NO APLICA,2024-03-15,,TARDE,VIERNES,BARRIO NUEVO,CARRERA 30 CALLE 19,URBANA,TECNICO,"3,518","-76,3024",DESOBEDECER SEÑALES O NORMAS DE TRANSITO,112.0,NO APLICA,"74,0",MASCULINO,NO APLICA
2024.0,10170.0,NO APLICA,2024-03-15,,TARDE,VIERNES,BARRIO NUEVO,CARRERA 30 CALLE 19,URBANA,TECNICO,"3,518","-76,3024",DESOBEDECER SEÑALES O NORMAS DE TRANSITO,112.0,MOTOCICLISTA,"28,0",FEMENINO,LESIONADO
2024.0,10171.0,NO APLICA,2024-03-15,,TARDE,VIERNES,CENTRO,CALLE 28 CARRERA 30,URBANA,TECNICO,"3,5256","-76,301",Otra.,157.0,NO APLICA,"31,0",MASCULINO,NO APLICA
2024.0,10172.0,NO APLICA,2024-03-15,,NOCHE,VIERNES,SESQUI,CALLE 10 DIAGONAL 28,URBANA,TECNICO,"3,5088","-76,3007",NO RESPETAR PRELACIÓN DE INTERSECCIÓN O GIROS,123.0,NO APLICA,"65,0",MASCULINO,NO APLICA
2024.0,10173.0,NO APLICA,2024-03-15,,NOCHE,VIERNES,CENTRO,CALLE 32 CARRERA 32,URBANA,TECNICO,"3,5294","-76,3023",SEMAFORO EN ROJO,142.0,MOTOCICLISTA,"30,0",MASCULINO,LESIONADO
2024.0,10173.0,NO APLICA,2024-03-15,,NOCHE,VIERNES,CENTRO,CALLE 32 CARRERA 32,URBANA,TECNICO,"3,5294","-76,3023",SEMAFORO EN ROJO,142.0,NO APLICA,"21,0",MASCULINO,NO APLICA
2024.0,10173-1,NO APLICA,2024-03-23,,NOCHE,SÁBADO,ALTAMIRA,CARRERA 19 CALLE 48-69,URBANA,TECNICO,"3,5452","-76,2908",Otra.,157.0,NO APLICA,,NO APLICA,NO APLICA
2024.0,10174.0,NO APLICA,2024-03-17,,TARDE,DOMINGO,INDUSTRIAL,CALLE 42 CARRERA 35,URBANA,TECNICO,"3,5387","-76,3066",GIRAR BRUSCAMENTE,122.0,NO APLICA,"28,0",MASCULINO,NO APLICA
2024.0,10174.0,NO APLICA,2024-03-17,,TARDE,DOMINGO,INDUSTRIAL,CALLE 42 CARRERA 35,URBANA,TECNICO,"3,5387","-76,3066",GIRAR BRUSCAMENTE,122.0,MOTOCICLISTA,"18,0",MASCULINO,LESIONADO
2024.0,10175.0,NO APLICA,2024-03-17,,MADRUGADA,DOMINGO,CENTRO,CALLE 29 CARRERA 32,URBANA,TECNICO,"3,5266","-76,3026",DESOBEDECER SEÑALES O NORMAS DE TRANSITO,112.0,NO APLICA,"30,0",MASCULINO,NO APLICA
2024.0,10175.0,NO APLICA,2024-03-17,,MADRUGADA,DOMINGO,CENTRO,CALLE 29 CARRERA 32,URBANA,TECNICO,"3,5266","-76,3026",DESOBEDECER SEÑALES O NORMAS DE TRANSITO,112.0,NO APLICA,"18,0",MASCULINO,NO APLICA
2024.0,10176.0,NO APLICA,2024-03-19,,TARDE,MARTES,LAS AMERICAS,CARRERA 24 A CALLE 13,URBANA,TECNICO,"3,5126","-76,2959",DESOBEDECER SEÑALES O NORMAS DE TRANSITO,112.0,NO APLICA,"69,0",MASCULINO,NO APLICA
2024.0,10176.0,NO APLICA,2024-03-19,,TARDE,MARTES,LAS AMERICAS,CARRERA 24 A CALLE 13,URBANA,TECNICO,"3,5126","-76,2959",DESOBEDECER SEÑALES O NORMAS DE TRANSITO,112.0,MOTOCICLISTA,"34,0",MASCULINO,LESIONADO
2024.0,10177.0,NO APLICA,2024-03-19,,TARDE,MARTES,BARRIO NUEVO,CARRERA 32 CALLE 27,URBANA,TECNICO,"3,5249","-76,3029",DESOBEDECER SEÑALES O NORMAS DE TRANSITO,112.0,NO APLICA,"48,0",MASCULINO,NO APLICA
2024.0,10177.0,NO APLICA,2024-03-19,,TARDE,MARTES,BARRIO NUEVO,CARRERA 32 CALLE 27,URBANA,TECNICO,"3,5249","-76,3029",DESOBEDECER SEÑALES O NORMAS DE TRANSITO,112.0,MOTOCICLISTA,"28,0",MASCULINO,LESIONADO
2024.0,10178.0,NO APLICA,2024-03-20,,MAÑANA,MIÉRCOLES,EMILIA,CALLE 36 CARRERA 37,URBANA,TECNICO,"3,5338","-76,3074",DESOBEDECER SEÑALES O NORMAS DE TRANSITO,112.0,NO APLICA,"63,0",MASCULINO,NO APLICA
2024.0,10178.0,NO APLICA,2024-03-20,,MAÑANA,MIÉRCOLES,EMILIA,CALLE 36 CARRERA 37,URBANA,TECNICO,"3,5338","-76,3074",DESOBEDECER SEÑALES O NORMAS DE TRANSITO,112.0,MOTOCICLISTA,"28,0",MASCULINO,LESIONADO
2024.0,10179.0,NO APLICA,2024-03-20,,MAÑANA,MIÉRCOLES,COLOMBINA,CALLE 28 CARRERA 18,URBANA,TECNICO,"3,5243","-76,2907",NO RESPETAR PRELACIÓN,132.0,MOTOCICLISTA,"35,0",MASCULINO,LESIONADO
2024.0,10179.0,NO APLICA,2024-03-20,,MAÑANA,MIÉRCOLES,COLOMBINA,CALLE 28 CARRERA 18,URBANA,TECNICO,"3,5243","-76,2907",NO RESPETAR PRELACIÓN,132.0,NO APLICA,"43,0",MASCULINO,NO APLICA
2024.0,10180.0,NO APLICA,2024-03-20,,TARDE,MIÉRCOLES,INDUSTRIAL,CALLE 42 CARRERA 35,URBANA,TECNICO,"3,539","-76,3065",Arrancar sin precaución.,145.0,NO APLICA,"46,0",MASCULINO,NO APLICA
2024.0,10180.0,NO APLICA,2024-03-20,,TARDE,MIÉRCOLES,INDUSTRIAL,CALLE 42 CARRERA 35,URBANA,TECNICO,"3,539","-76,3065",Arrancar sin precaución.,145.0,NO APLICA,"68,0",MASCULINO,NO APLICA
2024.0,10181.0,NO APLICA,2024-03-20,,TARDE,MIÉRCOLES,DELICIAS,CARRERA 24 CALLE 27,URBANA,TECNICO,"3,524","-76,2958",DESOBEDECER SEÑALES O NORMAS DE TRANSITO,112.0,MOTOCICLISTA,"27,0",FEMENINO,LESIONADO
2024.0,10181.0,NO APLICA,2024-03-20,,TARDE,MIÉRCOLES,DELICIAS,CARRERA 24 CALLE 27,URBANA,TECNICO,"3,524","-76,2958",DESOBEDECER SEÑALES O NORMAS DE TRANSITO,112.0,MOTOCICLISTA,"28,0",MASCULINO,LESIONADO
2024.0,10182.0,NO APLICA,2024-03-21,,TARDE,JUEVES,INDUSTRIAL,CALLE 42 CARRERA 35,URBANA,TECNICO,"3,5388","-76,3071",IMPERICIA EN EL MANEJO,139.0,MOTOCICLISTA,"49,0",MASCULINO,LESIONADO
2024.0,10182.0,NO APLICA,2024-03-21,,TARDE,JUEVES,INDUSTRIAL,CALLE 42 CARRERA 35,URBANA,TECNICO,"3,5388","-76,3071",IMPERICIA EN EL MANEJO,139.0,NO APLICA,"36,0",MASCULINO,NO APLICA
2024.0,10183.0,NO APLICA,2024-03-23,,MAÑANA,SÁBADO,LAS MERCEDES,CALLE 58 CARRERA 26,URBANA,TECNICO,"3,5487","-76,2907",TRANSITAR EN CONTRAVIA,127.0,MOTOCICLISTA,"23,0",MASCULINO,LESIONADO
2024.0,10183.0,NO APLICA,2024-03-23,,MAÑANA,SÁBADO,LAS MERCEDES,CALLE 58 CARRERA 26,URBANA,TECNICO,"3,5487","-76,2907",TRANSITAR EN CONTRAVIA,127.0,MOTOCICLISTA,"62,0",MASCULINO,LESIONADO
2024.0,10184.0,NO APLICA,2024-03-23,,TARDE,SÁBADO,MONTECLARO,CARRERA 28 CALLE 74,URBANA,TECNICO,"3,559","-76,291",CRUZAR SIN OBSERVAR,409.0,NO APLICA,"21,0",MASCULINO,NO APLICA
2024.0,10184.0,NO APLICA,2024-03-23,,TARDE,SÁBADO,MONTECLARO,CARRERA 28 CALLE 74,URBANA,TECNICO,"3,559","-76,291",CRUZAR SIN OBSERVAR,409.0,NO APLICA,"47,0",MASCULINO,NO APLICA
2024.0,10186.0,NO APLICA,2024-03-24,,MAÑANA,DOMINGO,RECREO,CALLE 19 CARRERA 28,URBANA,TECNICO,"3,5178","-76,3003",DESOBEDECER SEÑALES O NORMAS DE TRANSITO,112.0,CONDUCTOR,"37,0",MASCULINO,LESIONADO
2024.0,10186.0,NO APLICA,2024-03-24,,MAÑANA,DOMINGO,RECREO,CALLE 19 CARRERA 28,URBANA,TECNICO,"3,5178","-76,3003",DESOBEDECER SEÑALES O NORMAS DE TRANSITO,112.0,MOTOCICLISTA,"35,0",MASCULINO,LESIONADO
2024.0,10187.0,NO APLICA,2024-03-24,,MAÑANA,DOMINGO,BARRIO NUEVO,CARRERA 30 CALLE 19-48,URBANA,TECNICO,"3,5183","-76,3023",Otra.,157.0,NO APLICA,,NO APLICA,NO APLICA
2024.0,10188.0,NO APLICA,2024-03-25,,TARDE,LUNES,VIA PALMIRA -TABLONES,KM 12,RURAL,POLICIA,"3,5945","-76,2023",Otra.,157.0,NO APLICA,"63,0",MASCULINO,NO APLICA
2024.0,10188.0,NO APLICA,2024-03-25,,TARDE,LUNES,VIA PALMIRA -TABLONES,KM 12,RURAL,POLICIA,"3,5945","-76,2023",Otra.,157.0,MOTOCICLISTA,"21,0",MASCULINO,LESIONADO
2024.0,10189.0,NO APLICA,2024-03-27,,TARDE,MIÉRCOLES,ZAMORANO,CALLE 67 CARRERA 30A,URBANA,TECNICO,"3,5556","-76,2963",DESOBEDECER SEÑALES O NORMAS DE TRANSITO,112.0,MOTOCICLISTA,"42,0",MASCULINO,LESIONADO
2024.0,10189.0,NO APLICA,2024-03-27,,TARDE,MIÉRCOLES,ZAMORANO,CALLE 67 CARRERA 30A,URBANA,TECNICO,"3,5556","-76,2963",DESOBEDECER SEÑALES O NORMAS DE TRANSITO,112.0,NO APLICA,"43,0",MASCULINO,NO APLICA
2024.0,10190.0,NO APLICA,2024-03-27,,MAÑANA,MIÉRCOLES,COLOMBINA,CALLE 31 CARRERA 19,URBANA,TECNICO,"3,527","-76,2912",Otra.,157.0,NO APLICA,,NO APLICA,NO APLICA
2024.0,10191.0,NO APLICA,2024-03-28,,TARDE,JUEVES,COLOMBINA,CALLE 30 CARRERA 18,URBANA,TECNICO,"3,5278","-76,2911",SEMAFORO EN ROJO,142.0,NO APLICA,"55,0",MASCULINO,NO APLICA
2024.0,10191.0,NO APLICA,2024-03-28,,TARDE,JUEVES,COLOMBINA,CALLE 30 CARRERA 18,URBANA,TECNICO,"3,5278","-76,2911",SEMAFORO EN ROJO,142.0,MOTOCICLISTA,"27,0",MASCULINO,LESIONADO
2024.0,10192.0,NO APLICA,2024-03-28,,TARDE,JUEVES,VIA PALMIRA -TABLONES,KM 12,RURAL,POLICIA,"3,5945","-76,2023",Otra.,157.0,MOTOCICLISTA,"28,0",MASCULINO,LESIONADO
2024.0,10192.0,NO APLICA,2024-03-28,,TARDE,JUEVES,VIA PALMIRA -TABLONES,KM 12,RURAL,POLICIA,"3,5945","-76,2023",Otra.,157.0,NO APLICA,"28,0",MASCULINO,NO APLICA
2024.0,10193.0,NO APLICA,2024-03-28,,NOCHE,JUEVES,PRADO,CALLE 36 CARRERA 41,URBANA,TECNICO,"3,5332","-76,3114",DESOBEDECER SEÑALES O NORMAS DE TRANSITO,112.0,MOTOCICLISTA,"22,0",MASCULINO,LESIONADO
2024.0,10193.0,NO APLICA,2024-03-28,,NOCHE,JUEVES,PRADO,CALLE 36 CARRERA 41,URBANA,TECNICO,"3,5332","-76,3114",DESOBEDECER SEÑALES O NORMAS DE TRANSITO,112.0,NO APLICA,"38,0",FEMENINO,NO APLICA
2024.0,10193-1,NO APLICA,2024-03-31,,NOCHE,DOMINGO,PORTALES DE NIZA,CALLE 22 CARRERA 29,URBANA,TECNICO,"3,5204","-76,3008",DESOBEDECER SEÑALES O NORMAS DE TRANSITO,112.0,NO APLICA,,NO APLICA,NO APLICA
2024.0,10195.0,NO APLICA,2024-04-01,,MAÑANA,LUNES,CENTRO,CALLE 27 CARRERA 33,URBANA,TECNICO,"3,525","-76,3036",DESOBEDECER SEÑALES O NORMAS DE TRANSITO,112.0,NO APLICA,"44,0",MASCULINO,NO APLICA
2024.0,10195.0,NO APLICA,2024-04-01,,MAÑANA,LUNES,CENTRO,CALLE 27 CARRERA 33,URBANA,TECNICO,"3,525","-76,3036",DESOBEDECER SEÑALES O NORMAS DE TRANSITO,112.0,NO APLICA,"38,0",MASCULINO,NO APLICA
2024.0,10196.0,NO APLICA,2024-04-01,,MAÑANA,LUNES,RECREO,CALLE 20 CARRERA 27,URBANA,TECNICO,"3,5185","-76,2993",DESOBEDECER SEÑALES O NORMAS DE TRANSITO,112.0,NO APLICA,"26,0",MASCULINO,NO APLICA
2024.0,10196.0,NO APLICA,2024-04-01,,MAÑANA,LUNES,RECREO,CALLE 20 CARRERA 27,URBANA,TECNICO,"3,5185","-76,2993",DESOBEDECER SEÑALES O NORMAS DE TRANSITO,112.0,MOTOCICLISTA,"50,0",MASCULINO,LESIONADO
2024.0,10197.0,NO APLICA,2024-04-02,,NOCHE,MARTES,SANTA TERESITA,CALLE 46 CARRERA 42E-06,URBANA,TECNICO,"3,5414","-76,3128",Otra.,157.0,NO APLICA,,NO APLICA,NO APLICA
2024.0,10198.0,NO APLICA,2024-04-03,,TARDE,MIÉRCOLES,RECREO,CALLE 22 CARRERA 26,URBANA,TECNICO,"3,52","-76,2983",DESOBEDECER SEÑALES O NORMAS DE TRANSITO,112.0,NO APLICA,"46,0",MASCULINO,NO APLICA
2024.0,10198.0,NO APLICA,2024-04-03,,TARDE,MIÉRCOLES,RECREO,CALLE 22 CARRERA 26,URBANA,TECNICO,"3,52","-76,2983",DESOBEDECER SEÑALES O NORMAS DE TRANSITO,112.0,CONDUCTOR,"30,0",MASCULINO,LESIONADO
2024.0,10199.0,NO APLICA,2024-04-05,,TARDE,VIERNES,EMILIA,CALLE 37 CARRERA 36,URBANA,TECNICO,"3,5347","-76,3067",DESOBEDECER SEÑALES O NORMAS DE TRANSITO,112.0,NO APLICA,"29,0",MASCULINO,NO APLICA
2024.0,10199.0,NO APLICA,2024-04-05,,TARDE,VIERNES,EMILIA,CALLE 37 CARRERA 36,URBANA,TECNICO,"3,5347","-76,3067",DESOBEDECER SEÑALES O NORMAS DE TRANSITO,112.0,MOTOCICLISTA,"66,0",MASCULINO,LESIONADO
2024.0,10200.0,NO APLICA,2024-04-20,,MAÑANA,SÁBADO,RECREO,CALLE 23 CARRERA 25,URBANA,TECNICO,"3,5207","-76,2973",DESOBEDECER SEÑALES O NORMAS DE TRANSITO,112.0,MOTOCICLISTA,"20,0",MASCULINO,LESIONADO
2024.0,10200.0,NO APLICA,2024-04-20,,MAÑANA,SÁBADO,RECREO,CALLE 23 CARRERA 25,URBANA,TECNICO,"3,5207","-76,2973",DESOBEDECER SEÑALES O NORMAS DE TRANSITO,112.0,NO APLICA,"35,0",MASCULINO,NO APLICA
2024.0,10201.0,NO APLICA,2024-04-04,,MADRUGADA,JUEVES,CENTRO POBLADO ROZO,CARRERA 4 N 9-96,RURAL,TECNICO,"3,6107","-76,3833",Otra.,157.0,NO APLICA,,NO APLICA,NO APLICA
2024.0,10202.0,NO APLICA,2024-04-05,,MAÑANA,VIERNES,COLOMBIA,CALLE 36 CARRERA 32,URBANA,TECNICO,"3,5333","-76,3017",SEMAFORO EN ROJO,142.0,MOTOCICLISTA,"20,0",MASCULINO,LESIONADO
2024.0,10203.0,NO APLICA,2024-04-21,,MAÑANA,DOMINGO,CENTRO POBLADO ROZO,CALLE 10 N 11-55,RURAL,TECNICO,"3,6147","-76,3875",NO MANTENER DISTANCIA SEGURIDAD,121.0,NO APLICA,"37,0",MASCULINO,NO APLICA
2024.0,10203.0,NO APLICA,2024-04-21,,MAÑANA,DOMINGO,CENTRO POBLADO ROZO,CALLE 10 N 11-55,RURAL,TECNICO,"3,6147","-76,3875",NO MANTENER DISTANCIA SEGURIDAD,121.0,CICLISTA,"25,0",MASCULINO,LESIONADO
2024.0,10204.0,NO APLICA,2024-04-05,,NOCHE,VIERNES,PRADO DE ORIENTE,CALLE 33B CARRERA 5AE-77,URBANA,TECNICO,"3,5293","-76,2748",IMPERICIA EN EL MANEJO,139.0,NO APLICA,,NO APLICA,NO APLICA
2024.0,10205.0,NO APLICA,2024-04-05,,MAÑANA,VIERNES,VERSALLES,CARRERA 28 CALLE 41-47,URBANA,TECNICO,"3,5375","-76,2973",Otra.,157.0,MOTOCICLISTA,"31,0",MASCULINO,LESIONADO
2024.0,10205.0,NO APLICA,2024-04-05,,MAÑANA,VIERNES,VERSALLES,CARRERA 28 CALLE 41-47,URBANA,TECNICO,"3,5375","-76,2973",Otra.,157.0,NO APLICA,"19,0",MASCULINO,NO APLICA
2024.0,10206.0,NO APLICA,2024-04-07,,MAÑANA,DOMINGO,LOS PINOS,CALLE 40 CARRERA 22-49,URBANA,TECNICO,"3,5357","-76,2928",IMPERICIA EN EL MANEJO,139.0,NO APLICA,"31,0",MASCULINO,NO APLICA
2024.0,10207.0,NO APLICA,2024-04-07,,MAÑANA,DOMINGO,PORTAL DEL SEMBRADOR,CARRERA 24 CALLE 22,URBANA,TECNICO,"3,5197","-76,2959",DESOBEDECER SEÑALES O NORMAS DE TRANSITO,112.0,MOTOCICLISTA,"40,0",FEMENINO,LESIONADO
2024.0,10207.0,NO APLICA,2024-04-07,,MAÑANA,DOMINGO,PORTAL DEL SEMBRADOR,CARRERA 24 CALLE 22,URBANA,TECNICO,"3,5197","-76,2959",DESOBEDECER SEÑALES O NORMAS DE TRANSITO,112.0,MOTOCICLISTA,"32,0",FEMENINO,LESIONADO
2024.0,10208.0,NO APLICA,2024-04-06,,NOCHE,SÁBADO,LA ITALIA,CARRERA 24 CALLE 5,URBANA,TECNICO,"3,5027","-76,2962",Otra.,157.0,MOTOCICLISTA,"16,0",MASCULINO,LESIONADO
2024.0,10208.0,NO APLICA,2024-04-06,,NOCHE,SÁBADO,LA ITALIA,CARRERA 24 CALLE 5,URBANA,TECNICO,"3,5027","-76,2962",Otra.,157.0,MOTOCICLISTA,"56,0",MASCULINO,LESIONADO
2024.0,10209.0,NO APLICA,2024-04-06,,NOCHE,SÁBADO,CHAPINERO SUR,CARRERA 32 DIAGONAL 4,URBANA,TECNICO,"3,5056","-76,3145",Otra.,157.0,NO APLICA,"33,0",MASCULINO,NO APLICA
2024.0,10209.0,NO APLICA,2024-04-06,,NOCHE,SÁBADO,CHAPINERO SUR,CARRERA 32 DIAGONAL 4,URBANA,TECNICO,"3,5056","-76,3145",Otra.,157.0,NO APLICA,"36,0",MASCULINO,NO APLICA
2024.0,10209.0,NO APLICA,2024-04-06,,NOCHE,SÁBADO,CHAPINERO SUR,CARRERA 32 DIAGONAL 4,URBANA,TECNICO,"3,5056","-76,3145",Otra.,157.0,NO APLICA,"18,0",MASCULINO,NO APLICA
2024.0,10210.0,NO APLICA,2024-04-09,,MADRUGADA,MARTES,SANTA RITA,CALLE 36 CARRERA 30,URBANA,TECNICO,"3,533","-76,2996",DESOBEDECER SEÑALES O NORMAS DE TRANSITO,112.0,MOTOCICLISTA,"34,0",MASCULINO,LESIONADO
2024.0,10210.0,NO APLICA,2024-04-09,,MADRUGADA,MARTES,SANTA RITA,CALLE 36 CARRERA 30,URBANA,TECNICO,"3,533","-76,2996",DESOBEDECER SEÑALES O NORMAS DE TRANSITO,112.0,NO APLICA,"36,0",MASCULINO,NO APLICA
2024.0,10211.0,NO APLICA,2024-04-09,,MAÑANA,MARTES,ZAMORANO,CARRERA 28 CALLE 66,URBANA,TECNICO,"3,5533","-76,2929",NO MANTENER DISTANCIA SEGURIDAD,121.0,NO APLICA,"49,0",MASCULINO,NO APLICA
2024.0,10211.0,NO APLICA,2024-04-09,,MAÑANA,MARTES,ZAMORANO,CARRERA 28 CALLE 66,URBANA,TECNICO,"3,5533","-76,2929",NO MANTENER DISTANCIA SEGURIDAD,121.0,MOTOCICLISTA,"38,0",MASCULINO,LESIONADO
2024.0,10212.0,NO APLICA,2024-04-09,,TARDE,MARTES,TRINIDAD,CALLE 32 CARRERA 23,URBANA,TECNICO,"3,5283","-76,2945",DESOBEDECER SEÑALES O NORMAS DE TRANSITO,112.0,NO APLICA,"41,0",FEMENINO,NO APLICA
2024.0,10212.0,NO APLICA,2024-04-09,,TARDE,MARTES,TRINIDAD,CALLE 32 CARRERA 23,URBANA,TECNICO,"3,5283","-76,2945",DESOBEDECER SEÑALES O NORMAS DE TRANSITO,112.0,MOTOCICLISTA,"58,0",MASCULINO,LESIONADO
2024.0,10213.0,NO APLICA,2024-04-09,,NOCHE,MARTES,PRADO,CARRERA 41 CALLE 36A,URBANA,TECNICO,"3,5337","-76,3114",Otra.,157.0,MOTOCICLISTA,"16,0",MASCULINO,LESIONADO
2024.0,10213.0,NO APLICA,2024-04-09,,NOCHE,MARTES,PRADO,CARRERA 41 CALLE 36A,URBANA,TECNICO,"3,5337","-76,3114",Otra.,157.0,MOTOCICLISTA,"29,0",MASCULINO,LESIONADO
2024.0,10214.0,NO APLICA,2024-04-10,,MAÑANA,MIÉRCOLES,CORONADO,CARRERA 38 CALLE 57,URBANA,TECNICO,"3,5474","-76,31",Otra.,157.0,MOTOCICLISTA,"25,0",MASCULINO,LESIONADO
2024.0,10214.0,NO APLICA,2024-04-10,,MAÑANA,MIÉRCOLES,CORONADO,CARRERA 38 CALLE 57,URBANA,TECNICO,"3,5474","-76,31",Otra.,157.0,MOTOCICLISTA,"72,0",MASCULINO,LESIONADO
2024.0,10215.0,NO APLICA,2024-04-16,,NOCHE,MARTES,PORTALES DE NIZA,CARRERA 30 CALLE 20,URBANA,TECNICO,"3,5188","-76,3022",DESOBEDECER SEÑALES O NORMAS DE TRANSITO,112.0,MOTOCICLISTA,"52,0",FEMENINO,LESIONADO
2024.0,10215.0,NO APLICA,2024-04-16,,NOCHE,MARTES,PORTALES DE NIZA,CARRERA 30 CALLE 20,URBANA,TECNICO,"3,5188","-76,3022",DESOBEDECER SEÑALES O NORMAS DE TRANSITO,112.0,MOTOCICLISTA,"17,0",MASCULINO,LESIONADO
2024.0,10216.0,NO APLICA,2024-04-16,,MAÑANA,MARTES,ZAMORANO,CALLE 60 CARRERA 34,URBANA,TECNICO,"3,5509","-76,3025",DESOBEDECER SEÑALES O NORMAS DE TRANSITO,112.0,MOTOCICLISTA,"30,0",MASCULINO,LESIONADO
2024.0,10216.0,NO APLICA,2024-04-16,,MAÑANA,MARTES,ZAMORANO,CALLE 60 CARRERA 34,URBANA,TECNICO,"3,5509","-76,3025",DESOBEDECER SEÑALES O NORMAS DE TRANSITO,112.0,MOTOCICLISTA,"77,0",MASCULINO,LESIONADO
2024.0,10217.0,NO APLICA,2024-04-11,,TARDE,JUEVES,SAN PEDRO,CALLE 36 CARRERA 19,URBANA,TECNICO,"3,5318","-76,2905",SEMAFORO EN ROJO,142.0,MOTOCICLISTA,"30,0",MASCULINO,LESIONADO