a_o,ipat,clase_siniestro,fecha,hora,jornada,dia_semana,barrios_corregimiento_via,direccion,zona,autoridad,lat,long,hipotesis,codigo,condicion_de_la_victima,edad,genero,lesionados_y_muertos
2024.0,10217.0,NO APLICA,2024-04-11,,TARDE,JUEVES,SAN PEDRO,CALLE 36 CARRERA 19,URBANA,TECNICO,"3,5318","-76,2905",SEMAFORO EN ROJO,142.0,MOTOCICLISTA,"59,0",MASCULINO,LESIONADO
2024.0,10218.0,NO APLICA,2024-04-14,,TARDE,DOMINGO,TRINIDAD,CALLE 29 CARRERA 23,URBANA,TECNICO,"3,5255","-76,2949",DESOBEDECER SEÑALES O NORMAS DE TRANSITO,112.0,NO APLICA,"33,0",MASCULINO,NO APLICA
2024.0,10218.0,NO APLICA,2024-04-14,,TARDE,DOMINGO,TRINIDAD,CALLE 29 CARRERA 23,URBANA,TECNICO,"3,5255","-76,2949",DESOBEDECER SEÑALES O NORMAS DE TRANSITO,112.0,NO APLICA,"52,0",MASCULINO,NO APLICA
2024.0,10219.0,NO APLICA,2024-04-15,,MADRUGADA,LUNES,SAMANES,CARRERA 28 CALLE 47-23,URBANA,TECNICO,"3,5427","-76,2965",NO MANTENER DISTANCIA SEGURIDAD,121.0,MOTOCICLISTA,"27,0",MASCULINO,LESIONADO
2024.0,10219.0,NO APLICA,2024-04-15,,MADRUGADA,LUNES,SAMANES,CARRERA 28 CALLE 47-23,URBANA,TECNICO,"3,5427","-76,2965",NO MANTENER DISTANCIA SEGURIDAD,121.0,NO APLICA,"40,0",MASCULINO,NO APLICA
2024.0,10220.0,NO APLICA,2024-04-14,,NOCHE,DOMINGO,CENTRO POBLADO BARRANCAS,CASETA COMUNAL K  137,RURAL,POLICIA,"3,5419","-76,241",Otra.,157.0,MOTOCICLISTA,"24,0",MASCULINO,MUERTO
2024.0,10221.0,NO APLICA,2024-04-16,,MAÑANA,MARTES,VERSALLES,CARRERA 28 CALLE 41,URBANA,TECNICO,"3,5372","-76,2974",NO MANTENER DISTANCIA SEGURIDAD,121.0,NO APLICA,"37,0",MASCULINO,NO APLICA
2024.0,10221.0,NO APLICA,2024-04-16,,MAÑANA,MARTES,VERSALLES,CARRERA 28 CALLE 41,URBANA,TECNICO,"3,5372","-76,2974",NO MANTENER DISTANCIA SEGURIDAD,121.0,NO APLICA,"20,0",MASCULINO,NO APLICA
2024.0,10222.0,NO APLICA,2024-04-17,,TARDE,MIÉRCOLES,TRINIDAD,CARRERA 24 CALLE 29-13,URBANA,TECNICO,"3,5259","-76,2956",Otra.,157.0,NO APLICA,"37,0",MASCULINO,NO APLICA
2024.0,10222.0,NO APLICA,2024-04-17,,TARDE,MIÉRCOLES,TRINIDAD,CARRERA 24 CALLE 29-13,URBANA,TECNICO,"3,5259","-76,2956",Otra.,157.0,NO APLICA,"46,0",MASCULINO,NO APLICA
2024.0,10223.0,NO APLICA,2024-04-18,,TARDE,JUEVES,RECREO,CALLE 20 CARRERA 26,URBANA,TECNICO,"3,5185","-76,2986",Otra.,157.0,NO APLICA,"47,0",MASCULINO,NO APLICA
2024.0,10223.0,NO APLICA,2024-04-18,,TARDE,JUEVES,RECREO,CALLE 20 CARRERA 26,URBANA,TECNICO,"3,5185","-76,2986",Otra.,157.0,CICLISTA,"33,0",MASCULINO,LESIONADO
2024.0,10224.0,NO APLICA,2024-04-18,,NOCHE,JUEVES,SAN PEDRO,CALLE 36 CARRERA 14,URBANA,TECNICO,"3,5323","-76,2864",TRANSITAR EN CONTRAVIA,127.0,MOTOCICLISTA,"22,0",MASCULINO,LESIONADO
2024.0,10224.0,NO APLICA,2024-04-18,,NOCHE,JUEVES,SAN PEDRO,CALLE 36 CARRERA 14,URBANA,TECNICO,"3,5323","-76,2864",TRANSITAR EN CONTRAVIA,127.0,MOTOCICLISTA,"14,0",FEMENINO,LESIONADO
2024.0,10225.0,NO APLICA,2024-04-19,,MAÑANA,VIERNES,LA ITALIA,TRASNVERSAL 31F DIAGONAL 4D,URBANA,TECNICO,"3,5018","-76,3107",TRANSITAR EN CONTRAVIA,127.0,MOTOCICLISTA,"36,0",MASCULINO,LESIONADO
2024.0,10225.0,NO APLICA,2024-04-19,,MAÑANA,VIERNES,LA ITALIA,TRASNVERSAL 31F DIAGONAL 4D,URBANA,TECNICO,"3,5018","-76,3107",TRANSITAR EN CONTRAVIA,127.0,MOTOCICLISTA,"36,0",MASCULINO,LESIONADO
2024.0,10226.0,NO APLICA,2024-04-21,,NOCHE,DOMINGO,ALFONSO LOPEZ,CARRERA 30 CALLE 41,URBANA,TECNICO,"3,5374","-76,2989",DESOBEDECER SEÑALES O NORMAS DE TRANSITO,112.0,NO APLICA,"38,0",MASCULINO,NO APLICA
2024.0,10226.0,NO APLICA,2024-04-21,,NOCHE,DOMINGO,ALFONSO LOPEZ,CARRERA 30 CALLE 41,URBANA,TECNICO,"3,5374","-76,2989",DESOBEDECER SEÑALES O NORMAS DE TRANSITO,112.0,MOTOCICLISTA,"23,0",MASCULINO,LESIONADO
2024.0,10227.0,NO APLICA,2024-04-22,,NOCHE,LUNES,FRAY LUIS,CALLE 42 CARRERA 43 -44,URBANA,TECNICO,"3,5387","-76,3131",NO MANTENER DISTANCIA SEGURIDAD,121.0,MOTOCICLISTA,"25,0",FEMENINO,LESIONADO
2024.0,10227.0,NO APLICA,2024-04-22,,NOCHE,LUNES,FRAY LUIS,CALLE 42 CARRERA 43 -44,URBANA,TECNICO,"3,5387","-76,3131",NO MANTENER DISTANCIA SEGURIDAD,121.0,NO APLICA,"69,0",MASCULINO,NO APLICA
2024.0,10228.0,NO APLICA,2024-04-22,,TARDE,LUNES,SANTA BARBARA,CALLE 31 CARRERA 44,URBANA,TECNICO,"3,5299","-76,3151",Otra.,157.0,NO APLICA,"24,0",FEMENINO,NO APLICA
2024.0,10228.0,NO APLICA,2024-04-22,,TARDE,LUNES,SANTA BARBARA,CALLE 31 CARRERA 44,URBANA,TECNICO,"3,5299","-76,3151",Otra.,157.0,NO APLICA,"53,0",MASCULINO,NO APLICA
2024.0,10229.0,NO APLICA,2024-04-23,,TARDE,MARTES,LA ITALIA,CARRERA 30 CALLE 5,URBANA,TECNICO,"3,5033","-76,3055",ADELANTAR EN ZONA PROHIBIDA,105.0,NO APLICA,"85,0",MASCULINO,NO APLICA
2024.0,10229.0,NO APLICA,2024-04-23,,TARDE,MARTES,LA ITALIA,CARRERA 30 CALLE 5,URBANA,TECNICO,"3,5033","-76,3055",ADELANTAR EN ZONA PROHIBIDA,105.0,MOTOCICLISTA,"70,0",MASCULINO,LESIONADO
2024.0,10230.0,NO APLICA,2024-04-09,,NOCHE,MARTES,CENTRO,CALLE 27 CARRERA 28,URBANA,TECNICO,"3,5245","-76,2994",Otra.,157.0,NO APLICA,"55,0",MASCULINO,NO APLICA
2024.0,10231.0,NO APLICA,2024-04-26,,MAÑANA,VIERNES,FRAY LUIS,CALLE 42 CARRERA 49,URBANA,TECNICO,"3,5365","-76,3202",NO RESPETAR PRELACIÓN,132.0,NO APLICA,"43,0",FEMENINO,NO APLICA
2024.0,10231.0,NO APLICA,2024-04-26,,MAÑANA,VIERNES,FRAY LUIS,CALLE 42 CARRERA 49,URBANA,TECNICO,"3,5365","-76,3202",NO RESPETAR PRELACIÓN,132.0,MOTOCICLISTA,"45,0",MASCULINO,LESIONADO
2024.0,10232.0,NO APLICA,2024-04-24,,NOCHE,MIÉRCOLES,COLOMBIA,CARRERA 33A CALLE 34-51,URBANA,TECNICO,"3,5317","-76,3029",Otra.,157.0,NO APLICA,"22,0",MASCULINO,NO APLICA
2024.0,10232.0,NO APLICA,2024-04-24,,NOCHE,MIÉRCOLES,COLOMBIA,CARRERA 33A CALLE 34-51,URBANA,TECNICO,"3,5317","-76,3029",Otra.,157.0,CICLISTA,"47,0",MASCULINO,LESIONADO
2024.0,10233.0,NO APLICA,2024-04-27,,MAÑANA,SÁBADO,CENTRO,CALLE 29 CARRERA 33,URBANA,TECNICO,"3,5267","-76,3034",DESOBEDECER SEÑALES O NORMAS DE TRANSITO,112.0,NO APLICA,"39,0",MASCULINO,NO APLICA
2024.0,10233.0,NO APLICA,2024-04-27,,MAÑANA,SÁBADO,CENTRO,CALLE 29 CARRERA 33,URBANA,TECNICO,"3,5267","-76,3034",DESOBEDECER SEÑALES O NORMAS DE TRANSITO,112.0,MOTOCICLISTA,"59,0",MASCULINO,LESIONADO
2024.0,10234.0,NO APLICA,2024-04-27,,TARDE,SÁBADO,SESQUI,CARRERA 31 CALLE 10A,URBANA,TECNICO,"3,5092","-76,3035",Arrancar sin precaución.,145.0,NO APLICA,"55,0",MASCULINO,NO APLICA
2024.0,10234.0,NO APLICA,2024-04-27,,TARDE,SÁBADO,SESQUI,CARRERA 31 CALLE 10A,URBANA,TECNICO,"3,5092","-76,3035",Arrancar sin precaución.,145.0,MOTOCICLISTA,"32,0",FEMENINO,LESIONADO
2024.0,10235.0,NO APLICA,2024-04-28,,MADRUGADA,DOMINGO,COLOMBINA,CALLE 29 CARRERA 20,URBANA,TECNICO,"3,5251","-76,2923",DESOBEDECER SEÑALES O NORMAS DE TRANSITO,112.0,MOTOCICLISTA,"25,0",MASCULINO,LESIONADO
2024.0,10235.0,NO APLICA,2024-04-28,,MADRUGADA,DOMINGO,COLOMBINA,CALLE 29 CARRERA 20,URBANA,TECNICO,"3,5251","-76,2923",DESOBEDECER SEÑALES O NORMAS DE TRANSITO,112.0,MOTOCICLISTA,"22,0",MASCULINO,LESIONADO
2024.0,10236.0,NO APLICA,2024-04-28,,MAÑANA,DOMINGO,LAS FLORES,CALLE 23 CARRERA 2-24,URBANA,TECNICO,"3,5197","-76,2788",Otra.,157.0,NO APLICA,"58,0",MASCULINO,NO APLICA
2024.0,10236.0,NO APLICA,2024-04-28,,MAÑANA,DOMINGO,LAS FLORES,CALLE 23 CARRERA 2-24,URBANA,TECNICO,"3,5197","-76,2788",Otra.,157.0,NO APLICA,"28,0",FEMENINO,NO APLICA
2024.0,10237.0,NO APLICA,2024-04-28,,TARDE,DOMINGO,COLOMBINA,CALLE 30 CARRERA 18,URBANA,TECNICO,"3,5259","-76,2905",SEMAFORO EN ROJO,142.0,NO APLICA,"35,0",MASCULINO,NO APLICA
2024.0,10237.0,NO APLICA,2024-04-28,,TARDE,DOMINGO,COLOMBINA,CALLE 30 CARRERA 18,URBANA,TECNICO,"3,5259","-76,2905",SEMAFORO EN ROJO,142.0,MOTOCICLISTA,"38,0",MASCULINO,LESIONADO
2024.0,10238.0,NO APLICA,2024-04-28,,NOCHE,DOMINGO,MUNICIPAL,CARRERA 1 CALLE 32A,URBANA,TECNICO,"3,5273","-76,2776",DESOBEDECER SEÑALES O NORMAS DE TRANSITO,112.0,NO APLICA,"41,0",MASCULINO,NO APLICA
2024.0,10238.0,NO APLICA,2024-04-28,,NOCHE,DOMINGO,MUNICIPAL,CARRERA 1 CALLE 32A,URBANA,TECNICO,"3,5273","-76,2776",DESOBEDECER SEÑALES O NORMAS DE TRANSITO,112.0,MOTOCICLISTA,"20,0",MASCULINO,LESIONADO
2024.0,10239.0,NO APLICA,2024-04-22,,NOCHE,LUNES,COLOMBINA,CALLE 29 CARRERA 15-21,URBANA,TECNICO,"3,5246","-76,2884",Otra.,157.0,NO APLICA,,NO APLICA,NO APLICA
2024.0,10239.0,NO APLICA,2024-04-22,,NOCHE,LUNES,COLOMBINA,CALLE 29 CARRERA 15-21,URBANA,TECNICO,"3,5246","-76,2884",Otra.,157.0,MOTOCICLISTA,"26,0",FEMENINO,LESIONADO
2024.0,10240.0,NO APLICA,2024-04-28,,NOCHE,DOMINGO,PRADO,CALLE 36 CARRERA 41,URBANA,TECNICO,"3,5332","-76,3114",DESOBEDECER SEÑALES O NORMAS DE TRANSITO,112.0,MOTOCICLISTA,"20,0",MASCULINO,LESIONADO
2024.0,10240.0,NO APLICA,2024-04-28,,NOCHE,DOMINGO,PRADO,CALLE 36 CARRERA 41,URBANA,TECNICO,"3,5332","-76,3114",DESOBEDECER SEÑALES O NORMAS DE TRANSITO,112.0,NO APLICA,"19,0",MASCULINO,NO APLICA
2024.0,10241.0,NO APLICA,2024-04-29,,TARDE,LUNES,BARRIO NUEVO,CARRERA 33A CALLE 19A-08,URBANA,TECNICO,"3,5188","-76,3053",Recoger o dejar pasajeros sobre la calzada.,128.0,MOTOCICLISTA,"39,0",FEMENINO,LESIONADO
2024.0,10241.0,NO APLICA,2024-04-29,,TARDE,LUNES,BARRIO NUEVO,CARRERA 33A CALLE 19A-08,URBANA,TECNICO,"3,5188","-76,3053",Recoger o dejar pasajeros sobre la calzada.,128.0,NO APLICA,"43,0",MASCULINO,NO APLICA
2024.0,10242.0,NO APLICA,2024-04-30,,MAÑANA,MARTES,SANTA RITA,CALLE 36 CARRRERA 26,URBANA,TECNICO,"3,5325","-76,2963",DESOBEDECER SEÑALES O NORMAS DE TRANSITO,112.0,MOTOCICLISTA,"36,0",MASCULINO,LESIONADO
2024.0,10242.0,NO APLICA,2024-04-30,,MAÑANA,MARTES,SANTA RITA,CALLE 36 CARRRERA 26,URBANA,TECNICO,"3,5325","-76,2963",DESOBEDECER SEÑALES O NORMAS DE TRANSITO,112.0,MOTOCICLISTA,"70,0",MASCULINO,LESIONADO
2024.0,10242.0,NO APLICA,2024-04-30,,MAÑANA,MARTES,SANTA RITA,CALLE 36 CARRRERA 26,URBANA,TECNICO,"3,5325","-76,2963",DESOBEDECER SEÑALES O NORMAS DE TRANSITO,112.0,NO APLICA,"25,0",MASCULINO,NO APLICA
2024.0,10243.0,NO APLICA,2024-05-01,,MAÑANA,MIÉRCOLES,LAS MERCEDES,CARRERA 28 CALLE 54,URBANA,TECNICO,"3,5469","-76,2957",SEMAFORO EN ROJO,142.0,NO APLICA,,NO APLICA,NO APLICA
2024.0,10244.0,NO APLICA,2024-05-02,,MADRUGADA,JUEVES,RECREO,CALLE 20 CARRERA 24A,URBANA,TECNICO,"3,5183","-76,2968",DESOBEDECER SEÑALES O NORMAS DE TRANSITO,112.0,MOTOCICLISTA,"41,0",FEMENINO,LESIONADO
2024.0,10244.0,NO APLICA,2024-05-02,,MADRUGADA,JUEVES,RECREO,CALLE 20 CARRERA 24A,URBANA,TECNICO,"3,5183","-76,2968",DESOBEDECER SEÑALES O NORMAS DE TRANSITO,112.0,NO APLICA,"28,0",MASCULINO,NO APLICA
2024.0,10245.0,NO APLICA,2024-05-03,,NOCHE,VIERNES,LLANO GRANDE,CARRERA 43 CALLE 46,URBANA,TECNICO,"3,5414","-76,3149",SEMAFORO EN ROJO,142.0,CONDUCTOR,"43,0",FEMENINO,LESIONADO
2024.0,10245.0,NO APLICA,2024-05-03,,NOCHE,VIERNES,LLANO GRANDE,CARRERA 43 CALLE 46,URBANA,TECNICO,"3,5414","-76,3149",SEMAFORO EN ROJO,142.0,MOTOCICLISTA,"17,0",MASCULINO,LESIONADO
2024.0,10246.0,NO APLICA,2024-05-04,,TARDE,SÁBADO,ZONA FRANCA DEL PACIFICO,ZONA FRANCA DEL PACIFICO,RURAL,POLICIA,"3,5621","-76,4518",ADELANTAR POR LA DERECHA,102.0,NO APLICA,"44,0",MASCULINO,NO APLICA
2024.0,10246.0,NO APLICA,2024-05-04,,TARDE,SÁBADO,ZONA FRANCA DEL PACIFICO,ZONA FRANCA DEL PACIFICO,RURAL,POLICIA,"3,5621","-76,4518",ADELANTAR POR LA DERECHA,102.0,NO APLICA,"57,0",MASCULINO,NO APLICA
2024.0,10247.0,NO APLICA,2024-05-05,,MAÑANA,DOMINGO,LA ITALIA,DIAGONAL 28 CARRERA 6-61,URBANA,TECNICO,"3,5056","-76,2994",Otra.,157.0,CONDUCTOR,"34,0",MASCULINO,LESIONADO
2024.0,10247.0,NO APLICA,2024-05-05,,MAÑANA,DOMINGO,LA ITALIA,DIAGONAL 28 CARRERA 6-61,URBANA,TECNICO,"3,5056","-76,2994",Otra.,157.0,NO APLICA,"33,0",MASCULINO,NO APLICA
2024.0,10248.0,NO APLICA,2024-05-08,,NOCHE,MIÉRCOLES,LAS MERCEDES,CALLE 57 CARRERA 27,URBANA,TECNICO,"3,5482","-76,2921",GIRAR BRUSCAMENTE,122.0,MOTOCICLISTA,"25,0",MASCULINO,LESIONADO
2024.0,10248.0,NO APLICA,2024-05-08,,NOCHE,MIÉRCOLES,LAS MERCEDES,CALLE 57 CARRERA 27,URBANA,TECNICO,"3,5482","-76,2921",GIRAR BRUSCAMENTE,122.0,NO APLICA,"18,0",FEMENINO,NO APLICA
2024.0,10249.0,NO APLICA,2024-05-06,,TARDE,LUNES,CAMPESTRE,CALLE 42 CARRERA 8-53,URBANA,TECNICO,"3,5368","-76,2815",Otra.,157.0,MOTOCICLISTA,"25,0",FEMENINO,LESIONADO
2024.0,10249.0,NO APLICA,2024-05-06,,TARDE,LUNES,CAMPESTRE,CALLE 42 CARRERA 8-53,URBANA,TECNICO,"3,5368","-76,2815",Otra.,157.0,NO APLICA,"32,0",MASCULINO,NO APLICA
2024.0,10250.0,NO APLICA,2024-05-06,,NOCHE,LUNES,VIA PALMIRA -TABLONES,CRUCERO POTRERILLO,RURAL,POLICIA,"3,5722","-76,2168",GIRAR BRUSCAMENTE,122.0,NO APLICA,"67,0",MASCULINO,NO APLICA
2024.0,10250.0,NO APLICA,2024-05-06,,NOCHE,LUNES,VIA PALMIRA -TABLONES,CRUCERO POTRERILLO,RURAL,POLICIA,"3,5722","-76,2168",GIRAR BRUSCAMENTE,122.0,MOTOCICLISTA,"29,0",MASCULINO,LESIONADO
2024.0,10251.0,NO APLICA,2024-05-07,,MAÑANA,MARTES,OBRERO,CALLE 36 CARRERA 26,URBANA,TECNICO,"3,5325","-76,2963",DESOBEDECER SEÑALES O NORMAS DE TRANSITO,112.0,NO APLICA,"47,0",MASCULINO,NO APLICA
2024.0,10251.0,NO APLICA,2024-05-07,,MAÑANA,MARTES,OBRERO,CALLE 36 CARRERA 26,URBANA,TECNICO,"3,5325","-76,2963",DESOBEDECER SEÑALES O NORMAS DE TRANSITO,112.0,MOTOCICLISTA,"19,0",FEMENINO,LESIONADO
2024.0,10252.0,NO APLICA,2024-05-07,,MAÑANA,MARTES,EL JARDIN,CALLE 32 A CARRERA 1-06,URBANA,TECNICO,"3,5273","-76,2777",ADELANTAR EN ZONA PROHIBIDA,105.0,MOTOCICLISTA,"25,0",FEMENINO,LESIONADO
2024.0,10252.0,NO APLICA,2024-05-07,,MAÑANA,MARTES,EL JARDIN,CALLE 32 A CARRERA 1-06,URBANA,TECNICO,"3,5273","-76,2777",ADELANTAR EN ZONA PROHIBIDA,105.0,MOTOCICLISTA,"37,0",FEMENINO,LESIONADO
2024.0,10253.0,NO APLICA,2024-05-07,,TARDE,MARTES,CENTRO,CALLE 28 CARRERA 33,URBANA,TECNICO,"3,526","-76,3035",DESOBEDECER SEÑALES O NORMAS DE TRANSITO,112.0,NO APLICA,"65,0",MASCULINO,NO APLICA
2024.0,10253.0,NO APLICA,2024-05-07,,TARDE,MARTES,CENTRO,CALLE 28 CARRERA 33,URBANA,TECNICO,"3,526","-76,3035",DESOBEDECER SEÑALES O NORMAS DE TRANSITO,112.0,NO APLICA,"67,0",MASCULINO,NO APLICA
2024.0,10254.0,NO APLICA,2024-05-08,,TARDE,MIÉRCOLES,CENTRO,CALLE 29 CARRERA 24,URBANA,TECNICO,"3,5256","-76,2957",SEMAFORO EN ROJO,142.0,MOTOCICLISTA,"31,0",MASCULINO,LESIONADO
2024.0,10254.0,NO APLICA,2024-05-08,,TARDE,MIÉRCOLES,CENTRO,CALLE 29 CARRERA 24,URBANA,TECNICO,"3,5256","-76,2957",SEMAFORO EN ROJO,142.0,NO APLICA,"62,0",MASCULINO,NO APLICA
2024.0,10255.0,NO APLICA,2024-05-08,,MAÑANA,MIÉRCOLES,BARRIO NUEVO,CARRERA 30 CALLE 26,URBANA,TECNICO,"3,5239","-76,3014",DESOBEDECER SEÑALES O NORMAS DE TRANSITO,112.0,MOTOCICLISTA,"31,0",MASCULINO,LESIONADO
2024.0,10255.0,NO APLICA,2024-05-08,,MAÑANA,MIÉRCOLES,BARRIO NUEVO,CARRERA 30 CALLE 26,URBANA,TECNICO,"3,5239","-76,3014",DESOBEDECER SEÑALES O NORMAS DE TRANSITO,112.0,MOTOCICLISTA,"23,0",MASCULINO,LESIONADO
2024.0,10256.0,NO APLICA,2024-05-08,,NOCHE,MIÉRCOLES,SAN PEDRO,CARRERA 19 CALLE 37,URBANA,TECNICO,"3,5328","-76,2905",SEMAFORO EN ROJO,142.0,NO APLICA,"61,0",MASCULINO,NO APLICA
2024.0,10256.0,NO APLICA,2024-05-08,,NOCHE,MIÉRCOLES,SAN PEDRO,CARRERA 19 CALLE 37,URBANA,TECNICO,"3,5328","-76,2905",SEMAFORO EN ROJO,142.0,MOTOCICLISTA,"31,0",MASCULINO,LESIONADO
2024.0,10257.0,NO APLICA,2024-05-10,,TARDE,VIERNES,CIUDAD DEL CAMPO,CALLE 100 N 16-78,RURAL,POLICIA,"3,4564","-76,4692",IMPERICIA EN EL MANEJO,139.0,MOTOCICLISTA,"15,0",FEMENINO,LESIONADO
2024.0,10258.0,NO APLICA,2024-05-11,,MAÑANA,SÁBADO,BERLIN,CALLLE 44 CARRERA 32,URBANA,TECNICO,"3,5398","-76,3007",DESOBEDECER SEÑALES O NORMAS DE TRANSITO,112.0,NO APLICA,"35,0",MASCULINO,NO APLICA
2024.0,10258.0,NO APLICA,2024-05-11,,MAÑANA,SÁBADO,BERLIN,CALLLE 44 CARRERA 32,URBANA,TECNICO,"3,5398","-76,3007",DESOBEDECER SEÑALES O NORMAS DE TRANSITO,112.0,MOTOCICLISTA,"19,0",FEMENINO,LESIONADO
2024.0,10259.0,NO APLICA,2024-05-11,,TARDE,SÁBADO,EMILIA,CARRERA 38 CALLE 36,URBANA,TECNICO,"3,5336","-76,3082",IMPERICIA EN EL MANEJO,139.0,MOTOCICLISTA,"17,0",MASCULINO,LESIONADO
2024.0,10260.0,NO APLICA,2024-05-12,,MAÑANA,DOMINGO,CHAPINERO SUR,CARRERA 32 CALLE 10,URBANA,TECNICO,"3,5097","-76,3077",NO RESPETAR PRELACIÓN,132.0,MOTOCICLISTA,"30,0",MASCULINO,LESIONADO
2024.0,10260.0,NO APLICA,2024-05-12,,MAÑANA,DOMINGO,CHAPINERO SUR,CARRERA 32 CALLE 10,URBANA,TECNICO,"3,5097","-76,3077",NO RESPETAR PRELACIÓN,132.0,MOTOCICLISTA,"25,0",MASCULINO,LESIONADO
2024.0,10261.0,NO APLICA,2024-05-12,,NOCHE,DOMINGO,TRINIDAD,CALLE 29 CARRERA 23,URBANA,TECNICO,"3,5255","-76,2949",DESOBEDECER SEÑALES O NORMAS DE TRANSITO,112.0,NO APLICA,"42,0",MASCULINO,NO APLICA
2024.0,10261.0,NO APLICA,2024-05-12,,NOCHE,DOMINGO,TRINIDAD,CALLE 29 CARRERA 23,URBANA,TECNICO,"3,5255","-76,2949",DESOBEDECER SEÑALES O NORMAS DE TRANSITO,112.0,MOTOCICLISTA,"71,0",MASCULINO,LESIONADO
2024.0,10262.0,NO APLICA,2024-05-12,,NOCHE,DOMINGO,SANTA RITA,CALLE 33 CARRERA 27,URBANA,TECNICO,"3,5302","-76,2975",SEMAFORO EN ROJO,142.0,NO APLICA,"22,0",MASCULINO,NO APLICA
2024.0,10262.0,NO APLICA,2024-05-12,,NOCHE,DOMINGO,SANTA RITA,CALLE 33 CARRERA 27,URBANA,TECNICO,"3,5302","-76,2975",SEMAFORO EN ROJO,142.0,MOTOCICLISTA,"25,0",FEMENINO,MUERTO
2024.0,10263.0,NO APLICA,2024-05-11,,NOCHE,SÁBADO,CENTRO,CARRERA 32 CALLE 32,URBANA,TECNICO,"3,5294","-76,3023",SEMAFORO EN ROJO,142.0,MOTOCICLISTA,"65,0",MASCULINO,LESIONADO
2024.0,10263.0,NO APLICA,2024-05-11,,NOCHE,SÁBADO,CENTRO,CARRERA 32 CALLE 32,URBANA,TECNICO,"3,5294","-76,3023",SEMAFORO EN ROJO,142.0,MOTOCICLISTA,"54,0",FEMENINO,LESIONADO
2024.0,10264.0,NO APLICA,2024-05-11,,NOCHE,SÁBADO,EMILIA,CALLE 35 CARRERA 36,URBANA,TECNICO,"3,5331","-76,3064",DESOBEDECER SEÑALES O NORMAS DE TRANSITO,112.0,MOTOCICLISTA,"16,0",MASCULINO,LESIONADO
2024.0,10264.0,NO APLICA,2024-05-11,,NOCHE,SÁBADO,EMILIA,CALLE 35 CARRERA 36,URBANA,TECNICO,"3,5331","-76,3064",DESOBEDECER SEÑALES O NORMAS DE TRANSITO,112.0,NO APLICA,"39,0",MASCULINO,NO APLICA
2024.0,10265.0,NO APLICA,2024-05-09,,TARDE,JUEVES,CENTRO,CALLE 29 CARRERA 33,URBANA,TECNICO,"3,5267","-76,3034",NO RESPETAR PRELACIÓN,132.0,ACOMPAÑANTE MOTOCICLISTA,"25,0",FEMENINO,LESIONADO
2024.0,10265.0,NO APLICA,2024-05-09,,TARDE,JUEVES,CENTRO,CALLE 29 CARRERA 33,URBANA,TECNICO,"3,5267","-76,3034",NO RESPETAR PRELACIÓN,132.0,MOTOCICLISTA,"26,0",MASCULINO,LESIONADO
2024.0,10265.0,NO APLICA,2024-05-09,,TARDE,JUEVES,CENTRO,CALLE 29 CARRERA 33,URBANA,TECNICO,"3,5267","-76,3034",NO RESPETAR PRELACIÓN,132.0,NO APLICA,"73,0",MASCULINO,NO APLICA
2024.0,10266.0,NO APLICA,2024-05-15,,MAÑANA,MIÉRCOLES,URIBE,CALLE 35 CARRERA 20,URBANA,TECNICO,"3,5311","-76,2916",DESOBEDECER SEÑALES O NORMAS DE TRANSITO,112.0,NO APLICA,"34,0",FEMENINO,NO APLICA
2024.0,10266.0,NO APLICA,2024-05-15,,MAÑANA,MIÉRCOLES,URIBE,CALLE 35 CARRERA 20,URBANA,TECNICO,"3,5311","-76,2916",DESOBEDECER SEÑALES O NORMAS DE TRANSITO,112.0,CONDUCTOR,"79,0",MASCULINO,LESIONADO
2024.0,10267.0,NO APLICA,2024-05-15,,TARDE,MIÉRCOLES,SEMBRADOR,CALLE 23 CARRERA 21,URBANA,TECNICO,"3,5207","-76,2935",NO MANTENER DISTANCIA SEGURIDAD,121.0,NO APLICA,"56,0",MASCULINO,NO APLICA
2024.0,10267.0,NO APLICA,2024-05-15,,TARDE,MIÉRCOLES,SEMBRADOR,CALLE 23 CARRERA 21,URBANA,TECNICO,"3,5207","-76,2935",NO MANTENER DISTANCIA SEGURIDAD,121.0,NO APLICA,"25,0",MASCULINO,NO APLICA