a_o,ipat,clase_siniestro,fecha,hora,jornada,dia_semana,barrios_corregimiento_via,direccion,zona,autoridad,lat,long,hipotesis,codigo,condicion_de_la_victima,edad,genero,lesionados_y_muertos
2024.0,GCV10507,CHOQUE,2024-11-04,,TARDE,LUNES,LAS FLORES,CALLE 30 ENTRE CARRERAS 2 Y 3,URBANA,TECNICO,"3,5219","-76,279","OTRA, REALIZAR MANEOBRA DE GIRO A LA IZQUIERDA SIN TOMAR LAS DEBIDAS PRECAUCIONES",157.0,CONDUCTOR,"50,0",MASCULINO,NO APLICA
2024.0,GCV10507,CHOQUE,2024-11-04,,TARDE,LUNES,LAS FLORES,CALLE 30 ENTRE CARRERAS 2 Y 3,URBANA,TECNICO,"3,5219","-76,279","OTRA, REALIZAR MANEOBRA DE GIRO A LA IZQUIERDA SIN TOMAR LAS DEBIDAS PRECAUCIONES",157.0,MOTOCICLISTA,"74,0",MASCULINO,LESIONADO
2024.0,GCV10508,CHOQUE,2024-11-05,,MAÑANA,MARTES,BARRIO NUEVO,CARRERA 33 CON CALLE 27 B/  NUEVO,URBANA,TECNICO,"3,5251","-76,3036",DESOBEDECER SEÑALES O NORMAS DE TRANSITO,112.0,MOTOCICLISTA,"34,0",MASCULINO,LESIONADO
2024.0,GCV10508,CHOQUE,2024-11-05,,MAÑANA,MARTES,BARRIO NUEVO,CARRERA 33 CON CALLE 27 B/  NUEVO,URBANA,TECNICO,"3,5251","-76,3036",DESOBEDECER SEÑALES O NORMAS DE TRANSITO,112.0,ACOMPAÑANTE MOTOCICLISTA,"30,0",FEMENINO,LESIONADO
2024.0,GCV10508,CHOQUE,2024-11-05,,MAÑANA,MARTES,BARRIO NUEVO,CARRERA 33 CON CALLE 27 B/  NUEVO,URBANA,TECNICO,"3,5251","-76,3036",DESOBEDECER SEÑALES O NORMAS DE TRANSITO,112.0,CONDUCTOR,"43,0",MASCULINO,NO APLICA
2024.0,GCV10509,CHOQUE,2024-11-05,,TARDE,MARTES,BIZERTA,CARRERA 19 CON CALLE 36,URBANA,TECNICO,"3,5318","-76,2904",ADELANTAR EN ZONA PROHIBIDA,105.0,CONDUCTOR,"64,0",MASCULINO,NO APLICA
2024.0,GCV10509,CHOQUE,2024-11-05,,TARDE,MARTES,BIZERTA,CARRERA 19 CON CALLE 36,URBANA,TECNICO,"3,5318","-76,2904",ADELANTAR EN ZONA PROHIBIDA,105.0,MOTOCICLISTA,"21,0",MASCULINO,LESIONADO
2024.0,GCV10509,CHOQUE,2024-11-05,,TARDE,MARTES,BIZERTA,CARRERA 19 CON CALLE 36,URBANA,TECNICO,"3,5318","-76,2904",ADELANTAR EN ZONA PROHIBIDA,105.0,CONDUCTOR,"53,0",MASCULINO,NO APLICA
2024.0,GCV10510,CHOQUE,2024-11-05,,NOCHE,MARTES,PALMERAS DE MARSELLA,CARRERA 1 CON CALLE 35F PALMIRA,URBANA,TECNICO,"3,5293","-76,2774",NO MANTENER DISTANCIA SEGURIDAD,121.0,ACOMPAÑANTE MOTOCICLISTA,"33,0",FEMENINO,LESIONADO
2024.0,GCV10510,CHOQUE,2024-11-05,,NOCHE,MARTES,PALMERAS DE MARSELLA,CARRERA 1 CON CALLE 35F PALMIRA,URBANA,TECNICO,"3,5293","-76,2774",NO MANTENER DISTANCIA SEGURIDAD,121.0,MOTOCICLISTA,"45,0",MASCULINO,LESIONADO
2024.0,GCV10510,CHOQUE,2024-11-05,,NOCHE,MARTES,PALMERAS DE MARSELLA,CARRERA 1 CON CALLE 35F PALMIRA,URBANA,TECNICO,"3,5293","-76,2774",NO MANTENER DISTANCIA SEGURIDAD,121.0,MOTOCICLISTA,"23,0",MASCULINO,LESIONADO
2024.0,GCV10511,CHOQUE,2024-11-07,,TARDE,JUEVES,TRINIDAD,CARRERA 25 CON CALLE 27,URBANA,TECNICO,"3,5241","-76,2968",DESOBEDECER SEÑALES O NORMAS DE TRANSITO,112.0,MOTOCICLISTA,"39,0",MASCULINO,LESIONADO
2024.0,GCV10511,CHOQUE,2024-11-07,,TARDE,JUEVES,TRINIDAD,CARRERA 25 CON CALLE 27,URBANA,TECNICO,"3,5241","-76,2968",DESOBEDECER SEÑALES O NORMAS DE TRANSITO,112.0,ACOMPAÑANTE MOTOCICLISTA,"32,0",MASCULINO,LESIONADO
2024.0,GCV10511,CHOQUE,2024-11-07,,TARDE,JUEVES,TRINIDAD,CARRERA 25 CON CALLE 27,URBANA,TECNICO,"3,5241","-76,2968",DESOBEDECER SEÑALES O NORMAS DE TRANSITO,112.0,MOTOCICLISTA,"22,0",MASCULINO,LESIONADO
2024.0,GCV10512,CHOQUE,2024-11-08,,MAÑANA,VIERNES,CENTRO,CARRERA 33A CON CALLE 28,URBANA,TECNICO,"3,5261","-76,3045","OTRA, NO ESTAR PENDIENTE DE LA VIA NI DELAS ACCIONES DE LOS DEMAS ACTORES VIALES",157.0,CONDUCTOR,"47,0",MASCULINO,NO APLICA
2024.0,GCV10512,CHOQUE,2024-11-08,,MAÑANA,VIERNES,CENTRO,CARRERA 33A CON CALLE 28,URBANA,TECNICO,"3,5261","-76,3045","OTRA, NO ESTAR PENDIENTE DE LA VIA NI DELAS ACCIONES DE LOS DEMAS ACTORES VIALES",157.0,MOTOCICLISTA,"22,0",FEMENINO,LESIONADO
2024.0,GCV10513,CHOQUE,2024-11-08,,MAÑANA,VIERNES,ALFONSO LOPEZ,CALLE 42 CON CARRERA 31A,URBANA,TECNICO,"3,5382","-76,2998",ADELANTAR CERRANDO,103.0,CICLISTA,"67,0",MASCULINO,LESIONADO
2024.0,GCV10513,CHOQUE,2024-11-08,,MAÑANA,VIERNES,ALFONSO LOPEZ,CALLE 42 CON CARRERA 31A,URBANA,TECNICO,"3,5382","-76,2998",ADELANTAR CERRANDO,103.0,CONDUCTOR,"54,0",MASCULINO,NO APLICA
2024.0,GCV10514,CHOQUE,2024-11-08,,TARDE,VIERNES,POMONA,CALLE 33 CON CARRERA 34,URBANA,TECNICO,"3,5312","-76,3041",DESOBEDECER SEÑALES O NORMAS DE TRANSITO,112.0,MOTOCICLISTA,"52,0",FEMENINO,LESIONADO
2024.0,GCV10514,CHOQUE,2024-11-08,,TARDE,VIERNES,POMONA,CALLE 33 CON CARRERA 34,URBANA,TECNICO,"3,5312","-76,3041",DESOBEDECER SEÑALES O NORMAS DE TRANSITO,112.0,CONDUCTOR,"63,0",MASCULINO,NO APLICA
2024.0,GCV10514,CHOQUE,2024-11-08,,TARDE,VIERNES,POMONA,CALLE 33 CON CARRERA 34,URBANA,TECNICO,"3,5312","-76,3041",DESOBEDECER SEÑALES O NORMAS DE TRANSITO,112.0,ACOMPAÑANTE MOTOCICLISTA,"4,0",FEMENINO,LESIONADO
2024.0,GCV10515,CHOQUE,2024-11-08,,NOCHE,VIERNES,RECREO,CALLE 18 CON CARRERA 25,URBANA,TECNICO,"3,5168","-76,2978",IMPERICIA EN EL MANEJO,139.0,CONDUCTOR,"49,0",MASCULINO,NO APLICA
2024.0,GCV10515,CHOQUE,2024-11-08,,NOCHE,VIERNES,RECREO,CALLE 18 CON CARRERA 25,URBANA,TECNICO,"3,5168","-76,2978",IMPERICIA EN EL MANEJO,139.0,MOTOCICLISTA,"19,0",MASCULINO,LESIONADO
2024.0,GCV10516,CHOQUE,2024-11-09,,NOCHE,SÁBADO,TRINIDAD,CALLE 30 CON CARRERA 20 PALMIRA,URBANA,TECNICO,"3,5261","-76,2922",DESOBEDECER SEÑALES O NORMAS DE TRANSITO,112.0,CONDUCTOR,"19,0",MASCULINO,LESIONADO
2024.0,GCV10516,CHOQUE,2024-11-09,,NOCHE,SÁBADO,TRINIDAD,CALLE 30 CON CARRERA 20 PALMIRA,URBANA,TECNICO,"3,5261","-76,2922",DESOBEDECER SEÑALES O NORMAS DE TRANSITO,112.0,CONDUCTOR,"22,0",MASCULINO,LESIONADO
2024.0,GCV10516,CHOQUE,2024-11-09,,NOCHE,SÁBADO,TRINIDAD,CALLE 30 CON CARRERA 20 PALMIRA,URBANA,TECNICO,"3,5261","-76,2922",DESOBEDECER SEÑALES O NORMAS DE TRANSITO,112.0,ACOMPAÑANTE CONDUCTOR,"24,0",FEMENINO,LESIONADO
2024.0,GCV10517,CHOQUE,2024-11-10,,TARDE,DOMINGO,LA TRINIDAD,CALLE 31 CON CARRERA 20,URBANA,TECNICO,"3,527","-76,2921","OTRA, PONER EN MARCHA UN VEHÍCULO SIN LADEBIDA PRECAUCIÓN POSTERIOR A REALIZAR EL PARE",157.0,MOTOCICLISTA,"21,0",MASCULINO,LESIONADO
2024.0,GCV10517,CHOQUE,2024-11-10,,TARDE,DOMINGO,LA TRINIDAD,CALLE 31 CON CARRERA 20,URBANA,TECNICO,"3,527","-76,2921","OTRA, PONER EN MARCHA UN VEHÍCULO SIN LADEBIDA PRECAUCIÓN POSTERIOR A REALIZAR EL PARE",157.0,CONDUCTOR,"28,0",MASCULINO,NO APLICA
2024.0,GCV10518,ATROPELLO,2024-11-11,,TARDE,LUNES,CIUDAD DEL CAMPO,CALLE 100 CON CARRERA 23 CIUDAD DEL CAMPO,RURAL,TECNICO,"3,4571","-76,4675",CRUZAR SIN OBSERVAR,409.0,MOTOCICLISTA,"20,0",MASCULINO,NO APLICA
2024.0,GCV10519,CHOQUE,2024-11-13,,NOCHE,MIÉRCOLES,CENTRO,CARRERA 32 FRENTE AL No 31-15,URBANA,TECNICO,"3,5287","-76,3024",OTRA - POR ESTABLECER,157.0,CONDUCTOR,"79,0",MASCULINO,NO APLICA
2024.0,GCV10519,CHOQUE,2024-11-13,,NOCHE,MIÉRCOLES,CENTRO,CARRERA 32 FRENTE AL No 31-15,URBANA,TECNICO,"3,5287","-76,3024",OTRA - POR ESTABLECER,157.0,CICLISTA,"72,0",MASCULINO,LESIONADO
2024.0,GCV10520,CHOQUE,2024-11-13,,NOCHE,MIÉRCOLES,BIZERTA,CARRERA 19 CON CALLE 35 PALMIRA,URBANA,TECNICO,"3,531","-76,2904",PASAR SEMAFORO EN LUZ ROJA O AMARILLA,142.0,MOTOCICLISTA,"26,0",FEMENINO,LESIONADO
2024.0,GCV10520,CHOQUE,2024-11-13,,NOCHE,MIÉRCOLES,BIZERTA,CARRERA 19 CON CALLE 35 PALMIRA,URBANA,TECNICO,"3,531","-76,2904",PASAR SEMAFORO EN LUZ ROJA O AMARILLA,142.0,MOTOCICLISTA,"42,0",MASCULINO,LESIONADO
2024.0,GCV10521,CHOQUE,2024-11-14,,TARDE,JUEVES,ZAMORANO,CARRERA 31 No 67-27,URBANA,TECNICO,"3,5574","-76,2964","OTRA, INVADIR CARRIL DE OTRO QUE VIENE EN SENTIDO CONTRARIO",157.0,MOTOCICLISTA,"56,0",MASCULINO,NO APLICA
2024.0,GCV10521,CHOQUE,2024-11-14,,TARDE,JUEVES,ZAMORANO,CARRERA 31 No 67-27,URBANA,TECNICO,"3,5574","-76,2964","OTRA, INVADIR CARRIL DE OTRO QUE VIENE EN SENTIDO CONTRARIO",157.0,MOTOCICLISTA,"34,0",MASCULINO,LESIONADO
2024.0,GCV10521,CHOQUE,2024-11-14,,TARDE,JUEVES,ZAMORANO,CARRERA 31 No 67-27,URBANA,TECNICO,"3,5574","-76,2964","OTRA, INVADIR CARRIL DE OTRO QUE VIENE EN SENTIDO CONTRARIO",157.0,ACOMPAÑANTE MOTOCICLISTA,"54,0",FEMENINO,LESIONADO
2024.0,GCV10522,CHOQUE,2024-11-14,,TARDE,JUEVES,URIBE URIBE,CARRERA 23 CON CALLE 32,URBANA,TECNICO,"3,5291","-76,2943",DESOBEDECER SEÑALES O NORMAS DE TRANSITO,112.0,MOTOCICLISTA,"26,0",MASCULINO,LESIONADO
2024.0,GCV10522,CHOQUE,2024-11-14,,TARDE,JUEVES,URIBE URIBE,CARRERA 23 CON CALLE 32,URBANA,TECNICO,"3,5291","-76,2943",DESOBEDECER SEÑALES O NORMAS DE TRANSITO,112.0,CONDUCTOR,"77,0",FEMENINO,NO APLICA
2024.0,GCV10523,CHOQUE,2024-11-14,,NOCHE,JUEVES,EL PARAISO,TRANSVERSAL 30 CON CARRERA 5E,URBANA,TECNICO,"3,5164","-76,2735",Adelantar invadiendo carril de sentido contrario.,104.0,CONDUCTOR,"39,0",MASCULINO,NO APLICA
2024.0,GCV10523,CHOQUE,2024-11-14,,NOCHE,JUEVES,EL PARAISO,TRANSVERSAL 30 CON CARRERA 5E,URBANA,TECNICO,"3,5164","-76,2735",Adelantar invadiendo carril de sentido contrario.,104.0,MOTOCICLISTA,"25,0",MASCULINO,MUERTO
2024.0,GCV10524,CHOQUE,2024-11-15,,MAÑANA,VIERNES,LORETO,CARRERA 34 CON CALLE 36 PALMIRA,URBANA,TECNICO,"3,5337","-76,3036",DESOBEDECER SEÑALES O NORMAS DE TRANSITO,112.0,MOTOCICLISTA,"26,0",FEMENINO,LESIONADO
2024.0,GCV10524,CHOQUE,2024-11-15,,MAÑANA,VIERNES,LORETO,CARRERA 34 CON CALLE 36 PALMIRA,URBANA,TECNICO,"3,5337","-76,3036",DESOBEDECER SEÑALES O NORMAS DE TRANSITO,112.0,CONDUCTOR,"25,0",MASCULINO,NO APLICA
2024.0,GCV10525,CHOQUE,2024-11-16,,MADRUGADA,SÁBADO,BERLIN,CALLE 42 CON CARRERA 32,URBANA,TECNICO,"3,5385","-76,3009",PASAR SEMAFORO EN LUZ ROJA O AMARILLA,142.0,MOTOCICLISTA,"36,0",MASCULINO,LESIONADO
2024.0,GCV10525,CHOQUE,2024-11-16,,MADRUGADA,SÁBADO,BERLIN,CALLE 42 CON CARRERA 32,URBANA,TECNICO,"3,5385","-76,3009",PASAR SEMAFORO EN LUZ ROJA O AMARILLA,142.0,MOTOCICLISTA,"33,0",MASCULINO,LESIONADO
2024.0,GCV10526,CHOQUE,2024-11-16,,MADRUGADA,SÁBADO,SANTA MARIA DEL PALMAR,CALLE 42C CON TRANSVERSAL 2,URBANA,TECNICO,"3,5379","-76,2784","OTRA, PERDIDA DE CONTROL DEL VEHICULO",157.0,MOTOCICLISTA,"37,0",MASCULINO,LESIONADO
2024.0,GCV10527,CHOQUE,2024-11-18,,TARDE,LUNES,PORTALES DE NIZA,CALLE 22 CON CARRERA 30,URBANA,TECNICO,"3,5205","-76,3019",DESOBEDECER SEÑALES O NORMAS DE TRANSITO,112.0,ACOMPAÑANTE MOTOCICLISTA,"20,0",FEMENINO,LESIONADO
2024.0,GCV10527,CHOQUE,2024-11-18,,TARDE,LUNES,PORTALES DE NIZA,CALLE 22 CON CARRERA 30,URBANA,TECNICO,"3,5205","-76,3019",DESOBEDECER SEÑALES O NORMAS DE TRANSITO,112.0,MOTOCICLISTA,"25,0",MASCULINO,LESIONADO
2024.0,GCV10527,CHOQUE,2024-11-18,,TARDE,LUNES,PORTALES DE NIZA,CALLE 22 CON CARRERA 30,URBANA,TECNICO,"3,5205","-76,3019",DESOBEDECER SEÑALES O NORMAS DE TRANSITO,112.0,CONDUCTOR,"40,0",MASCULINO,NO APLICA
2024.0,GCV10528,CHOQUE,2024-11-19,,NOCHE,MARTES,LA ITALIA,CARRERA 32 CON CALLE 10 PALMIRA,URBANA,TECNICO,"3,5093","-76,3074",NO RESPETAR PRELACIÓN,132.0,NO APLICA,"44,0",MASCULINO,NO APLICA
2024.0,GCV10528,CHOQUE,2024-11-19,,NOCHE,MARTES,LA ITALIA,CARRERA 32 CON CALLE 10 PALMIRA,URBANA,TECNICO,"3,5093","-76,3074",NO RESPETAR PRELACIÓN,132.0,MOTOCICLISTA,"30,0",MASCULINO,LESIONADO
2024.0,GCV10529,CHOQUE,2024-11-20,,NOCHE,MIÉRCOLES,PRIMERO DE MAYO,CALLE 42 CON CARRERA 13 B/ PRIMERO MAYO - PALMIRA,URBANA,TECNICO,"3,5369","-76,2857",Exceso de velocidad,116.0,CICLISTA,"74,0",MASCULINO,LESIONADO
2024.0,GCV10529,CHOQUE,2024-11-20,,NOCHE,MIÉRCOLES,PRIMERO DE MAYO,CALLE 42 CON CARRERA 13 B/ PRIMERO MAYO - PALMIRA,URBANA,TECNICO,"3,5369","-76,2857",Exceso de velocidad,116.0,CONDUCTOR,"30,0",MASCULINO,LESIONADO
2024.0,GCV10530,CHOQUE,2024-11-22,,MAÑANA,VIERNES,EMILIA,CARRERA 35 CON CALLE 36 PALMIRA,URBANA,TECNICO,"3,5337","-76,3038",ADELANTAR POR LA DERECHA,102.0,MOTOCICLISTA,"88,0",MASCULINO,MUERTO
2024.0,GCV10530,CHOQUE,2024-11-22,,MAÑANA,VIERNES,EMILIA,CARRERA 35 CON CALLE 36 PALMIRA,URBANA,TECNICO,"3,5337","-76,3038",ADELANTAR POR LA DERECHA,102.0,CONDUCTOR,"44,0",MASCULINO,NO APLICA
2024.0,GCV10531,CHOQUE,2024-11-22,,TARDE,VIERNES,JUAN PABLO II,CARRERA 42 CON CALLE 49,URBANA,TECNICO,"3,5437","-76,3124",DESOBEDECER SEÑALES O NORMAS DE TRANSITO,112.0,MOTOCICLISTA,"23,0",MASCULINO,LESIONADO
2024.0,GCV10531,CHOQUE,2024-11-22,,TARDE,VIERNES,JUAN PABLO II,CARRERA 42 CON CALLE 49,URBANA,TECNICO,"3,5437","-76,3124",DESOBEDECER SEÑALES O NORMAS DE TRANSITO,112.0,CONDUCTOR,"73,0",MASCULINO,NO APLICA
2024.0,GCV10532,CHOQUE,2024-11-22,,NOCHE,VIERNES,FRAY LUIS AMIGO,CALLE 42 CON CARRERA 43 PALMIRA,URBANA,TECNICO,"3,5387","-76,3146","OTRA, CRUZAR SIN PRECAUCIÓN PARA EVITAR ACCIDENTE",157.0,CICLISTA,"20,0",FEMENINO,LESIONADO
2024.0,GCV10532,CHOQUE,2024-11-22,,NOCHE,VIERNES,FRAY LUIS AMIGO,CALLE 42 CON CARRERA 43 PALMIRA,URBANA,TECNICO,"3,5387","-76,3146","OTRA, CRUZAR SIN PRECAUCIÓN PARA EVITAR ACCIDENTE",157.0,MOTOCICLISTA,"37,0",MASCULINO,LESIONADO
2024.0,GCV10533,CHOQUE,2024-11-22,,MAÑANA,VIERNES,OBRERO,CALLE 33 CON CARRERA 24 PALMIRA,URBANA,TECNICO,"3,5298","-76,2952",DESOBEDECER SEÑALES O NORMAS DE TRANSITO,112.0,CONDUCTOR,"45,0",MASCULINO,NO APLICA
2024.0,GCV10533,CHOQUE,2024-11-22,,MAÑANA,VIERNES,OBRERO,CALLE 33 CON CARRERA 24 PALMIRA,URBANA,TECNICO,"3,5298","-76,2952",DESOBEDECER SEÑALES O NORMAS DE TRANSITO,112.0,CONDUCTOR,"66,0",MASCULINO,NO APLICA
2024.0,GCV10534,CHOQUE,2024-11-22,,MAÑANA,VIERNES,SAN CAYETANO,CARRERA 24 CON CALLE 41 PALMIRA,URBANA,TECNICO,"3,5367","-76,2941",DESOBEDECER SEÑALES O NORMAS DE TRANSITO,112.0,CONDUCTOR,"38,0",MASCULINO,NO APLICA
2024.0,GCV10534,CHOQUE,2024-11-22,,MAÑANA,VIERNES,SAN CAYETANO,CARRERA 24 CON CALLE 41 PALMIRA,URBANA,TECNICO,"3,5367","-76,2941",DESOBEDECER SEÑALES O NORMAS DE TRANSITO,112.0,MOTOCICLISTA,"23,0",MASCULINO,LESIONADO
2024.0,GCV10535,ATROPELLO,2024-11-24,,MAÑANA,DOMINGO,SANTA RITA,CARRERA 28 CON CALE 35 PALMIRA,URBANA,TECNICO,"3,532","-76,2982",CRUZAR SIN OBSERVAR,409.0,MOTOCICLISTA,"25,0",MASCULINO,NO APLICA
2024.0,GCV10535,ATROPELLO,2024-11-24,,MAÑANA,DOMINGO,SANTA RITA,CARRERA 28 CON CALE 35 PALMIRA,URBANA,TECNICO,"3,532","-76,2982",CRUZAR SIN OBSERVAR,409.0,PEATÓN,"76,0",MASCULINO,LESIONADO
2024.0,GCV10536,CHOQUE,2024-11-25,,MAÑANA,LUNES,LA ORLIDIA,CALLE 44 No 2E - 4E PALMIRA,URBANA,TECNICO,"3,5421","-76,2744",NO MANTENER DISTANCIA SEGURIDAD,121.0,CONDUCTOR,"45,0",MASCULINO,NO APLICA
2024.0,GCV10536,CHOQUE,2024-11-25,,MAÑANA,LUNES,LA ORLIDIA,CALLE 44 No 2E - 4E PALMIRA,URBANA,TECNICO,"3,5421","-76,2744",NO MANTENER DISTANCIA SEGURIDAD,121.0,CONDUCTOR,"51,0",MASCULINO,LESIONADO
2024.0,GCV10536,CHOQUE,2024-11-25,,MAÑANA,LUNES,LA ORLIDIA,CALLE 44 No 2E - 4E PALMIRA,URBANA,TECNICO,"3,5421","-76,2744",NO MANTENER DISTANCIA SEGURIDAD,121.0,ACOMPAÑANTE CONDUCTOR,"87,0",FEMENINO,LESIONADO
2024.0,GCV10536,CHOQUE,2024-11-25,,MAÑANA,LUNES,LA ORLIDIA,CALLE 44 No 2E - 4E PALMIRA,URBANA,TECNICO,"3,5421","-76,2744",NO MANTENER DISTANCIA SEGURIDAD,121.0,CONDUCTOR,"49,0",MASCULINO,NO APLICA
2024.0,GCV10536,CHOQUE,2024-11-25,,MAÑANA,LUNES,LA ORLIDIA,CALLE 44 No 2E - 4E PALMIRA,URBANA,TECNICO,"3,5421","-76,2744",NO MANTENER DISTANCIA SEGURIDAD,121.0,ACOMPAÑANTE CONDUCTOR,"66,0",FEMENINO,LESIONADO
2024.0,GCV10537,CHOQUE,2024-11-25,,NOCHE,LUNES,CALLE 31 PUENTE LA Y,CALLE 31 VIA A CALI KM1 PALMIRA,URBANA,TECNICO,"3,5285","-76,3209",OTRA - POR ESTABLECER,157.0,MOTOCICLISTA,"38,0",MASCULINO,LESIONADO
2024.0,GCV10537,CHOQUE,2024-11-25,,NOCHE,LUNES,CALLE 31 PUENTE LA Y,CALLE 31 VIA A CALI KM1 PALMIRA,URBANA,TECNICO,"3,5285","-76,3209",OTRA - POR ESTABLECER,157.0,MOTOCICLISTA,"25,0",MASCULINO,LESIONADO
2024.0,GCV10538,CHOQUE,2024-11-26,,MAÑANA,MARTES,INDUSTRIAL,CALLE 42 CON CARRERA 35,URBANA,TECNICO,"3,539","-76,3066","OTRA, POR ESTABLECER",157.0,CONDUCTOR,"46,0",FEMENINO,NO APLICA
2024.0,GCV10538,CHOQUE,2024-11-26,,MAÑANA,MARTES,INDUSTRIAL,CALLE 42 CON CARRERA 35,URBANA,TECNICO,"3,539","-76,3066","OTRA, POR ESTABLECER",157.0,CICLISTA,"47,0",FEMENINO,LESIONADO
2024.0,GCV10539,CHOQUE,2024-11-27,,TARDE,MIÉRCOLES,SAN PEDRO,CALLE 36 CON CARRERA 13,URBANA,TECNICO,"3,5324","-76,2856",TRANSITAR EN CONTRAVIA,127.0,MOTOCICLISTA,"46,0",FEMENINO,LESIONADO
2024.0,GCV10539,CHOQUE,2024-11-27,,TARDE,MIÉRCOLES,SAN PEDRO,CALLE 36 CON CARRERA 13,URBANA,TECNICO,"3,5324","-76,2856",TRANSITAR EN CONTRAVIA,127.0,MOTOCICLISTA,"19,0",MASCULINO,LESIONADO
2024.0,GCV10540,ATROPELLO,2024-11-29,,MAÑANA,VIERNES,CHAPINERO SUR,CARRERA 32 CON DIAGONAL 4B PALMIRA,URBANA,TECNICO,"3,506","-76,314","OTRA, NO ESTAR PENDIENTE DE LA VIA NI DELAS ACCIONES DE LOS DEMAS ACTORES VIALES",157.0,MOTOCICLISTA,"20,0",MASCULINO,LESIONADO
2024.0,GCV10541,CHOQUE,2024-11-29,,NOCHE,VIERNES,LAS FLORES,CARRERA 3 CON CALLE 23 PALMIRA,URBANA,TECNICO,"3,5197","-76,2795",DESOBEDECER SEÑALES O NORMAS DE TRANSITO,112.0,MOTOCICLISTA,"25,0",MASCULINO,LESIONADO
2024.0,GCV10541,CHOQUE,2024-11-29,,NOCHE,VIERNES,LAS FLORES,CARRERA 3 CON CALLE 23 PALMIRA,URBANA,TECNICO,"3,5197","-76,2795",DESOBEDECER SEÑALES O NORMAS DE TRANSITO,112.0,ACOMPAÑANTE MOTOCICLISTA,"25,0",FEMENINO,LESIONADO
2024.0,GCV10541,CHOQUE,2024-11-29,,NOCHE,VIERNES,LAS FLORES,CARRERA 3 CON CALLE 23 PALMIRA,URBANA,TECNICO,"3,5197","-76,2795",DESOBEDECER SEÑALES O NORMAS DE TRANSITO,112.0,ACOMPAÑANTE MOTOCICLISTA,"53,0",FEMENINO,LESIONADO
2024.0,GCV10541,CHOQUE,2024-11-29,,NOCHE,VIERNES,LAS FLORES,CARRERA 3 CON CALLE 23 PALMIRA,URBANA,TECNICO,"3,5197","-76,2795",DESOBEDECER SEÑALES O NORMAS DE TRANSITO,112.0,MOTOCICLISTA,"22,0",FEMENINO,LESIONADO
2024.0,GCV10542,CHOQUE,2024-11-29,,NOCHE,VIERNES,EMILIA,CARRERA 36 CON CALLE 37 PALMIRA,URBANA,TECNICO,"3,5346","-76,3075",DESOBEDECER SEÑALES O NORMAS DE TRANSITO,112.0,ACOMPAÑANTE MOTOCICLISTA,"21,0",FEMENINO,LESIONADO
2024.0,GCV10542,CHOQUE,2024-11-29,,NOCHE,VIERNES,EMILIA,CARRERA 36 CON CALLE 37 PALMIRA,URBANA,TECNICO,"3,5346","-76,3075",DESOBEDECER SEÑALES O NORMAS DE TRANSITO,112.0,MOTOCICLISTA,"36,0",FEMENINO,LESIONADO
2024.0,GCV10542,CHOQUE,2024-11-29,,NOCHE,VIERNES,EMILIA,CARRERA 36 CON CALLE 37 PALMIRA,URBANA,TECNICO,"3,5346","-76,3075",DESOBEDECER SEÑALES O NORMAS DE TRANSITO,112.0,MOTOCICLISTA,"22,0",FEMENINO,LESIONADO
2024.0,GCV10543,CHOQUE,2024-11-30,,TARDE,SÁBADO,PATIO BONITO,CARRERA 19 CON CALLE 32 PALMIRA,URBANA,TECNICO,"3,5278","-76,2911",NO RESPETAR PRELACIÓN,132.0,MOTOCICLISTA,"25,0",MASCULINO,LESIONADO
2024.0,GCV10543,CHOQUE,2024-11-30,,TARDE,SÁBADO,PATIO BONITO,CARRERA 19 CON CALLE 32 PALMIRA,URBANA,TECNICO,"3,5278","-76,2911",NO RESPETAR PRELACIÓN,132.0,CONDUCTOR,"60,0",MASCULINO,NO APLICA
2024.0,GCV10544,CHOQUE,2024-11-30,,NOCHE,SÁBADO,DANUBIO,CARRERA 19 CON CALLE 34 PALMIRA,URBANA,TECNICO,"3,5301","-76,2904",NO RESPETAR PRELACIÓN DE INTERSECCIÓN O GIROS,123.0,CONDUCTOR,"49,0",MASCULINO,LESIONADO
2024.0,GCV10544,CHOQUE,2024-11-30,,NOCHE,SÁBADO,DANUBIO,CARRERA 19 CON CALLE 34 PALMIRA,URBANA,TECNICO,"3,5301","-76,2904",NO RESPETAR PRELACIÓN DE INTERSECCIÓN O GIROS,123.0,MOTOCICLISTA,"20,0",MASCULINO,LESIONADO